place_id,name,description,is_spending_on_ads,competitors,reviews,website,owner_name,owner_profile_link,featured_image,main_category,categories,rating,workday_timing,closed_on,phone,address,review_keywords,link,status,price_range,reviews_per_rating_1,reviews_per_rating_2,reviews_per_rating_3,reviews_per_rating_4,reviews_per_rating_5,featured_question,reviews_link,coordinates,plus_code,address_ward,address_street,address_city,address_postal_code,address_state,address_country_code,time_zone,cid,data_id,menu_link,reservations,order_online_links,offerings_enabled,offerings_disabled,hours,most_popular_times,popular_times,service_options_enabled,service_options_disabled,accessibility_enabled,accessibility_disabled,dining_options_enabled,dining_options_disabled,amenities_enabled,amenities_disabled,crowd_enabled,crowd_disabled,atmosphere_enabled,atmosphere_disabled,children_enabled,children_disabled,planning_enabled,planning_disabled
ChIJ1YiUy6jagRIRrzQrHQrJm9U,Hoggar cafe,,False,"Name: GOUGIH
link: https://www.google.com/maps/search/GOUGIH/@35.3955029,0.1457413?authuser=0&hl=en&entry=ttu
Reviews: 6 reviews

Name: mqh~ `rf@
link: https://www.google.com/maps/search/%D9%85%D9%82%D9%87%D9%89+%D8%B9%D8%B1%D9%81%D8%A9/@35.4149483,0.1444346?authuser=0&hl=en&entry=ttu
Reviews: 2 reviews",17,,Hoggar cafe (Owner),,https://lh5.googleusercontent.com/p/AF1QipPbgCprOnhBwHJMbn-JPvS9ZzytEnjX_v4it3TB=w426-h240-k-no,Coffee shop,Coffee shop,4.1,,Open All Days,,"C524+RF5 Hoggar cafe, Rue Bouktab Mohamed, Mascara, Algeria",,https://www.google.com/maps/place/Hoggar+cafe/data=!4m7!3m6!1s0x1281daa8cb9488d5:0xd59bc90a1d2b34af!8m2!3d35.4020171!4d0.1562297!16s%2Fg%2F1yg578n69!19sChIJ1YiUy6jagRIRrzQrHQrJm9U?authuser=0&hl=en&rclk=1,,,1,1,3,2,10,,https://search.google.com/local/reviews?placeid=ChIJ1YiUy6jagRIRrzQrHQrJm9U&q=Hoggar+cafe&authuser=0&hl=en&gl=DZ,"35.4020171,0.1562297",,Mascara,"C524+RF5, Rue Bouktab Mohamed",Mascara,,,DZ,Africa/Algiers,15392117196745028783,0x1281daa8cb9488d5:0xd59bc90a1d2b34af,,,,Coffee,,,Not Present,Not Present,,,,,,,,,,,,,,,,
ChIJM3gWZNzbgRIRXcw8ijlBeQU,Cafeteria Benani,,False,"Name: Cafeteria Mascara
link: https://www.google.com/maps/search/Caf%C3%A9teria+Mascara/@35.401514,0.1565576?authuser=0&hl=en&entry=ttu
Reviews: 22 reviews

Name: Cafeteria Le Bon Coin
link: https://www.google.com/maps/search/Caf%C3%A9t%C3%A9ria+Le+Bon+Coin/@35.3994451,0.12061319999999999?authuser=0&hl=en&entry=ttu
Reviews: 6 reviews

Name: Cafeteria casablanca
link: https://www.google.com/maps/search/Cafeteria+casablanca/@35.4002926,0.1396559?authuser=0&hl=en&entry=ttu
Reviews: 0 reviews

Name: mqh~ khlyl
link: https://www.google.com/maps/search/%D9%85%D9%82%D9%87%D9%89+%D8%AE%D9%84%D9%8A%D9%84/@35.4020988,0.1400257?authuser=0&hl=en&entry=ttu
Reviews: 0 reviews",4,,Cafeteria Benani (Owner),https://www.google.com/maps/contrib/106704045786591032381,https://lh5.googleusercontent.com/p/AF1QipPsmOxoiouu6lv1aj9-mGEERiQOt3e6QekbKccF=w408-h544-k-no,Coffee shop,Coffee shop,3.8,Open 24 hours,Open All Days,+213 775 25 26 92,"Cafeteria Benani, 29000, Sidi Said 29000, Algerie, 29000, Algeria",,https://www.google.com/maps/place/Caf%C3%A9t%C3%A9ria+Benani/data=!4m7!3m6!1s0x1281dbdc64167833:0x57941398a3ccc5d!8m2!3d35.4017425!4d0.1239525!16s%2Fg%2F11hzpkstnw!19sChIJM3gWZNzbgRIRXcw8ijlBeQU?authuser=0&hl=en&rclk=1,Open 24 hours,,1,0,0,1,2,,https://search.google.com/local/reviews?placeid=ChIJM3gWZNzbgRIRXcw8ijlBeQU&q=Caf%C3%A9t%C3%A9ria+Benani&authuser=0&hl=en&gl=DZ,"35.4017425,0.1239525","C42F+MH Mascara, Algeria",Mascara,"29000, Sidi Said 29000, Algerie",Mascara,29000,,DZ,Africa/Algiers,394418157759810653,0x1281dbdc64167833:0x57941398a3ccc5d,,,,Coffee,,"Monday: Open 24 hours
Tuesday: Open 24 hours
Wednesday: Open 24 hours
Thursday: Open 24 hours
Friday: Open 24 hours
Saturday: Open 24 hours
Sunday: Open 24 hours","6 AM, 7 AM, 1 AM
---
Time Label: 6 AM
Average Popularity: 32.285714285714285

Time Label: 7 AM
Average Popularity: 28.285714285714285

Time Label: 1 AM
Average Popularity: 27.285714285714285","Monday:
    4 AM: 14% | Usually not busy
    5 AM: 35% | Usually not too busy
    6 AM: 57% | Usually a little busy
    7 AM: 28% | Usually not too busy
    8 AM: 28% | Usually not too busy
    9 AM: 14% | Usually not busy
    10 AM: 14% | Usually not busy
    11 AM: 28% | Usually not too busy
    12 PM: 14% | Usually not busy
    1 PM: 7% | Usually not busy
    2 PM: 14% | Usually not busy
    3 PM: 21% | Usually not too busy
    4 PM: 7% | Usually not busy
    5 PM: 0% | Idle
    6 PM: 0% | Idle
    7 PM: 0% | Idle
    8 PM: 0% | Idle
    9 PM: 0% | Idle
    10 PM: 14% | Usually not busy
    11 PM: 28% | Usually not too busy
    12 AM: 64% | Usually a little busy
    1 AM: 28% | Usually not too busy
    2 AM: 14% | Usually not busy
    3 AM: 0% | Idle

Tuesday:
    4 AM: 7% | Usually not busy
    5 AM: 14% | Usually not busy
    6 AM: 42% | Usually not too busy
    7 AM: 50% | Usually not too busy
    8 AM: 42% | Usually not too busy
    9 AM: 28% | Usually not too busy
    10 AM: 21% | Usually not too busy
    11 AM: 14% | Usually not busy
    12 PM: 14% | Usually not busy
    1 PM: 7% | Usually not busy
    2 PM: 7% | Usually not busy
    3 PM: 14% | Usually not busy
    4 PM: 28% | Usually not too busy
    5 PM: 21% | Usually not too busy
    6 PM: 35% | Usually not too busy
    7 PM: 50% | Usually not too busy
    8 PM: 100% | Usually as busy as it gets
    9 PM: 78% | Usually a little busy
    10 PM: 35% | Usually not too busy
    11 PM: 21% | Usually not too busy
    12 AM: 28% | Usually not too busy
    1 AM: 57% | Usually a little busy
    2 AM: 28% | Usually not too busy
    3 AM: 14% | Usually not busy

Wednesday:
    4 AM: 14% | Usually not busy
    5 AM: 28% | Usually not too busy
    6 AM: 71% | Usually a little busy
    7 AM: 57% | Usually a little busy
    8 AM: 50% | Usually not too busy
    9 AM: 14% | Usually not busy
    10 AM: 7% | Usually not busy
    11 AM: 7% | Usually not busy
    12 PM: 7% | Usually not busy
    1 PM: 14% | Usually not busy
    2 PM: 7% | Usually not busy
    3 PM: 0% | Idle
    4 PM: 0% | Idle
    5 PM: 0% | Idle
    6 PM: 0% | Idle
    7 PM: 0% | Idle
    8 PM: 0% | Idle
    9 PM: 7% | Usually not busy
    10 PM: 14% | Usually not busy
    11 PM: 35% | Usually not too busy
    12 AM: 35% | Usually not too busy
    1 AM: 57% | Usually a little busy
    2 AM: 35% | Usually not too busy
    3 AM: 14% | Usually not busy

Thursday:
    4 AM: 14% | Usually not busy
    5 AM: 14% | Usually not busy
    6 AM: 7% | Usually not busy
    7 AM: 14% | Usually not busy
    8 AM: 14% | Usually not busy
    9 AM: 7% | Usually not busy
    10 AM: 0% | Idle
    11 AM: 0% | Idle
    12 PM: 7% | Usually not busy
    1 PM: 14% | Usually not busy
    2 PM: 7% | Usually not busy
    3 PM: 7% | Usually not busy
    4 PM: 14% | Usually not busy
    5 PM: 28% | Usually not too busy
    6 PM: 14% | Usually not busy
    7 PM: 7% | Usually not busy
    8 PM: 0% | Idle
    9 PM: 0% | Idle
    10 PM: 0% | Idle
    11 PM: 0% | Idle
    12 AM: 7% | Usually not busy
    1 AM: 28% | Usually not too busy
    2 AM: 50% | Usually not too busy
    3 AM: 21% | Usually not too busy

Friday:
    4 AM: 0% | Idle
    5 AM: 7% | Usually not busy
    6 AM: 21% | Usually not too busy
    7 AM: 21% | Usually not too busy
    8 AM: 35% | Usually not too busy
    9 AM: 28% | Usually not too busy
    10 AM: 21% | Usually not too busy
    11 AM: 0% | Idle
    12 PM: 0% | Idle
    1 PM: 0% | Idle
    2 PM: 7% | Usually not busy
    3 PM: 0% | Idle
    4 PM: 7% | Usually not busy
    5 PM: 14% | Usually not busy
    6 PM: 7% | Usually not busy
    7 PM: 7% | Usually not busy
    8 PM: 14% | Usually not busy
    9 PM: 28% | Usually not too busy
    10 PM: 14% | Usually not busy
    11 PM: 7% | Usually not busy
    12 AM: 0% | Idle
    1 AM: 0% | Idle
    2 AM: 7% | Usually not busy
    3 AM: 0% | Idle

Saturday:
    4 AM: 28% | Usually not too busy
    5 AM: 28% | Usually not too busy
    6 AM: 21% | Usually not too busy
    7 AM: 7% | Usually not busy
    8 AM: 0% | Idle
    9 AM: 0% | Idle
    10 AM: 0% | Idle
    11 AM: 14% | Usually not busy
    12 PM: 21% | Usually not too busy
    1 PM: 21% | Usually not too busy
    2 PM: 7% | Usually not busy
    3 PM: 7% | Usually not busy
    4 PM: 14% | Usually not busy
    5 PM: 7% | Usually not busy
    6 PM: 0% | Idle
    7 PM: 0% | Idle
    8 PM: 0% | Idle
    9 PM: 0% | Idle
    10 PM: 7% | Usually not busy
    11 PM: 14% | Usually not busy
    12 AM: 7% | Usually not busy
    1 AM: 14% | Usually not busy
    2 AM: 28% | Usually not too busy
    3 AM: 57% | Usually a little busy

Sunday:
    4 AM: 0% | Idle
    5 AM: 0% | Idle
    6 AM: 7% | Usually not busy
    7 AM: 21% | Usually not too busy
    8 AM: 7% | Usually not busy
    9 AM: 14% | Usually not busy
    10 AM: 14% | Usually not busy
    11 AM: 21% | Usually not too busy
    12 PM: 14% | Usually not busy
    1 PM: 14% | Usually not busy
    2 PM: 21% | Usually not too busy
    3 PM: 42% | Usually not too busy
    4 PM: 57% | Usually a little busy
    5 PM: 35% | Usually not too busy
    6 PM: 14% | Usually not busy
    7 PM: 0% | Idle
    8 PM: 0% | Idle
    9 PM: 7% | Usually not busy
    10 PM: 14% | Usually not busy
    11 PM: 7% | Usually not busy
    12 AM: 0% | Idle
    1 AM: 7% | Usually not busy
    2 AM: 0% | Idle
    3 AM: 7% | Usually not busy",Dine-in,,"Wheelchair accessible restroom, Wheelchair accessible seating",,"Breakfast, Dessert",,Restroom,,Groups,,,,,,,
ChIJY9vi00jbgRIRc0jjnuUejcY,mqh~,,False,"Name: Cafe belair
link: https://www.google.com/maps/search/Caf%C3%A9+belair/@35.4117111,0.1328059?authuser=0&hl=en&entry=ttu
Reviews: 6 reviews

Name: Pizzeria Jasmin
link: https://www.google.com/maps/search/Pizzeria+Jasmin/@35.403213199999996,0.1389129?authuser=0&hl=en&entry=ttu
Reviews: 6 reviews

Name: mqh~ `rf@
link: https://www.google.com/maps/search/%D9%85%D9%82%D9%87%D9%89+%D8%B9%D8%B1%D9%81%D8%A9/@35.4149483,0.1444346?authuser=0&hl=en&entry=ttu
Reviews: 2 reviews",3,,mqh~ (Owner),,https://lh5.googleusercontent.com/p/AF1QipP_Xd72IdG008qVI09ls0qCOzZVKDJCUbSQV_Wp=w408-h408-k-no,Coffee shop,Coffee shop,4.3,,Open All Days,,"C46M+37R mqh~, Av. Cheikh El Khaldi, Mascara, Algeria",,https://www.google.com/maps/place/%D9%85%D9%82%D9%87%D9%89%E2%80%AD/data=!4m7!3m6!1s0x1281db48d3e2db63:0xc68d1ee59ee34873!8m2!3d35.4102432!4d0.1331253!16s%2Fg%2F11h6mlj5sy!19sChIJY9vi00jbgRIRc0jjnuUejcY?authuser=0&hl=en&rclk=1,,,0,0,0,2,1,,https://search.google.com/local/reviews?placeid=ChIJY9vi00jbgRIRc0jjnuUejcY&q=%D9%85%D9%82%D9%87%D9%89%E2%80%AD&authuser=0&hl=en&gl=DZ,"35.4102432,0.1331253",,Mascara,"C46M+37R, Av. Cheikh El Khaldi",Mascara,,,DZ,Africa/Algiers,14307125562787973235,0x1281db48d3e2db63:0xc68d1ee59ee34873,,,,Coffee,,,Not Present,Not Present,,,"Wheelchair accessible restroom, Wheelchair accessible seating",,,,Restroom,,Groups,,Cozy,,,,,
ChIJyczRPh_bgRIRmo8RvdJeFBo,Spinoza Coffee shop,,False,"Name: Cafeteria Zahra
link: https://www.google.com/maps/search/Caf%C3%A9t%C3%A9ria+Zahra/@35.4001795,0.15410359999999998?authuser=0&hl=en&entry=ttu
Reviews: 5 reviews

Name: cafe sido lhaba
link: https://www.google.com/maps/search/caf%C3%A9+sido+lhaba/@35.4070782,0.1350611?authuser=0&hl=en&entry=ttu
Reviews: 2 reviews

Name: Adamo Cafe
link: https://www.google.com/maps/search/Adamo+Cafe/@35.401859699999996,0.1244837?authuser=0&hl=en&entry=ttu
Reviews: 0 reviews

Name: Coffee Lynxe
link: https://www.google.com/maps/search/Coffee+Lynxe/@35.4097996,0.1402028?authuser=0&hl=en&entry=ttu
Reviews: 0 reviews",3,,Spinoza Coffee shop (Owner),,https://lh5.googleusercontent.com/p/AF1QipOWU37JzPGokgSzeGme_KmDMWdOvWsHpyOGm3SS=w408-h544-k-no,Coffee shop,Coffee shop,5,6 AM-10 PM,Open All Days,+213 797 69 79 23,"C43C+FV4 Spinoza Coffee shop, Mascara, Algeria",,https://www.google.com/maps/place/Spinoza+Coffee+shop/data=!4m7!3m6!1s0x1281db1f3ed1ccc9:0x1a145ed2bd118f9a!8m2!3d35.4036448!4d0.122202!16s%2Fg%2F11sqkvp2vz!19sChIJyczRPh_bgRIRmo8RvdJeFBo?authuser=0&hl=en&rclk=1,Open  Closes 10 PM,,0,0,0,0,3,,https://search.google.com/local/reviews?placeid=ChIJyczRPh_bgRIRmo8RvdJeFBo&q=Spinoza+Coffee+shop&authuser=0&hl=en&gl=DZ,"35.403644799999995,0.12220199999999999",,Mascara,C43C+FV4,Mascara,,,DZ,Africa/Algiers,1879231203728527258,0x1281db1f3ed1ccc9:0x1a145ed2bd118f9a,,,,Coffee,,"Monday: 6 AM-10 PM
Tuesday: 6 AM-10 PM
Wednesday: 6 AM-10 PM
Thursday: 6 AM-10 PM
Friday: 6 AM-10 PM
Saturday: 6 AM-10 PM
Sunday: 6 AM-10 PM","4 PM, 2 PM, 3 PM
---
Time Label: 4 PM
Average Popularity: 27.0

Time Label: 2 PM
Average Popularity: 24.428571428571427

Time Label: 3 PM
Average Popularity: 23.142857142857142","Monday:
    5 AM: 0% | Idle
    6 AM: 72% | Usually a little busy
    7 AM: 72% | Usually a little busy
    8 AM: 45% | Usually not too busy
    9 AM: 18% | Usually not busy
    10 AM: 0% | Idle
    11 AM: 0% | Idle
    12 PM: 0% | Idle
    1 PM: 0% | Idle
    2 PM: 9% | Usually not busy
    3 PM: 18% | Usually not busy
    4 PM: 36% | Usually not too busy
    5 PM: 18% | Usually not busy
    6 PM: 9% | Usually not busy
    7 PM: 0% | Idle
    8 PM: 9% | Usually not busy
    9 PM: 18% | Usually not busy
    10 PM: 0% | Idle

Tuesday:
    5 AM: 0% | Idle
    6 AM: 0% | Idle
    7 AM: 0% | Idle
    8 AM: 0% | Idle
    9 AM: 0% | Idle
    10 AM: 0% | Idle
    11 AM: 9% | Usually not busy
    12 PM: 27% | Usually not too busy
    1 PM: 54% | Usually a little busy
    2 PM: 54% | Usually a little busy
    3 PM: 36% | Usually not too busy
    4 PM: 9% | Usually not busy
    5 PM: 0% | Idle
    6 PM: 9% | Usually not busy
    7 PM: 18% | Usually not busy
    8 PM: 36% | Usually not too busy
    9 PM: 18% | Usually not busy
    10 PM: 0% | Idle

Wednesday:
    5 AM: 0% | Idle
    6 AM: 18% | Usually not busy
    7 AM: 36% | Usually not too busy
    8 AM: 18% | Usually not busy
    9 AM: 9% | Usually not busy
    10 AM: 0% | Idle
    11 AM: 0% | Idle
    12 PM: 0% | Idle
    1 PM: 0% | Idle
    2 PM: 0% | Idle
    3 PM: 0% | Idle
    4 PM: 0% | Idle
    5 PM: 0% | Idle
    6 PM: 0% | Idle
    7 PM: 0% | Idle
    8 PM: 0% | Idle
    9 PM: 0% | Idle
    10 PM: 0% | Idle

Thursday:
    5 AM: 0% | Idle
    6 AM: 0% | Idle
    7 AM: 9% | Usually not busy
    8 AM: 27% | Usually not too busy
    9 AM: 27% | Usually not too busy
    10 AM: 36% | Usually not too busy
    11 AM: 27% | Usually not too busy
    12 PM: 45% | Usually not too busy
    1 PM: 27% | Usually not too busy
    2 PM: 45% | Usually not too busy
    3 PM: 27% | Usually not too busy
    4 PM: 27% | Usually not too busy
    5 PM: 9% | Usually not busy
    6 PM: 0% | Idle
    7 PM: 0% | Idle
    8 PM: 9% | Usually not busy
    9 PM: 18% | Usually not busy
    10 PM: 0% | Idle

Friday:
    5 AM: 0% | Idle
    6 AM: 9% | Usually not busy
    7 AM: 18% | Usually not busy
    8 AM: 9% | Usually not busy
    9 AM: 0% | Idle
    10 AM: 0% | Idle
    11 AM: 0% | Idle
    12 PM: 18% | Usually not busy
    1 PM: 27% | Usually not too busy
    2 PM: 36% | Usually not too busy
    3 PM: 63% | Usually a little busy
    4 PM: 81% | Usually as busy as it gets
    5 PM: 45% | Usually not too busy
    6 PM: 36% | Usually not too busy
    7 PM: 36% | Usually not too busy
    8 PM: 27% | Usually not too busy
    9 PM: 9% | Usually not busy
    10 PM: 0% | Idle

Saturday:
    5 AM: 0% | Idle
    6 AM: 9% | Usually not busy
    7 AM: 0% | Idle
    8 AM: 0% | Idle
    9 AM: 9% | Usually not busy
    10 AM: 18% | Usually not busy
    11 AM: 36% | Usually not too busy
    12 PM: 18% | Usually not busy
    1 PM: 9% | Usually not busy
    2 PM: 0% | Idle
    3 PM: 9% | Usually not busy
    4 PM: 36% | Usually not too busy
    5 PM: 27% | Usually not too busy
    6 PM: 18% | Usually not busy
    7 PM: 18% | Usually not busy
    8 PM: 9% | Usually not busy
    9 PM: 0% | Idle
    10 PM: 0% | Idle

Sunday:
    5 AM: 0% | Idle
    6 AM: 0% | Idle
    7 AM: 0% | Idle
    8 AM: 18% | Usually not busy
    9 AM: 54% | Usually a little busy
    10 AM: 100% | Usually as busy as it gets
    11 AM: 45% | Usually not too busy
    12 PM: 18% | Usually not busy
    1 PM: 9% | Usually not busy
    2 PM: 27% | Usually not too busy
    3 PM: 9% | Usually not busy
    4 PM: 0% | Idle
    5 PM: 9% | Usually not busy
    6 PM: 36% | Usually not too busy
    7 PM: 45% | Usually not too busy
    8 PM: 36% | Usually not too busy
    9 PM: 9% | Usually not busy
    10 PM: 0% | Idle",,,,,Dessert,,Restroom,,Groups,,Cozy,,,,,
ChIJOfCEzq81fg0RWK73KumWH6c,cafe el makam,,False,"Name: mT`m
link: https://www.google.com/maps/search/%D9%85%D8%B7%D8%B9%D9%85/@35.2326024,-0.2487047?authuser=0&hl=en&entry=ttu
Reviews: 0 reviews",2,,cafe el makam (Owner),,https://lh5.googleusercontent.com/p/AF1QipMeRCchCLEabZTrBaYDjPc3dqZx4WsuJB6pKe2C=w408-h544-k-no,Coffee shop,Coffee shop,3,5 AM-12 AM,Open All Days,,"6QP6+7CG cafe el makam, Sfisef 22001, Algeria",,https://www.google.com/maps/place/caf%C3%A9+el+makam/data=!4m7!3m6!1s0xd7e35afce84f039:0xa71f96e92af7ae58!8m2!3d35.2357379!4d-0.2387692!16s%2Fg%2F11t89h68k3!19sChIJOfCEzq81fg0RWK73KumWH6c?authuser=0&hl=en&rclk=1,Open  Closes 12 AM,,1,0,0,0,1,,https://search.google.com/local/reviews?placeid=ChIJOfCEzq81fg0RWK73KumWH6c&q=caf%C3%A9+el+makam&authuser=0&hl=en&gl=DZ,"35.2357379,-0.2387692",,Sfisef,6QP6+7CG,Sfisef,22001,,DZ,Africa/Algiers,12042509856804417112,0xd7e35afce84f039:0xa71f96e92af7ae58,,,,Coffee,,"Monday: 5 AM-12 AM
Tuesday: 5 AM-12 AM
Wednesday: 5 AM-12 AM
Thursday: 5 AM-12 AM
Friday: 5 AM-12 AM
Saturday: 5 AM-12 AM
Sunday: 5 AM-12 AM","6 PM, 12 PM, 1 PM
---
Time Label: 6 PM
Average Popularity: 42.42857142857143

Time Label: 12 PM
Average Popularity: 37.42857142857143

Time Label: 1 PM
Average Popularity: 36.0","Monday:
    4 AM: 0% | Idle
    5 AM: 18% | Usually not busy
    6 AM: 18% | Usually not busy
    7 AM: 9% | Usually not busy
    8 AM: 9% | Usually not busy
    9 AM: 9% | Usually not busy
    10 AM: 27% | Usually not too busy
    11 AM: 81% | Usually as busy as it gets
    12 PM: 100% | Usually as busy as it gets
    1 PM: 90% | Usually as busy as it gets
    2 PM: 45% | Usually not too busy
    3 PM: 27% | Usually not too busy
    4 PM: 54% | Usually a little busy
    5 PM: 36% | Usually not too busy
    6 PM: 45% | Usually not too busy
    7 PM: 18% | Usually not busy
    8 PM: 18% | Usually not busy
    9 PM: 18% | Usually not busy
    10 PM: 36% | Usually not too busy
    11 PM: 18% | Usually not busy

Tuesday:
    4 AM: 0% | Idle
    5 AM: 0% | Idle
    6 AM: 9% | Usually not busy
    7 AM: 27% | Usually not too busy
    8 AM: 9% | Usually not busy
    9 AM: 0% | Idle
    10 AM: 0% | Idle
    11 AM: 9% | Usually not busy
    12 PM: 18% | Usually not busy
    1 PM: 9% | Usually not busy
    2 PM: 0% | Idle
    3 PM: 9% | Usually not busy
    4 PM: 0% | Idle
    5 PM: 0% | Idle
    6 PM: 0% | Idle
    7 PM: 0% | Idle
    8 PM: 0% | Idle
    9 PM: 0% | Idle
    10 PM: 9% | Usually not busy
    11 PM: 27% | Usually not too busy

Wednesday:
    4 AM: 0% | Idle
    5 AM: 9% | Usually not busy
    6 AM: 0% | Idle
    7 AM: 0% | Idle
    8 AM: 0% | Idle
    9 AM: 0% | Idle
    10 AM: 0% | Idle
    11 AM: 9% | Usually not busy
    12 PM: 27% | Usually not too busy
    1 PM: 36% | Usually not too busy
    2 PM: 45% | Usually not too busy
    3 PM: 63% | Usually a little busy
    4 PM: 63% | Usually a little busy
    5 PM: 36% | Usually not too busy
    6 PM: 18% | Usually not busy
    7 PM: 18% | Usually not busy
    8 PM: 45% | Usually not too busy
    9 PM: 36% | Usually not too busy
    10 PM: 63% | Usually a little busy
    11 PM: 54% | Usually a little busy

Thursday:
    4 AM: 0% | Idle
    5 AM: 27% | Usually not too busy
    6 AM: 27% | Usually not too busy
    7 AM: 9% | Usually not busy
    8 AM: 0% | Idle
    9 AM: 9% | Usually not busy
    10 AM: 36% | Usually not too busy
    11 AM: 27% | Usually not too busy
    12 PM: 18% | Usually not busy
    1 PM: 0% | Idle
    2 PM: 0% | Idle
    3 PM: 0% | Idle
    4 PM: 9% | Usually not busy
    5 PM: 27% | Usually not too busy
    6 PM: 54% | Usually a little busy
    7 PM: 54% | Usually a little busy
    8 PM: 27% | Usually not too busy
    9 PM: 27% | Usually not too busy
    10 PM: 18% | Usually not busy
    11 PM: 36% | Usually not too busy

Friday:
    4 AM: 0% | Idle
    5 AM: 45% | Usually not too busy
    6 AM: 100% | Usually as busy as it gets
    7 AM: 100% | Usually as busy as it gets
    8 AM: 81% | Usually as busy as it gets
    9 AM: 54% | Usually a little busy
    10 AM: 45% | Usually not too busy
    11 AM: 45% | Usually not too busy
    12 PM: 45% | Usually not too busy
    1 PM: 27% | Usually not too busy
    2 PM: 18% | Usually not busy
    3 PM: 9% | Usually not busy
    4 PM: 0% | Idle
    5 PM: 0% | Idle
    6 PM: 9% | Usually not busy
    7 PM: 18% | Usually not busy
    8 PM: 9% | Usually not busy
    9 PM: 0% | Idle
    10 PM: 9% | Usually not busy
    11 PM: 18% | Usually not busy

Saturday:
    4 AM: 0% | Idle
    5 AM: 9% | Usually not busy
    6 AM: 0% | Idle
    7 AM: 0% | Idle
    8 AM: 0% | Idle
    9 AM: 9% | Usually not busy
    10 AM: 0% | Idle
    11 AM: 18% | Usually not busy
    12 PM: 45% | Usually not too busy
    1 PM: 63% | Usually a little busy
    2 PM: 27% | Usually not too busy
    3 PM: 27% | Usually not too busy
    4 PM: 45% | Usually not too busy
    5 PM: 90% | Usually as busy as it gets
    6 PM: 81% | Usually as busy as it gets
    7 PM: 36% | Usually not too busy
    8 PM: 9% | Usually not busy
    9 PM: 0% | Idle
    10 PM: 0% | Idle
    11 PM: 0% | Idle

Sunday:
    4 AM: 0% | Idle
    5 AM: 27% | Usually not too busy
    6 AM: 27% | Usually not too busy
    7 AM: 36% | Usually not too busy
    8 AM: 27% | Usually not too busy
    9 AM: 27% | Usually not too busy
    10 AM: 9% | Usually not busy
    11 AM: 0% | Idle
    12 PM: 9% | Usually not busy
    1 PM: 27% | Usually not too busy
    2 PM: 18% | Usually not busy
    3 PM: 0% | Idle
    4 PM: 9% | Usually not busy
    5 PM: 45% | Usually not too busy
    6 PM: 90% | Usually as busy as it gets
    7 PM: 100% | Usually as busy as it gets
    8 PM: 100% | Usually as busy as it gets
    9 PM: 45% | Usually not too busy
    10 PM: 27% | Usually not too busy
    11 PM: 27% | Usually not too busy",,,,,Breakfast,,Restroom,,Groups,,Cozy,,,,,
ChIJK3f9VQ81fg0R71TZTHUNBh0,mqh~ lshjr@ lHdydy@,,False,,2,,mqh~ lshjr@ lHdydy@ (Owner),,,Coffee shop,Coffee shop,5,,Open All Days,,"mqh~ lshjr@ lHdydy@, Unnamed Road, Sfisef 22001,,, Sfisef 22001, Algeria",,https://www.google.com/maps/place/%D9%85%D9%82%D9%87%D9%89+%D8%A7%D9%84%D8%B4%D8%AC%D8%B1%D8%A9+%D8%A7%D9%84%D8%AD%D8%AF%D9%8A%D8%AF%D9%8A%D8%A9%E2%80%AD/data=!4m7!3m6!1s0xd7e350f55fd772b:0x1d060d754cd954ef!8m2!3d35.2365683!4d-0.2420402!16s%2Fg%2F11qn9vwnhv!19sChIJK3f9VQ81fg0R71TZTHUNBh0?authuser=0&hl=en&rclk=1,,,0,0,0,0,2,,https://search.google.com/local/reviews?placeid=ChIJK3f9VQ81fg0R71TZTHUNBh0&q=%D9%85%D9%82%D9%87%D9%89+%D8%A7%D9%84%D8%B4%D8%AC%D8%B1%D8%A9+%D8%A7%D9%84%D8%AD%D8%AF%D9%8A%D8%AF%D9%8A%D8%A9%E2%80%AD&authuser=0&hl=en&gl=DZ,"35.2365683,-0.24204019999999998","6QP5+J5 Sfisef, Algeria",Sfisef,"Unnamed Road, Sfisef 22001,,",Sfisef,22001,,DZ,Africa/Algiers,2091373874411820271,0xd7e350f55fd772b:0x1d060d754cd954ef,,,,Coffee,,,Not Present,Not Present,,,,,Breakfast,,Restroom,,Groups,,,,,,,
ChIJx8_nTvzRgRIRzpPQbcUWxBM,Cafeteria Omar,,False,"Name: Cafeteria Nour
link: https://www.google.com/maps/search/Cafeteria+Nour/@35.388768999999996,0.1255846?authuser=0&hl=en&entry=ttu
Reviews: 5 reviews

Name: Cafeter la bonne rencontre
link: https://www.google.com/maps/search/Caf%C3%A9ter+la+bonne+rencontre/@35.410427,0.1444162?authuser=0&hl=en&entry=ttu
Reviews: 1 reviews

Name: mqh~ tysyr
link: https://www.google.com/maps/search/%D9%85%D9%82%D9%87%D9%89+%D8%AA%D9%8A%D8%B3%D9%8A%D8%B1/@35.3955675,0.1376164?authuser=0&hl=en&entry=ttu
Reviews: 0 reviews

Name: `bdq bnr`mr
link: https://www.google.com/maps/search/%D8%B9%D8%A8%D8%AF%D9%82+%D8%A8%D9%86%D8%B1%D8%B9%D9%85%D8%B1/@35.376061899999996,0.1184862?authuser=0&hl=en&entry=ttu
Reviews: 0 reviews

Name: Cafeteria casablanca
link: https://www.google.com/maps/search/Cafeteria+casablanca/@35.4002926,0.1396559?authuser=0&hl=en&entry=ttu
Reviews: 0 reviews",2,,Cafeteria Omar (Owner),,,Coffee shop,Coffee shop,4.5,,Open All Days,,"94MF+H7W Cafeteria Omar, Mascara, Algeria",,https://www.google.com/maps/place/Caf%C3%A9t%C3%A9ria+Omar/data=!4m7!3m6!1s0x1281d1fc4ee7cfc7:0x13c416c56dd093ce!8m2!3d35.3839754!4d0.1231994!16s%2Fg%2F11q93tkv3j!19sChIJx8_nTvzRgRIRzpPQbcUWxBM?authuser=0&hl=en&rclk=1,,,0,0,0,1,1,,https://search.google.com/local/reviews?placeid=ChIJx8_nTvzRgRIRzpPQbcUWxBM&q=Caf%C3%A9t%C3%A9ria+Omar&authuser=0&hl=en&gl=US,"35.3839754,0.1231994",,Mascara,94MF+H7W,Mascara,,,DZ,Africa/Algiers,1424288419362673614,0x1281d1fc4ee7cfc7:0x13c416c56dd093ce,,,,Coffee,,,Not Present,Not Present,Dine-in,,Wheelchair accessible seating,,,,Restroom,,Groups,,,,,,,
ChIJodCTpbzbgRIR-H_ssYk-VOM,mqhy sH@ l'myr `bd lqdr bn `wmr bryk@,,False,,2,,mqhy sH@ l'myr `bd lqdr bn `wmr bryk@ (Owner),,https://lh5.googleusercontent.com/p/AF1QipPau-4olsDmMGNWYFYFdbaiRtfzjzEY-Mf-VRCv=w533-h240-k-no,Coffee shop,Coffee shop,5,6 AM-11 PM,Open All Days,,"94WQ+9V5 mqhy sH@ l'myr `bd lqdr bn `wmr bryk@, Rue 1er Novembre 54, Mascara, Algeria",,https://www.google.com/maps/place/%D9%85%D9%82%D9%87%D9%8A+%D8%B3%D8%A7%D8%AD%D8%A9+%D8%A7%D9%84%D8%A3%D9%85%D9%8A%D8%B1+%D8%B9%D8%A8%D8%AF+%D8%A7%D9%84%D9%82%D8%A7%D8%AF%D8%B1+%D8%A8%D9%86+%D8%B9%D9%88%D9%85%D8%B1+%D8%A8%D8%B1%D9%8A%D9%83%D8%A9%E2%80%AD/data=!4m7!3m6!1s0x1281dbbca593d0a1:0xe3543e89b1ec7ff8!8m2!3d35.3958969!4d0.1397273!16s%2Fg%2F11l6n6zvtz!19sChIJodCTpbzbgRIR-H_ssYk-VOM?authuser=0&hl=en&rclk=1,Open  Closes 11 PM,,0,0,0,0,2,,https://search.google.com/local/reviews?placeid=ChIJodCTpbzbgRIR-H_ssYk-VOM&q=%D9%85%D9%82%D9%87%D9%8A+%D8%B3%D8%A7%D8%AD%D8%A9+%D8%A7%D9%84%D8%A3%D9%85%D9%8A%D8%B1+%D8%B9%D8%A8%D8%AF+%D8%A7%D9%84%D9%82%D8%A7%D8%AF%D8%B1+%D8%A8%D9%86+%D8%B9%D9%88%D9%85%D8%B1+%D8%A8%D8%B1%D9%8A%D9%83%D8%A9%E2%80%AD&authuser=0&hl=en&gl=DZ,"35.3958969,0.1397273",,Mascara,"94WQ+9V5, Rue 1er Novembre 54",Mascara,,,DZ,Africa/Algiers,16380786505769844728,0x1281dbbca593d0a1:0xe3543e89b1ec7ff8,,,,Coffee,,"Monday: 6 AM-11 PM
Tuesday: 6 AM-11 PM
Wednesday: 6 AM-11 PM
Thursday: 6 AM-11 PM
Friday: 6 AM-11 PM
Saturday: 6 AM-11 PM
Sunday: 6 AM-11 PM",Not Present,Not Present,,,,,,,,,Groups,,Cozy,,Good for kids,,,
ChIJ1bcPg-_bgRIRUAVqYxpoYLI,Coffe golden,,False,,2,,Coffe golden (Owner),,https://lh5.googleusercontent.com/p/AF1QipP2R8XlU9CmdVGcXub0qALItouI2fErpayyYCcm=w408-h544-k-no,Coffee shop,Coffee shop,5,,Open All Days,,"C46F+6M6 Coffe golden, Rte vers Rocade N, Mascara, Algeria",,https://www.google.com/maps/place/Coffe+golden/data=!4m7!3m6!1s0x1281dbef830fb7d5:0xb260681a636a0550!8m2!3d35.4103759!4d0.1235023!16s%2Fg%2F11svzyb531!19sChIJ1bcPg-_bgRIRUAVqYxpoYLI?authuser=0&hl=en&rclk=1,,,0,0,0,0,2,,https://search.google.com/local/reviews?placeid=ChIJ1bcPg-_bgRIRUAVqYxpoYLI&q=Coffe+golden&authuser=0&hl=en&gl=DZ,"35.4103759,0.1235023",,Mascara,"C46F+6M6, Rte vers Rocade N",Mascara,,,DZ,Africa/Algiers,12853387799061726544,0x1281dbef830fb7d5:0xb260681a636a0550,,,,"Coffee, Small plates",,,Not Present,Not Present,Takeout,,Wheelchair accessible seating,,"Lunch, Dinner, Dessert",,Restroom,,Groups,,Cozy,,,,Accepts reservations,
ChIJ1USGYtvbgRIRV_qAn0riHUc,cafe sido lhaba,,False,"Name: Cafe belair
link: https://www.google.com/maps/search/Caf%C3%A9+belair/@35.4117111,0.1328059?authuser=0&hl=en&entry=ttu
Reviews: 6 reviews

Name: Cafeteria Zahra
link: https://www.google.com/maps/search/Caf%C3%A9t%C3%A9ria+Zahra/@35.3952245,0.14456929999999998?authuser=0&hl=en&entry=ttu
Reviews: 1 reviews

Name: sido lhaba
link: https://www.google.com/maps/search/sido+lhaba/@35.4020988,0.1400257?authuser=0&hl=en&entry=ttu
Reviews: 0 reviews

Name: Coffee Lynxe
link: https://www.google.com/maps/search/Coffee+Lynxe/@35.4097996,0.1402028?authuser=0&hl=en&entry=ttu
Reviews: 0 reviews

Name: Caferia banhatat
link: https://www.google.com/maps/search/Caferia+banhatat/@35.4010015,0.1296419?authuser=0&hl=en&entry=ttu
Reviews: 0 reviews",2,,cafe sido lhaba (Owner),,,Coffee shop,Coffee shop,5,,Open All Days,,"C44P+R2M cafe sido lhaba, Mascara, Algeria",,https://www.google.com/maps/place/caf%C3%A9+sido+lhaba/data=!4m7!3m6!1s0x1281dbdb628644d5:0x471de24a9f80fa57!8m2!3d35.4070782!4d0.1350611!16s%2Fg%2F11s7zzp7nm!19sChIJ1USGYtvbgRIRV_qAn0riHUc?authuser=0&hl=en&rclk=1,,,0,0,0,0,2,,https://search.google.com/local/reviews?placeid=ChIJ1USGYtvbgRIRV_qAn0riHUc&q=caf%C3%A9+sido+lhaba&authuser=0&hl=en&gl=US,"35.4070782,0.1350611",,Mascara,C44P+R2M,Mascara,,,DZ,Africa/Algiers,5124500761148979799,0x1281dbdb628644d5:0x471de24a9f80fa57,,,,Coffee,,,Not Present,Not Present,,,,,Dessert,,Restroom,,Groups,,Cozy,,,,,
ChIJF3Q-Q9XBgRIROF9088h7E50,Cafeteria Omar,,False,"Name: Cafeteria El Nassr
link: https://www.google.com/maps/search/Caf%C3%A9t%C3%A9ria+El+Nassr/@35.3780693,0.23912090000000003?authuser=0&hl=en&entry=ttu
Reviews: 4 reviews

Name: Cafeteria Djamel
link: https://www.google.com/maps/search/Caf%C3%A9t%C3%A9ria+Djamel/@35.4811519,0.2462607?authuser=0&hl=en&entry=ttu
Reviews: 1 reviews

Name: `bd lrHmn qSb
link: https://www.google.com/maps/search/%D8%B9%D8%A8%D8%AF+%D8%A7%D9%84%D8%B1%D8%AD%D9%85%D8%A7%D9%86+%D9%82%D8%B5%D8%A7%D8%A8/@35.479809599999996,0.2437786?authuser=0&hl=en&entry=ttu
Reviews: 0 reviews

Name: mqh~ tysyr
link: https://www.google.com/maps/search/%D9%85%D9%82%D9%87%D9%89+%D8%AA%D9%8A%D8%B3%D9%8A%D8%B1/@35.3955675,0.1376164?authuser=0&hl=en&entry=ttu
Reviews: 0 reviews",1,,Cafeteria Omar (Owner),,,Coffee shop,Coffee shop,3,,Open All Days,,"F6MX+76P Cafeteria Omar, Ain Fares, Algeria",,https://www.google.com/maps/place/Caf%C3%A9t%C3%A9ria+Omar/data=!4m7!3m6!1s0x1281c1d5433e7417:0x9d137bc8f3745f38!8m2!3d35.4832003!4d0.2480745!16s%2Fg%2F11t5sf1v3n!19sChIJF3Q-Q9XBgRIROF9088h7E50?authuser=0&hl=en&rclk=1,,,0,0,1,0,0,,https://search.google.com/local/reviews?placeid=ChIJF3Q-Q9XBgRIROF9088h7E50&q=Caf%C3%A9t%C3%A9ria+Omar&authuser=0&hl=en&gl=DZ,"35.4832003,0.24807449999999998",,Ain Fares,F6MX+76P,Ain Fares,,,DZ,Africa/Algiers,11318526391520354104,0x1281c1d5433e7417:0x9d137bc8f3745f38,,,,Coffee,,,Not Present,Not Present,Dine-in,,Wheelchair accessible seating,,"Breakfast, Dessert",,Restroom,,Groups,,Cozy,,Good for kids,,,
ChIJG4R4lp_bgRIRedixwO-2ygE,Cafeter la bonne rencontre,,False,"Name: Cafeteria Le Bon Coin
link: https://www.google.com/maps/search/Caf%C3%A9t%C3%A9ria+Le+Bon+Coin/@35.3994451,0.12061319999999999?authuser=0&hl=en&entry=ttu
Reviews: 6 reviews

Name: Cafeteria Nour
link: https://www.google.com/maps/search/Cafeteria+Nour/@35.388768999999996,0.1255846?authuser=0&hl=en&entry=ttu
Reviews: 5 reviews

Name: Cafeteria casablanca
link: https://www.google.com/maps/search/Cafeteria+casablanca/@35.4002926,0.1396559?authuser=0&hl=en&entry=ttu
Reviews: 0 reviews",1,,Cafeter la bonne rencontre (Owner),,,Coffee shop,Coffee shop,4,,Open All Days,,"C46V+5QF Cafeter la bonne rencontre, Mascara, Algeria",,https://www.google.com/maps/place/Caf%C3%A9ter+la+bonne+rencontre/data=!4m7!3m6!1s0x1281db9f9678841b:0x1cab6efc0b1d879!8m2!3d35.410427!4d0.1444162!16s%2Fg%2F11mhd560wr!19sChIJG4R4lp_bgRIRedixwO-2ygE?authuser=0&hl=en&rclk=1,,,0,0,0,1,0,,https://search.google.com/local/reviews?placeid=ChIJG4R4lp_bgRIRedixwO-2ygE&q=Caf%C3%A9ter+la+bonne+rencontre&authuser=0&hl=en&gl=DZ,"35.410427,0.1444162",,Mascara,C46V+5QF,Mascara,,,DZ,Africa/Algiers,129116680179800185,0x1281db9f9678841b:0x1cab6efc0b1d879,,,,Coffee,,,Not Present,Not Present,,,Wheelchair accessible seating,,,,Restroom,,Groups,,Cozy,,,,,
ChIJrWdajjTbgRIRQ2LO0al-Dt0,Cafe de Mamounia,,False,,1,,Cafe de Mamounia (Owner),,,Coffee shop,Coffee shop,5,,Open All Days,,"C4FR+J4 Cafe de Mamounia, Mamounia, Algeria",,https://www.google.com/maps/place/Caf%C3%A9+de+Mamounia/data=!4m7!3m6!1s0x1281db348e5a67ad:0xdd0e7ea9d1ce6243!8m2!3d35.4239287!4d0.140306!16s%2Fg%2F11v0x3x50g!19sChIJrWdajjTbgRIRQ2LO0al-Dt0?authuser=0&hl=en&rclk=1,,,0,0,0,0,1,,https://search.google.com/local/reviews?placeid=ChIJrWdajjTbgRIRQ2LO0al-Dt0&q=Caf%C3%A9+de+Mamounia&authuser=0&hl=en&gl=DZ,"35.4239287,0.140306",,El Mamounia,C4FR+J4,Mamounia,,,DZ,Africa/Algiers,15928808199890559555,0x1281db348e5a67ad:0xdd0e7ea9d1ce6243,,,,Coffee,,,Not Present,Not Present,Takeout,,"Wheelchair accessible parking lot, Wheelchair accessible restroom, Wheelchair accessible seating",,"Lunch, Dinner, Dessert",,Restroom,,Groups,,Cozy,,,,,
ChIJ4QabuJvXfw0R7CIpYLOs02Y,Cafe qhw@ bSky,,False,"Name: Cafeteria le bon coin
link: https://www.google.com/maps/search/Caf%C3%A9t%C3%A9ria+le+bon+coin/@35.119735,0.08607809999999999?authuser=0&hl=en&entry=ttu
Reviews: 1 reviews

Name: mqh~ bwshyH@ ryD
link: https://www.google.com/maps/search/%D9%85%D9%82%D9%87%D9%89+%D8%A8%D9%88%D8%B4%D9%8A%D8%AD%D8%A9+%D8%B1%D9%8A%D8%A7%D8%B6/@35.1202895,-0.1478639?authuser=0&hl=en&entry=ttu
Reviews: 1 reviews

Name: Cafeteria zouaoui
link: https://www.google.com/maps/search/Caf%C3%A9t%C3%A9ria+zouaoui/@34.9654169,-0.2874453?authuser=0&hl=en&entry=ttu
Reviews: 1 reviews

Name: Cafeteria hamed Hichour
link: https://www.google.com/maps/search/Caf%C3%A9t%C3%A9ria+hamed+Hichour/@35.1189932,0.0881252?authuser=0&hl=en&entry=ttu
Reviews: 0 reviews",1,,Cafe qhw@ bSky (Owner),,,Coffee shop,Coffee shop,5,Open 24 hours,Open All Days,,"4X3R+PP6 Cafe qhw@ bSky, Oued Taria, Algeria",,https://www.google.com/maps/place/Caf%C3%A9+%D9%82%D9%87%D9%88%D8%A9+%D8%A8%D8%A7%D8%B5%D9%83%D9%8A%E2%80%AD/data=!4m7!3m6!1s0xd7fd79bb89b06e1:0x66d3acb3602922ec!8m2!3d35.1042691!4d-0.0082076!16s%2Fg%2F11t2_7k6gf!19sChIJ4QabuJvXfw0R7CIpYLOs02Y?authuser=0&hl=en&rclk=1,Open 24 hours,,0,0,0,0,1,,https://search.google.com/local/reviews?placeid=ChIJ4QabuJvXfw0R7CIpYLOs02Y&q=Caf%C3%A9+%D9%82%D9%87%D9%88%D8%A9+%D8%A8%D8%A7%D8%B5%D9%83%D9%8A%E2%80%AD&authuser=0&hl=en&gl=DZ,"35.104269099999996,-0.008207599999999999",,Ouizert,4X3R+PP6,Oued Taria,,,DZ,Africa/Algiers,7409455698367029996,0xd7fd79bb89b06e1:0x66d3acb3602922ec,,,,Coffee,,"Monday: Open 24 hours
Tuesday: Open 24 hours
Wednesday: Open 24 hours
Thursday: Open 24 hours
Friday: Open 24 hours
Saturday: Open 24 hours
Sunday: Open 24 hours","6 AM, 7 AM, 10 PM
---
Time Label: 6 AM
Average Popularity: 39.142857142857146

Time Label: 7 AM
Average Popularity: 35.42857142857143

Time Label: 10 PM
Average Popularity: 29.285714285714285","Monday:
    4 AM: 16% | Usually not busy
    5 AM: 25% | Usually not too busy
    6 AM: 25% | Usually not too busy
    7 AM: 8% | Usually not busy
    8 AM: 0% | Idle
    9 AM: 0% | Idle
    10 AM: 0% | Idle
    11 AM: 8% | Usually not busy
    12 PM: 16% | Usually not busy
    1 PM: 8% | Usually not busy
    2 PM: 0% | Idle
    3 PM: 8% | Usually not busy
    4 PM: 16% | Usually not busy
    5 PM: 41% | Usually not too busy
    6 PM: 16% | Usually not busy
    7 PM: 8% | Usually not busy
    8 PM: 0% | Idle
    9 PM: 8% | Usually not busy
    10 PM: 0% | Idle
    11 PM: 0% | Idle
    12 AM: 0% | Idle
    1 AM: 0% | Idle
    2 AM: 0% | Idle
    3 AM: 0% | Idle

Tuesday:
    4 AM: 16% | Usually not busy
    5 AM: 33% | Usually not too busy
    6 AM: 33% | Usually not too busy
    7 AM: 41% | Usually not too busy
    8 AM: 16% | Usually not busy
    9 AM: 16% | Usually not busy
    10 AM: 25% | Usually not too busy
    11 AM: 16% | Usually not busy
    12 PM: 16% | Usually not busy
    1 PM: 8% | Usually not busy
    2 PM: 0% | Idle
    3 PM: 0% | Idle
    4 PM: 16% | Usually not busy
    5 PM: 33% | Usually not too busy
    6 PM: 41% | Usually not too busy
    7 PM: 16% | Usually not busy
    8 PM: 16% | Usually not busy
    9 PM: 25% | Usually not too busy
    10 PM: 58% | Usually a little busy
    11 PM: 25% | Usually not too busy
    12 AM: 25% | Usually not too busy
    1 AM: 16% | Usually not busy
    2 AM: 25% | Usually not too busy
    3 AM: 25% | Usually not too busy

Wednesday:
    4 AM: 16% | Usually not busy
    5 AM: 50% | Usually not too busy
    6 AM: 75% | Usually a little busy
    7 AM: 50% | Usually not too busy
    8 AM: 25% | Usually not too busy
    9 AM: 16% | Usually not busy
    10 AM: 41% | Usually not too busy
    11 AM: 33% | Usually not too busy
    12 PM: 25% | Usually not too busy
    1 PM: 16% | Usually not busy
    2 PM: 8% | Usually not busy
    3 PM: 0% | Idle
    4 PM: 0% | Idle
    5 PM: 0% | Idle
    6 PM: 16% | Usually not busy
    7 PM: 33% | Usually not too busy
    8 PM: 41% | Usually not too busy
    9 PM: 25% | Usually not too busy
    10 PM: 33% | Usually not too busy
    11 PM: 8% | Usually not busy
    12 AM: 0% | Idle
    1 AM: 8% | Usually not busy
    2 AM: 25% | Usually not too busy
    3 AM: 8% | Usually not busy

Thursday:
    4 AM: 33% | Usually not too busy
    5 AM: 25% | Usually not too busy
    6 AM: 25% | Usually not too busy
    7 AM: 33% | Usually not too busy
    8 AM: 16% | Usually not busy
    9 AM: 8% | Usually not busy
    10 AM: 8% | Usually not busy
    11 AM: 25% | Usually not too busy
    12 PM: 8% | Usually not busy
    1 PM: 0% | Idle
    2 PM: 8% | Usually not busy
    3 PM: 25% | Usually not too busy
    4 PM: 33% | Usually not too busy
    5 PM: 41% | Usually not too busy
    6 PM: 66% | Usually a little busy
    7 PM: 58% | Usually a little busy
    8 PM: 33% | Usually not too busy
    9 PM: 25% | Usually not too busy
    10 PM: 16% | Usually not busy
    11 PM: 16% | Usually not busy
    12 AM: 33% | Usually not too busy
    1 AM: 25% | Usually not too busy
    2 AM: 25% | Usually not too busy
    3 AM: 16% | Usually not busy

Friday:
    4 AM: 8% | Usually not busy
    5 AM: 25% | Usually not too busy
    6 AM: 50% | Usually not too busy
    7 AM: 25% | Usually not too busy
    8 AM: 8% | Usually not busy
    9 AM: 0% | Idle
    10 AM: 16% | Usually not busy
    11 AM: 25% | Usually not too busy
    12 PM: 33% | Usually not too busy
    1 PM: 25% | Usually not too busy
    2 PM: 8% | Usually not busy
    3 PM: 0% | Idle
    4 PM: 0% | Idle
    5 PM: 0% | Idle
    6 PM: 0% | Idle
    7 PM: 0% | Idle
    8 PM: 8% | Usually not busy
    9 PM: 16% | Usually not busy
    10 PM: 41% | Usually not too busy
    11 PM: 50% | Usually not too busy
    12 AM: 83% | Usually as busy as it gets
    1 AM: 75% | Usually a little busy
    2 AM: 41% | Usually not too busy
    3 AM: 8% | Usually not busy

Saturday:
    4 AM: 25% | Usually not too busy
    5 AM: 33% | Usually not too busy
    6 AM: 66% | Usually a little busy
    7 AM: 83% | Usually as busy as it gets
    8 AM: 100% | Usually as busy as it gets
    9 AM: 41% | Usually not too busy
    10 AM: 16% | Usually not busy
    11 AM: 0% | Idle
    12 PM: 8% | Usually not busy
    1 PM: 50% | Usually not too busy
    2 PM: 58% | Usually a little busy
    3 PM: 83% | Usually as busy as it gets
    4 PM: 50% | Usually not too busy
    5 PM: 25% | Usually not too busy
    6 PM: 8% | Usually not busy
    7 PM: 16% | Usually not busy
    8 PM: 8% | Usually not busy
    9 PM: 16% | Usually not busy
    10 PM: 16% | Usually not busy
    11 PM: 16% | Usually not busy
    12 AM: 25% | Usually not too busy
    1 AM: 33% | Usually not too busy
    2 AM: 25% | Usually not too busy
    3 AM: 16% | Usually not busy

Sunday:
    4 AM: 25% | Usually not too busy
    5 AM: 8% | Usually not busy
    6 AM: 0% | Idle
    7 AM: 8% | Usually not busy
    8 AM: 16% | Usually not busy
    9 AM: 16% | Usually not busy
    10 AM: 0% | Idle
    11 AM: 0% | Idle
    12 PM: 0% | Idle
    1 PM: 8% | Usually not busy
    2 PM: 16% | Usually not busy
    3 PM: 33% | Usually not too busy
    4 PM: 25% | Usually not too busy
    5 PM: 25% | Usually not too busy
    6 PM: 41% | Usually not too busy
    7 PM: 16% | Usually not busy
    8 PM: 16% | Usually not busy
    9 PM: 16% | Usually not busy
    10 PM: 41% | Usually not too busy
    11 PM: 16% | Usually not busy
    12 AM: 8% | Usually not busy
    1 AM: 0% | Idle
    2 AM: 0% | Idle
    3 AM: 8% | Usually not busy",,,,,,,Restroom,,Groups,,Cozy,,,,,
ChIJJxrYO1c9fg0R_B1r9HJsMkA,Coffee mekki,,False,,1,,Coffee mekki (Owner),,,Coffee shop,Coffee shop,5,,Open All Days,,"GRGF+W5R Coffee mekki, Sig, Algeria",,https://www.google.com/maps/place/Coffee+mekki/data=!4m7!3m6!1s0xd7e3d573bd81a27:0x40326c72f46b1dfc!8m2!3d35.5275077!4d-0.1771536!16s%2Fg%2F11vhrvycm3!19sChIJJxrYO1c9fg0R_B1r9HJsMkA?authuser=0&hl=en&rclk=1,,,0,0,0,0,1,,https://search.google.com/local/reviews?placeid=ChIJJxrYO1c9fg0R_B1r9HJsMkA&q=Coffee+mekki&authuser=0&hl=en&gl=DZ,"35.5275077,-0.1771536",,Sig,GRGF+W5R,Sig,,,DZ,Africa/Algiers,4625879008245652988,0xd7e3d573bd81a27:0x40326c72f46b1dfc,,,,Coffee,,,Not Present,Not Present,Takeout,,,,,,,,Groups,,"Casual, Cozy",,Good for kids,,,
ChIJETC2abUvgBIRdVPImUK-SwM,Cafeteria le bon coin,,False,"Name: Cafeteria Le Bon Coin
link: https://www.google.com/maps/search/Caf%C3%A9t%C3%A9ria+Le+Bon+Coin/@35.3994451,0.12061319999999999?authuser=0&hl=en&entry=ttu
Reviews: 6 reviews

Name: Cafe qhw@ bSky
link: https://www.google.com/maps/search/Caf%C3%A9+%D9%82%D9%87%D9%88%D8%A9+%D8%A8%D8%A7%D8%B5%D9%83%D9%8A/@35.104269099999996,-0.008207599999999999?authuser=0&hl=en&entry=ttu
Reviews: 1 reviews

Name: Cafeteria hamed Hichour
link: https://www.google.com/maps/search/Caf%C3%A9t%C3%A9ria+hamed+Hichour/@35.1189932,0.0881252?authuser=0&hl=en&entry=ttu
Reviews: 0 reviews",1,,Cafeteria le bon coin (Owner),,https://lh5.googleusercontent.com/p/AF1QipNWjwghqgt5nwAmEZgfIeXZr9KpcdwvBqkaoLNv=w426-h240-k-no,Coffee shop,Coffee shop,5,5 AM-12 AM,Open All Days,,"439P+VCF Cafeteria le bon coin, Oued Taria, Algeria",,https://www.google.com/maps/place/Caf%C3%A9t%C3%A9ria+le+bon+coin/data=!4m7!3m6!1s0x12802fb569b63011:0x34bbe4299c85375!8m2!3d35.119735!4d0.0860781!16s%2Fg%2F11qbq7l_dj!19sChIJETC2abUvgBIRdVPImUK-SwM?authuser=0&hl=en&rclk=1,Open  Closes 12 AM,,0,0,0,0,1,,https://search.google.com/local/reviews?placeid=ChIJETC2abUvgBIRdVPImUK-SwM&q=Caf%C3%A9t%C3%A9ria+le+bon+coin&authuser=0&hl=en&gl=DZ,"35.119735,0.08607809999999999",,Oued Taria,439P+VCF,Oued Taria,,,DZ,Africa/Algiers,237492598624244597,0x12802fb569b63011:0x34bbe4299c85375,,,,Coffee,,"Monday: 5 AM-12 AM
Tuesday: 5 AM-12 AM
Wednesday: 5 AM-12 AM
Thursday: 5 AM-12 AM
Friday: 5 AM-12 AM
Saturday: 5 AM-12 AM
Sunday: 5 AM-12 AM","4 PM, 3 PM, 2 PM
---
Time Label: 4 PM
Average Popularity: 40.0

Time Label: 3 PM
Average Popularity: 35.714285714285715

Time Label: 2 PM
Average Popularity: 31.428571428571427","Monday:
    4 AM: 0% | Idle
    5 AM: 30% | Usually not too busy
    6 AM: 10% | Usually not busy
    7 AM: 10% | Usually not busy
    8 AM: 30% | Usually not too busy
    9 AM: 60% | Usually a little busy
    10 AM: 30% | Usually not too busy
    11 AM: 20% | Usually not busy
    12 PM: 30% | Usually not too busy
    1 PM: 30% | Usually not too busy
    2 PM: 10% | Usually not busy
    3 PM: 0% | Idle
    4 PM: 10% | Usually not busy
    5 PM: 0% | Idle
    6 PM: 0% | Idle
    7 PM: 20% | Usually not busy
    8 PM: 20% | Usually not busy
    9 PM: 20% | Usually not busy
    10 PM: 40% | Usually not too busy
    11 PM: 60% | Usually a little busy

Tuesday:
    4 AM: 0% | Idle
    5 AM: 10% | Usually not busy
    6 AM: 20% | Usually not busy
    7 AM: 60% | Usually a little busy
    8 AM: 40% | Usually not too busy
    9 AM: 20% | Usually not busy
    10 AM: 0% | Idle
    11 AM: 0% | Idle
    12 PM: 10% | Usually not busy
    1 PM: 20% | Usually not busy
    2 PM: 20% | Usually not busy
    3 PM: 40% | Usually not too busy
    4 PM: 20% | Usually not busy
    5 PM: 10% | Usually not busy
    6 PM: 10% | Usually not busy
    7 PM: 20% | Usually not busy
    8 PM: 40% | Usually not too busy
    9 PM: 20% | Usually not busy
    10 PM: 10% | Usually not busy
    11 PM: 10% | Usually not busy

Wednesday:
    4 AM: 0% | Idle
    5 AM: 10% | Usually not busy
    6 AM: 0% | Idle
    7 AM: 0% | Idle
    8 AM: 0% | Idle
    9 AM: 20% | Usually not busy
    10 AM: 50% | Usually not too busy
    11 AM: 50% | Usually not too busy
    12 PM: 30% | Usually not too busy
    1 PM: 50% | Usually not too busy
    2 PM: 90% | Usually as busy as it gets
    3 PM: 100% | Usually as busy as it gets
    4 PM: 70% | Usually a little busy
    5 PM: 30% | Usually not too busy
    6 PM: 10% | Usually not busy
    7 PM: 0% | Idle
    8 PM: 10% | Usually not busy
    9 PM: 30% | Usually not too busy
    10 PM: 60% | Usually a little busy
    11 PM: 30% | Usually not too busy

Thursday:
    4 AM: 0% | Idle
    5 AM: 10% | Usually not busy
    6 AM: 20% | Usually not busy
    7 AM: 50% | Usually not too busy
    8 AM: 40% | Usually not too busy
    9 AM: 30% | Usually not too busy
    10 AM: 30% | Usually not too busy
    11 AM: 10% | Usually not busy
    12 PM: 20% | Usually not busy
    1 PM: 20% | Usually not busy
    2 PM: 30% | Usually not too busy
    3 PM: 60% | Usually a little busy
    4 PM: 90% | Usually as busy as it gets
    5 PM: 50% | Usually not too busy
    6 PM: 20% | Usually not busy
    7 PM: 0% | Idle
    8 PM: 0% | Idle
    9 PM: 0% | Idle
    10 PM: 10% | Usually not busy
    11 PM: 30% | Usually not too busy

Friday:
    4 AM: 0% | Idle
    5 AM: 0% | Idle
    6 AM: 0% | Idle
    7 AM: 0% | Idle
    8 AM: 0% | Idle
    9 AM: 0% | Idle
    10 AM: 10% | Usually not busy
    11 AM: 30% | Usually not too busy
    12 PM: 70% | Usually a little busy
    1 PM: 30% | Usually not too busy
    2 PM: 20% | Usually not busy
    3 PM: 30% | Usually not too busy
    4 PM: 70% | Usually a little busy
    5 PM: 30% | Usually not too busy
    6 PM: 10% | Usually not busy
    7 PM: 0% | Idle
    8 PM: 0% | Idle
    9 PM: 0% | Idle
    10 PM: 0% | Idle
    11 PM: 0% | Idle

Saturday:
    4 AM: 0% | Idle
    5 AM: 0% | Idle
    6 AM: 0% | Idle
    7 AM: 0% | Idle
    8 AM: 0% | Idle
    9 AM: 0% | Idle
    10 AM: 0% | Idle
    11 AM: 0% | Idle
    12 PM: 10% | Usually not busy
    1 PM: 20% | Usually not busy
    2 PM: 50% | Usually not too busy
    3 PM: 20% | Usually not busy
    4 PM: 20% | Usually not busy
    5 PM: 30% | Usually not too busy
    6 PM: 60% | Usually a little busy
    7 PM: 30% | Usually not too busy
    8 PM: 10% | Usually not busy
    9 PM: 0% | Idle
    10 PM: 0% | Idle
    11 PM: 10% | Usually not busy

Sunday:
    4 AM: 0% | Idle
    5 AM: 60% | Usually a little busy
    6 AM: 20% | Usually not busy
    7 AM: 10% | Usually not busy
    8 AM: 0% | Idle
    9 AM: 0% | Idle
    10 AM: 0% | Idle
    11 AM: 10% | Usually not busy
    12 PM: 20% | Usually not busy
    1 PM: 10% | Usually not busy
    2 PM: 0% | Idle
    3 PM: 0% | Idle
    4 PM: 0% | Idle
    5 PM: 10% | Usually not busy
    6 PM: 0% | Idle
    7 PM: 0% | Idle
    8 PM: 0% | Idle
    9 PM: 10% | Usually not busy
    10 PM: 10% | Usually not busy
    11 PM: 0% | Idle",,,,,Breakfast,,Restroom,,Groups,,Cozy,,,,,
ChIJgyHor9zLfw0RII7kQkYkUoc,mqh~ lnkhyl,,False,"Name: mqh~ mqdr@
link: https://www.google.com/maps/search/%D9%85%D9%82%D9%87%D9%89+%D9%85%D9%82%D8%AF%D8%B1%D8%A9/@35.4402852,-0.4290064?authuser=0&hl=en&entry=ttu
Reviews: 3 reviews

Name: mqh~ tydy
link: https://www.google.com/maps/search/%D9%85%D9%82%D9%87%D9%89+%D8%AA%D9%8A%D8%AF%D9%8A/@35.1729821,0.2967335?authuser=0&hl=en&entry=ttu
Reviews: 1 reviews

Name: mqh~ bn ms`wd@ mHmd
link: https://www.google.com/maps/search/%D9%85%D9%82%D9%87%D9%89+%D8%A8%D9%86+%D9%85%D8%B3%D8%B9%D9%88%D8%AF%D8%A9+%D9%85%D8%AD%D9%85%D8%AF/@34.96565100000001,0.301655?authuser=0&hl=en&entry=ttu
Reviews: 1 reviews",1,,mqh~ lnkhyl (Owner),,,Coffee shop,Coffee shop,5,,Open All Days,,"mqh~ lnkhyl, 4QQ3+XVP, msyd,, Algeria",,https://www.google.com/maps/place/%D9%85%D9%82%D9%87%D9%89+%D8%A7%D9%84%D9%86%D8%AE%D9%8A%D9%84%E2%80%AD/data=!4m7!3m6!1s0xd7fcbdcafe82183:0x8752244642e48e20!8m2!3d35.1397651!4d-0.246112!16s%2Fg%2F11sqcr9phx!19sChIJgyHor9zLfw0RII7kQkYkUoc?authuser=0&hl=en&rclk=1,,,0,0,0,0,1,,https://search.google.com/local/reviews?placeid=ChIJgyHor9zLfw0RII7kQkYkUoc&q=%D9%85%D9%82%D9%87%D9%89+%D8%A7%D9%84%D9%86%D8%AE%D9%8A%D9%84%E2%80%AD&authuser=0&hl=en&gl=DZ,"35.1397651,-0.246112","4QQ3+WH M'Cid, Algeria",M'cid,"4QQ3+XVP, msyd,",M'Cid,,,DZ,Africa/Algiers,9750896027399130656,0xd7fcbdcafe82183:0x8752244642e48e20,,,,Coffee,,,Not Present,Not Present,,,Wheelchair accessible restroom,,,,Restroom,,Groups,,Cozy,,,,,
ChIJE9LNdmMpfg0R8SB5zJhYKks,Cafetria Mascara,,False,,,,Cafetria Mascara (Owner),,,Coffee shop,Coffee shop,,,Open All Days,,"8W8X+XW2 Cafetria Mascara, Bou Hanifia, Algeria",,https://www.google.com/maps/place/Cafetria+Mascara/data=!4m7!3m6!1s0xd7e296376cdd213:0x4b2a5898cc7920f1!8m2!3d35.3173811!4d-0.0502459!16s%2Fg%2F11l29_lf6f!19sChIJE9LNdmMpfg0R8SB5zJhYKks?authuser=0&hl=en&rclk=1,,,,,,,,,https://search.google.com/local/reviews?placeid=ChIJE9LNdmMpfg0R8SB5zJhYKks&q=Cafetria+Mascara&authuser=0&hl=en&gl=DZ,"35.3173811,-0.050245899999999996",,Bou Hanifia,8W8X+XW2,Bou Hanifia,,,DZ,Africa/Algiers,5416238915155206385,0xd7e296376cdd213:0x4b2a5898cc7920f1,,,,Coffee,,,Not Present,Not Present,,,,,,,,,Groups,,Cozy,,Good for kids,,,
ChIJ63PWiwErfg0Ra8qgsrhP-Do,Sweets and refreshments,,False,"Name: Cafeteria Omar
link: https://www.google.com/maps/search/Caf%C3%A9t%C3%A9ria+Omar/@35.3839754,0.1231994?authuser=0&hl=en&entry=ttu
Reviews: 2 reviews

Name: SweetShop
link: https://www.google.com/maps/search/SweetShop/@34.852088099999996,0.13681569999999998?authuser=0&hl=en&entry=ttu
Reviews: 1 reviews

Name: Creamer
link: https://www.google.com/maps/search/Creamer/@35.2236395,-0.008318299999999999?authuser=0&hl=en&entry=ttu
Reviews: 0 reviews

Name: Cafetiere bachire
link: https://www.google.com/maps/search/Cafeti%C3%A8re+bachire/@34.881433,0.1540373?authuser=0&hl=en&entry=ttu
Reviews: 0 reviews

Name: Coffee shop
link: https://www.google.com/maps/search/Coffee+shop/@34.841575,0.1455304?authuser=0&hl=en&entry=ttu
Reviews: 0 reviews",,,Sweets and refreshments (Owner),,,Coffee shop,Coffee shop,,,Open All Days,,"6XGV+4PV Sweets and refreshments, Ain Fekan, Algeria",,https://www.google.com/maps/place/Sweets+and+refreshments/data=!4m7!3m6!1s0xd7e2b018bd673eb:0x3af84fb8b2a0ca6b!8m2!3d35.2253575!4d-0.0057077!16s%2Fg%2F11n5w875y0!19sChIJ63PWiwErfg0Ra8qgsrhP-Do?authuser=0&hl=en&rclk=1,,,,,,,,,https://search.google.com/local/reviews?placeid=ChIJ63PWiwErfg0Ra8qgsrhP-Do&q=Sweets+and+refreshments&authuser=0&hl=en&gl=DZ,"35.2253575,-0.0057077",,Ain Fekan,6XGV+4PV,Ain Fekan,,,DZ,Africa/Algiers,4249233903113521771,0xd7e2b018bd673eb:0x3af84fb8b2a0ca6b,,,,Coffee,,,Not Present,Not Present,Takeout,,,,Dessert,,Restroom,,Groups,,Cozy,,Good for kids,,,
ChIJ7f5DgRA1fg0Rq-lwhh6jyus,mqh~ sfyzf,,False,,,,mqh~ sfyzf (Owner),,,Coffee shop,Coffee shop,,,Open All Days,,"6QM5+P6G mqh~ sfyzf, Sfisef 22001, Algeria",,https://www.google.com/maps/place/%D9%85%D9%82%D9%87%D9%89+%D8%B3%D9%81%D9%8A%D8%B2%D9%81%E2%80%AD/data=!4m7!3m6!1s0xd7e35108143feed:0xebcaa31e8670e9ab!8m2!3d35.2343012!4d-0.2419081!16s%2Fg%2F11l72nvfzb!19sChIJ7f5DgRA1fg0Rq-lwhh6jyus?authuser=0&hl=en&rclk=1,,,,,,,,,https://search.google.com/local/reviews?placeid=ChIJ7f5DgRA1fg0Rq-lwhh6jyus&q=%D9%85%D9%82%D9%87%D9%89+%D8%B3%D9%81%D9%8A%D8%B2%D9%81%E2%80%AD&authuser=0&hl=en&gl=DZ,"35.2343012,-0.2419081",,Sfisef,6QM5+P6G,Sfisef,,,DZ,Africa/Algiers,16990571895708510635,0xd7e35108143feed:0xebcaa31e8670e9ab,,,,Coffee,,,Not Present,Not Present,,,,,,,,,Groups,,Cozy,,,,,
ChIJpRfZc7rNfw0RGl4RiTTlOHc,mqh~ sH@ lshhd,,False,"Name: lmHmdy@ lSHwry@
link: https://www.google.com/maps/search/%D8%A7%D9%84%D9%85%D8%AD%D9%85%D8%AF%D9%8A%D8%A9+%D8%A7%D9%84%D8%B5%D8%AD%D8%A7%D9%88%D8%B1%D9%8A%D8%A9/@35.625462,0.1221424?authuser=0&hl=en&entry=ttu
Reviews: 4 reviews

Name: cafe el makam
link: https://www.google.com/maps/search/caf%C3%A9+el+makam/@35.2357379,-0.23876919999999996?authuser=0&hl=en&entry=ttu
Reviews: 2 reviews

Name: SfSyf
link: https://www.google.com/maps/search/%D8%B5%D9%81%D8%A7%D8%B5%D9%8A%D9%81/@35.4633513,0.2675024?authuser=0&hl=en&entry=ttu
Reviews: 0 reviews",,,mqh~ sH@ lshhd (Owner),,,Coffee shop,Coffee shop,,,Open All Days,,"6R4V+MHM mqh~ sH@ lshhd, Ain Frass, Algeria",,https://www.google.com/maps/place/%D9%85%D9%82%D9%87%D9%89+%D8%B3%D8%A7%D8%AD%D8%A9+%D8%A7%D9%84%D8%B4%D9%87%D8%AF%D8%A7%D8%A1%E2%80%AD/data=!4m7!3m6!1s0xd7fcdba73d917a5:0x7738e53489115e1a!8m2!3d35.2067156!4d-0.1560775!16s%2Fg%2F11q9qcq1hb!19sChIJpRfZc7rNfw0RGl4RiTTlOHc?authuser=0&hl=en&rclk=1,,,,,,,,,https://search.google.com/local/reviews?placeid=ChIJpRfZc7rNfw0RGl4RiTTlOHc&q=%D9%85%D9%82%D9%87%D9%89+%D8%B3%D8%A7%D8%AD%D8%A9+%D8%A7%D9%84%D8%B4%D9%87%D8%AF%D8%A7%D8%A1%E2%80%AD&authuser=0&hl=en&gl=DZ,"35.206715599999995,-0.15607749999999998",,Ain Fras,6R4V+MHM,Ain Frass,,,DZ,Africa/Algiers,8590868303009898010,0xd7fcdba73d917a5:0x7738e53489115e1a,,,,"Coffee, Small plates",,,Not Present,Not Present,,,"Wheelchair accessible entrance, Wheelchair accessible restroom, Wheelchair accessible seating",,Dessert,,Restroom,,Groups,,Cozy,,Good for kids,,,
ChIJ4YvclHbbgRIR4ZkNB8s7ynE,Cafeteria casablanca,,False,"Name: Cafeter la bonne rencontre
link: https://www.google.com/maps/search/Caf%C3%A9ter+la+bonne+rencontre/@35.410427,0.1444162?authuser=0&hl=en&entry=ttu
Reviews: 1 reviews

Name: Cafeteria Zahra
link: https://www.google.com/maps/search/Caf%C3%A9t%C3%A9ria+Zahra/@35.3952245,0.14456929999999998?authuser=0&hl=en&entry=ttu
Reviews: 1 reviews

Name: mqh~ khlyl
link: https://www.google.com/maps/search/%D9%85%D9%82%D9%87%D9%89+%D8%AE%D9%84%D9%8A%D9%84/@35.4020988,0.1400257?authuser=0&hl=en&entry=ttu
Reviews: 0 reviews",,,Cafeteria casablanca (Owner),https://www.google.com/maps/contrib/109224688493258596978,https://lh5.googleusercontent.com/p/AF1QipNAyxfwZti6taitVIVjhBBLJaUhAR6-Y4dgZlE=w530-h240-k-no,Coffee shop,Coffee shop,,5 AM-10:30 PM,Open All Days,,"Cafeteria casablanca, Rue Salaheddine Ayoubi, Mascara, Algeria",,https://www.google.com/maps/place/Cafeteria+casablanca/data=!4m7!3m6!1s0x1281db7694dc8be1:0x71ca3bcb070d99e1!8m2!3d35.4002926!4d0.1396559!16s%2Fg%2F11q2w581cn!19sChIJ4YvclHbbgRIR4ZkNB8s7ynE?authuser=0&hl=en&rclk=1,Open  Closes 10:30 PM,,,,,,,,https://search.google.com/local/reviews?placeid=ChIJ4YvclHbbgRIR4ZkNB8s7ynE&q=Cafeteria+casablanca&authuser=0&hl=en&gl=DZ,"35.4002926,0.1396559","C42Q+4V Mascara, Algeria",Mascara,Rue Salaheddine Ayoubi,Mascara,,,DZ,Africa/Algiers,8199431814764141025,0x1281db7694dc8be1:0x71ca3bcb070d99e1,,,,Coffee,,"Monday: 5 AM-10:30 PM
Tuesday: 5 AM-10:30 PM
Wednesday: 5 AM-10:30 PM
Thursday: 5 AM-10:30 PM
Friday: 5 AM-10:30 PM
Saturday: 5 AM-10:30 PM
Sunday: 5 AM-10:30 PM","6 PM, 4 PM, 5 PM
---
Time Label: 6 PM
Average Popularity: 39.857142857142854

Time Label: 4 PM
Average Popularity: 36.0

Time Label: 5 PM
Average Popularity: 36.0","Monday:
    4 AM: 0% | Idle
    5 AM: 18% | Usually not busy
    6 AM: 9% | Usually not busy
    7 AM: 0% | Idle
    8 AM: 9% | Usually not busy
    9 AM: 18% | Usually not busy
    10 AM: 36% | Usually not too busy
    11 AM: 18% | Usually not busy
    12 PM: 9% | Usually not busy
    1 PM: 0% | Idle
    2 PM: 9% | Usually not busy
    3 PM: 18% | Usually not busy
    4 PM: 9% | Usually not busy
    5 PM: 0% | Idle
    6 PM: 0% | Idle
    7 PM: 0% | Idle
    8 PM: 0% | Idle
    9 PM: 0% | Idle
    10 PM: 9% | Usually not busy

Tuesday:
    4 AM: 0% | Idle
    5 AM: 36% | Usually not too busy
    6 AM: 18% | Usually not busy
    7 AM: 18% | Usually not busy
    8 AM: 18% | Usually not busy
    9 AM: 18% | Usually not busy
    10 AM: 27% | Usually not too busy
    11 AM: 27% | Usually not too busy
    12 PM: 9% | Usually not busy
    1 PM: 0% | Idle
    2 PM: 18% | Usually not busy
    3 PM: 45% | Usually not too busy
    4 PM: 81% | Usually as busy as it gets
    5 PM: 45% | Usually not too busy
    6 PM: 45% | Usually not too busy
    7 PM: 18% | Usually not busy
    8 PM: 9% | Usually not busy
    9 PM: 18% | Usually not busy
    10 PM: 18% | Usually not busy

Wednesday:
    4 AM: 0% | Idle
    5 AM: 0% | Idle
    6 AM: 9% | Usually not busy
    7 AM: 18% | Usually not busy
    8 AM: 9% | Usually not busy
    9 AM: 9% | Usually not busy
    10 AM: 18% | Usually not busy
    11 AM: 27% | Usually not too busy
    12 PM: 36% | Usually not too busy
    1 PM: 100% | Usually as busy as it gets
    2 PM: 81% | Usually as busy as it gets
    3 PM: 63% | Usually a little busy
    4 PM: 18% | Usually not busy
    5 PM: 18% | Usually not busy
    6 PM: 27% | Usually not too busy
    7 PM: 27% | Usually not too busy
    8 PM: 36% | Usually not too busy
    9 PM: 27% | Usually not too busy
    10 PM: 9% | Usually not busy

Thursday:
    4 AM: 0% | Idle
    5 AM: 27% | Usually not too busy
    6 AM: 36% | Usually not too busy
    7 AM: 27% | Usually not too busy
    8 AM: 27% | Usually not too busy
    9 AM: 36% | Usually not too busy
    10 AM: 18% | Usually not busy
    11 AM: 18% | Usually not busy
    12 PM: 9% | Usually not busy
    1 PM: 27% | Usually not too busy
    2 PM: 63% | Usually a little busy
    3 PM: 36% | Usually not too busy
    4 PM: 36% | Usually not too busy
    5 PM: 54% | Usually a little busy
    6 PM: 36% | Usually not too busy
    7 PM: 27% | Usually not too busy
    8 PM: 45% | Usually not too busy
    9 PM: 54% | Usually a little busy
    10 PM: 36% | Usually not too busy

Friday:
    4 AM: 0% | Idle
    5 AM: 18% | Usually not busy
    6 AM: 45% | Usually not too busy
    7 AM: 18% | Usually not busy
    8 AM: 9% | Usually not busy
    9 AM: 9% | Usually not busy
    10 AM: 36% | Usually not too busy
    11 AM: 72% | Usually a little busy
    12 PM: 63% | Usually a little busy
    1 PM: 27% | Usually not too busy
    2 PM: 27% | Usually not too busy
    3 PM: 18% | Usually not busy
    4 PM: 45% | Usually not too busy
    5 PM: 45% | Usually not too busy
    6 PM: 72% | Usually a little busy
    7 PM: 36% | Usually not too busy
    8 PM: 36% | Usually not too busy
    9 PM: 36% | Usually not too busy
    10 PM: 9% | Usually not busy

Saturday:
    4 AM: 0% | Idle
    5 AM: 18% | Usually not busy
    6 AM: 36% | Usually not too busy
    7 AM: 18% | Usually not busy
    8 AM: 9% | Usually not busy
    9 AM: 9% | Usually not busy
    10 AM: 18% | Usually not busy
    11 AM: 9% | Usually not busy
    12 PM: 0% | Idle
    1 PM: 9% | Usually not busy
    2 PM: 27% | Usually not too busy
    3 PM: 45% | Usually not too busy
    4 PM: 54% | Usually a little busy
    5 PM: 63% | Usually a little busy
    6 PM: 27% | Usually not too busy
    7 PM: 9% | Usually not busy
    8 PM: 0% | Idle
    9 PM: 0% | Idle
    10 PM: 9% | Usually not busy

Sunday:
    4 AM: 0% | Idle
    5 AM: 18% | Usually not busy
    6 AM: 0% | Idle
    7 AM: 0% | Idle
    8 AM: 0% | Idle
    9 AM: 0% | Idle
    10 AM: 0% | Idle
    11 AM: 9% | Usually not busy
    12 PM: 27% | Usually not too busy
    1 PM: 9% | Usually not busy
    2 PM: 0% | Idle
    3 PM: 9% | Usually not busy
    4 PM: 9% | Usually not busy
    5 PM: 27% | Usually not too busy
    6 PM: 72% | Usually a little busy
    7 PM: 54% | Usually a little busy
    8 PM: 45% | Usually not too busy
    9 PM: 9% | Usually not busy
    10 PM: 0% | Idle",,,,,Breakfast,,Restroom,,Groups,,,,,,,
ChIJfddbhi3TgRIRRr0RVWmu3dU,mqh~ sjy,,False,"Name: SffH@
link: https://www.google.com/maps/search/%D8%B5%D9%81%D8%A7%D9%81%D8%AD%D8%A9/@35.6439586,0.1298032?authuser=0&hl=en&entry=ttu
Reviews: 2 reviews

Name: mqh~ Grysy fryH
link: https://www.google.com/maps/search/%D9%85%D9%82%D9%87%D9%89+%D8%BA%D8%B1%D9%8A%D8%B3%D9%8A+%D9%81%D8%B1%D9%8A%D8%AD/@35.3788643,0.2492489?authuser=0&hl=en&entry=ttu
Reviews: 0 reviews

Name: Cafe restaurant Serradji
link: https://www.google.com/maps/search/Caf%C3%A9+restaurant+Serradji/@35.37939840000001,0.1180678?authuser=0&hl=en&entry=ttu
Reviews: 0 reviews

Name: mqhy qry`
link: https://www.google.com/maps/search/%D9%85%D9%82%D9%87%D9%8A+%D9%82%D8%B1%D9%8A%D8%B9/@35.5307891,-0.1926966?authuser=0&hl=en&entry=ttu
Reviews: 0 reviews",,,mqh~ sjy (Owner),,,Coffee shop,Coffee shop,,,Open All Days,,"842G+GMX mqh~ sjy, N6, Froha, Algeria",,https://www.google.com/maps/place/%D9%85%D9%82%D9%87%D9%89+%D8%B3%D8%A7%D8%AC%D9%8A%E2%80%AD/data=!4m7!3m6!1s0x1281d32d865bd77d:0xd5ddae695511bd46!8m2!3d35.3013701!4d0.1267488!16s%2Fg%2F11smwg59hy!19sChIJfddbhi3TgRIRRr0RVWmu3dU?authuser=0&hl=en&rclk=1,,,,,,,,,https://search.google.com/local/reviews?placeid=ChIJfddbhi3TgRIRRr0RVWmu3dU&q=%D9%85%D9%82%D9%87%D9%89+%D8%B3%D8%A7%D8%AC%D9%8A%E2%80%AD&authuser=0&hl=en&gl=DZ,"35.3013701,0.1267488",,Froha,"842G+GMX, N6",Froha,,,DZ,Africa/Algiers,15410665267353730374,0x1281d32d865bd77d:0xd5ddae695511bd46,,,,Coffee,,,Not Present,Not Present,,,,,,,Restroom,,Groups,,,,,,,
ChIJQ0-JGoTbgRIRPWAJhTs2pE0,mqh~ khlyl,,False,"Name: Cafeteria Zahra
link: https://www.google.com/maps/search/Caf%C3%A9t%C3%A9ria+Zahra/@35.3952245,0.14456929999999998?authuser=0&hl=en&entry=ttu
Reviews: 1 reviews

Name: Cafeteria casablanca
link: https://www.google.com/maps/search/Cafeteria+casablanca/@35.4002926,0.1396559?authuser=0&hl=en&entry=ttu
Reviews: 0 reviews

Name: mqh~ tysyr
link: https://www.google.com/maps/search/%D9%85%D9%82%D9%87%D9%89+%D8%AA%D9%8A%D8%B3%D9%8A%D8%B1/@35.3955675,0.1376164?authuser=0&hl=en&entry=ttu
Reviews: 0 reviews",,,mqh~ khlyl (Owner),,,Coffee shop,Coffee shop,,,Open All Days,,"mqh~ khlyl, SHwry@ mHmdy@, Mascara, Algeria",,https://www.google.com/maps/place/%D9%85%D9%82%D9%87%D9%89+%D8%AE%D9%84%D9%8A%D9%84%E2%80%AD/data=!4m7!3m6!1s0x1281db841a894f43:0x4da4363b8509603d!8m2!3d35.4020988!4d0.1400257!16s%2Fg%2F11s5y_r8r6!19sChIJQ0-JGoTbgRIRPWAJhTs2pE0?authuser=0&hl=en&rclk=1,,,,,,,,,https://search.google.com/local/reviews?placeid=ChIJQ0-JGoTbgRIRPWAJhTs2pE0&q=%D9%85%D9%82%D9%87%D9%89+%D8%AE%D9%84%D9%8A%D9%84%E2%80%AD&authuser=0&hl=en&gl=DZ,"35.4020988,0.1400257",,Mascara,SHwry@ mHmdy@,Mascara,,,DZ,Africa/Algiers,5594656266363953213,0x1281db841a894f43:0x4da4363b8509603d,,,,Coffee,,,Not Present,Not Present,,,,,,,Restroom,,Groups,,Cozy,,,,,
ChIJc6glra_bgRIR2muBV8xE3L4,Nawnaw,,False,,,,Nawnaw (Owner),,,Coffee shop,Coffee shop,,,Open All Days,,"C43F+QV3 Nawnaw, Rue I, Mascara, Algeria",,https://www.google.com/maps/place/Nawnaw/data=!4m7!3m6!1s0x1281dbafad25a873:0xbedc44cc57816bda!8m2!3d35.4043941!4d0.1246845!16s%2Fg%2F11khtbpsxn!19sChIJc6glra_bgRIR2muBV8xE3L4?authuser=0&hl=en&rclk=1,,,,,,,,,https://search.google.com/local/reviews?placeid=ChIJc6glra_bgRIR2muBV8xE3L4&q=Nawnaw&authuser=0&hl=en&gl=DZ,"35.4043941,0.12468449999999999",,Mascara,"C43F+QV3, Rue I",Mascara,,,DZ,Africa/Algiers,13752943006514768858,0x1281dbafad25a873:0xbedc44cc57816bda,,,,Coffee,,,Not Present,Not Present,,,,,"Breakfast, Dessert",,Restroom,,Groups,,Cozy,,,,,
ChIJcymYGRjbgRIRD5O79RYJQ7M,Caferia banhatat,,False,"Name: Cafe Gabritte
link: https://www.google.com/maps/search/Caf%C3%A9+Gabritte/@35.395249299999996,0.13905679999999998?authuser=0&hl=en&entry=ttu
Reviews: 4 reviews

Name: cafe sido lhaba
link: https://www.google.com/maps/search/caf%C3%A9+sido+lhaba/@35.4070782,0.1350611?authuser=0&hl=en&entry=ttu
Reviews: 2 reviews",,,Caferia banhatat (Owner),,,Coffee shop,Coffee shop,,,Open All Days,,"C42H+CV2 Caferia banhatat, Mascara, Algeria",,https://www.google.com/maps/place/Caferia+banhatat/data=!4m7!3m6!1s0x1281db1819982973:0xb3430916f5bb930f!8m2!3d35.4010015!4d0.1296419!16s%2Fg%2F11t3_3tvz_!19sChIJcymYGRjbgRIRD5O79RYJQ7M?authuser=0&hl=en&rclk=1,,,,,,,,,https://search.google.com/local/reviews?placeid=ChIJcymYGRjbgRIRD5O79RYJQ7M&q=Caferia+banhatat&authuser=0&hl=en&gl=DZ,"35.4010015,0.1296419",,Mascara,C42H+CV2,Mascara,,,DZ,Africa/Algiers,12917178150445355791,0x1281db1819982973:0xb3430916f5bb930f,,,,"Coffee, Small plates",,,Not Present,Not Present,,,,,Dessert,,Restroom,,Groups,,Cozy,,Good for kids,,,
ChIJK6BDy__BgRIR7sOclROcfLQ,Cafeteria,,False,,,,Cafeteria (Owner),,,Coffee shop,Coffee shop,,,Open All Days,,"F6HV+C39 Cafeteria, Ain Fares, Algeria",,https://www.google.com/maps/place/Caf%C3%A9t%C3%A9ria/data=!4m7!3m6!1s0x1281c1ffcb43a02b:0xb47c9c13959cc3ee!8m2!3d35.4785186!4d0.243098!16s%2Fg%2F11v3_tb9w3!19sChIJK6BDy__BgRIR7sOclROcfLQ?authuser=0&hl=en&rclk=1,,,,,,,,,https://search.google.com/local/reviews?placeid=ChIJK6BDy__BgRIR7sOclROcfLQ&q=Caf%C3%A9t%C3%A9ria&authuser=0&hl=en&gl=DZ,"35.4785186,0.24309799999999998",,Ain Fares,F6HV+C39,Ain Fares,,,DZ,Africa/Algiers,13005441431867540462,0x1281c1ffcb43a02b:0xb47c9c13959cc3ee,,,,"Coffee, Small plates",,,Not Present,Not Present,Takeout,,Wheelchair accessible seating,,"Lunch, Dinner, Dessert",,Restroom,,Groups,,Cozy,,Good for kids,,,
ChIJ3fbnhsbJgRIRwm9_M9u1frM,Cafeteria Coffee cila,,False,,,,Cafeteria Coffee cila (Owner),,,Coffee shop,Coffee shop,,,Open All Days,,"96HR+8C5 Cafeteria Coffee cila, Maoussa, Algeria",,https://www.google.com/maps/place/Caf%C3%A9t%C3%A9ria+Coffee+cila/data=!4m7!3m6!1s0x1281c9c686e7f6dd:0xb37eb5db337f6fc2!8m2!3d35.3782647!4d0.2411165!16s%2Fg%2F11v5xm_3bf!19sChIJ3fbnhsbJgRIRwm9_M9u1frM?authuser=0&hl=en&rclk=1,,,,,,,,,https://search.google.com/local/reviews?placeid=ChIJ3fbnhsbJgRIRwm9_M9u1frM&q=Caf%C3%A9t%C3%A9ria+Coffee+cila&authuser=0&hl=en&gl=DZ,"35.378264699999995,0.24111649999999998",,Maoussa,96HR+8C5,Maoussa,,,DZ,Africa/Algiers,12933975132921098178,0x1281c9c686e7f6dd:0xb37eb5db337f6fc2,,,,"Coffee, Small plates",,,Not Present,Not Present,Takeout,,"Wheelchair accessible entrance, Wheelchair accessible parking lot, Wheelchair accessible seating",,"Lunch, Dessert",,Restroom,,Groups,,Cozy,,,,,
ChIJ2eG0N-HbgRIRnWPWpI_qiVU,mqh~ tysyr,,False,"Name: Cafeteria Zahra
link: https://www.google.com/maps/search/Caf%C3%A9t%C3%A9ria+Zahra/@35.3952245,0.14456929999999998?authuser=0&hl=en&entry=ttu
Reviews: 1 reviews

Name: mqh~ khlyl
link: https://www.google.com/maps/search/%D9%85%D9%82%D9%87%D9%89+%D8%AE%D9%84%D9%8A%D9%84/@35.4020988,0.1400257?authuser=0&hl=en&entry=ttu
Reviews: 0 reviews

Name: Cafeteria casablanca
link: https://www.google.com/maps/search/Cafeteria+casablanca/@35.4002926,0.1396559?authuser=0&hl=en&entry=ttu
Reviews: 0 reviews",,,mqh~ tysyr (Owner),,,Coffee shop,Coffee shop,,,Open All Days,,"94WQ+62H mqh~ tysyr, Av. Tounsi Mohamed, Mascara, Algeria",,https://www.google.com/maps/place/%D9%85%D9%82%D9%87%D9%89+%D8%AA%D9%8A%D8%B3%D9%8A%D8%B1%E2%80%AD/data=!4m7!3m6!1s0x1281dbe137b4e1d9:0x5589ea8fa4d6639d!8m2!3d35.3955675!4d0.1376164!16s%2Fg%2F11q3m9lfp0!19sChIJ2eG0N-HbgRIRnWPWpI_qiVU?authuser=0&hl=en&rclk=1,,,,,,,,,https://search.google.com/local/reviews?placeid=ChIJ2eG0N-HbgRIRnWPWpI_qiVU&q=%D9%85%D9%82%D9%87%D9%89+%D8%AA%D9%8A%D8%B3%D9%8A%D8%B1%E2%80%AD&authuser=0&hl=en&gl=DZ,"35.3955675,0.1376164",,Mascara,"94WQ+62H, Av. Tounsi Mohamed",Mascara,,,DZ,Africa/Algiers,6163715467699970973,0x1281dbe137b4e1d9:0x5589ea8fa4d6639d,,,,Coffee,,,Not Present,Not Present,,,Wheelchair accessible seating,,Breakfast,,Restroom,,Groups,,,,,,,
ChIJTacIIYTbgRIRvO0EEhhXGpc,Pastry Nozha,,False,"Name: Patisserie Chaima
link: https://www.google.com/maps/search/P%C3%A0tisserie+Chaima/@35.4097618,0.14995319999999998?authuser=0&hl=en&entry=ttu
Reviews: 2 reviews

Name: Coffee Lynxe
link: https://www.google.com/maps/search/Coffee+Lynxe/@35.4097996,0.1402028?authuser=0&hl=en&entry=ttu
Reviews: 0 reviews

Name: Cafe hopital
link: https://www.google.com/maps/search/Cafe+hopital/@35.4210622,0.3223624?authuser=0&hl=en&entry=ttu
Reviews: 0 reviews",,,Pastry Nozha (Owner),,https://lh5.googleusercontent.com/p/AF1QipOPOTyazLDC3e_zTdvTnCjw6aqsf-KpLsj1o16f=w426-h240-k-no,Coffee shop,Coffee shop,,,Open All Days,+213 783 82 41 16,"94XQ+3RF Pastry Nozha, Rue S Mahmoud, Mascara, Algeria",,https://www.google.com/maps/place/Pastry+Nozha/data=!4m7!3m6!1s0x1281db842108a74d:0x971a57181204edbc!8m2!3d35.3976844!4d0.1395338!16s%2Fg%2F11jzzx443c!19sChIJTacIIYTbgRIRvO0EEhhXGpc?authuser=0&hl=en&rclk=1,,,,,,,,,https://search.google.com/local/reviews?placeid=ChIJTacIIYTbgRIRvO0EEhhXGpc&q=Pastry+Nozha&authuser=0&hl=en&gl=DZ,"35.397684399999996,0.13953379999999999",,Mascara,"94XQ+3RF, Rue S Mahmoud",Mascara,,,DZ,Africa/Algiers,10888110810014739900,0x1281db842108a74d:0x971a57181204edbc,,,,"Coffee, Small plates",,,Not Present,Not Present,,,"Wheelchair accessible restroom, Wheelchair accessible seating",,"Breakfast, Dinner",,Restroom,,Groups,,Cozy,,Good for kids,,Accepts reservations,
ChIJNcBDHlIvgBIRBJSo8saFCHc,qhw@ bwTws,,False,,,,qhw@ bwTws (Owner),,,Coffee shop,Coffee shop,,,Open All Days,,"438M+39R qhw@ bwTws, Oued Taria, Algeria",,https://www.google.com/maps/place/%D9%82%D9%87%D9%88%D8%A9+%D8%A8%D9%88%D8%B7%D8%A7%D9%88%D8%B3%E2%80%AD/data=!4m7!3m6!1s0x12802f521e43c035:0x770885c6f2a89404!8m2!3d35.1152392!4d0.0833848!16s%2Fg%2F11vlsvr522!19sChIJNcBDHlIvgBIRBJSo8saFCHc?authuser=0&hl=en&rclk=1,,,,,,,,,https://search.google.com/local/reviews?placeid=ChIJNcBDHlIvgBIRBJSo8saFCHc&q=%D9%82%D9%87%D9%88%D8%A9+%D8%A8%D9%88%D8%B7%D8%A7%D9%88%D8%B3%E2%80%AD&authuser=0&hl=en&gl=DZ,"35.1152392,0.0833848",,Oued Taria,438M+39R,Oued Taria,,,DZ,Africa/Algiers,8577252579848262660,0x12802f521e43c035:0x770885c6f2a89404,,,,Coffee,,,Not Present,Not Present,,,,,,,,,Groups,,Cozy,,,,,
ChIJx-homkfbgRIR3jZZ6a75ejI,Kharachi Abd el'hamid,,False,,,,Kharachi Abd el'hamid (Owner),,,Coffee shop,Coffee shop,,,Open All Days,,"C46M+CQC Kharachi Abd el'hamid, Mascara, Algeria",,https://www.google.com/maps/place/Kharachi+Abd+el%27hamid/data=!4m7!3m6!1s0x1281db479a68e8c7:0x327af9aee95936de!8m2!3d35.4110681!4d0.1343807!16s%2Fg%2F11ss3jl9dx!19sChIJx-homkfbgRIR3jZZ6a75ejI?authuser=0&hl=en&rclk=1,,,,,,,,,https://search.google.com/local/reviews?placeid=ChIJx-homkfbgRIR3jZZ6a75ejI&q=Kharachi+Abd+el%27hamid&authuser=0&hl=en&gl=DZ,"35.4110681,0.1343807",,Mascara,C46M+CQC,Mascara,,,DZ,Africa/Algiers,3637494178689660638,0x1281db479a68e8c7:0x327af9aee95936de,,,,"Coffee, Small plates",,,Not Present,Not Present,"Takeout, Dine-in",,Wheelchair accessible seating,,"Breakfast, Dessert",,Restroom,,Groups,,,,Good for kids,,,
ChIJp6cIlqfbgRIRfAkj0nuz0J8,Cafe Pyramide,,False,,,,Cafe Pyramide (Owner),,,Coffee shop,Coffee shop,,,Open All Days,,"Zone 10, Cafe Pyramide, Mascara, Algeria",,https://www.google.com/maps/place/Caf%C3%A9+Pyramide/data=!4m7!3m6!1s0x1281dba79608a7a7:0x9fd0b37bd223097c!8m2!3d35.4103922!4d0.1493798!16s%2Fg%2F11kr3kwkn0!19sChIJp6cIlqfbgRIRfAkj0nuz0J8?authuser=0&hl=en&rclk=1,,,,,,,,,https://search.google.com/local/reviews?placeid=ChIJp6cIlqfbgRIRfAkj0nuz0J8&q=Caf%C3%A9+Pyramide&authuser=0&hl=en&gl=DZ,"35.4103922,0.1493798","C46X+5Q Mascara, Algeria",Mascara,Zone 10,Mascara,,,DZ,Africa/Algiers,11515901591574219132,0x1281dba79608a7a7:0x9fd0b37bd223097c,,,,Coffee,,,Not Present,Not Present,Takeout,,Wheelchair accessible seating,,"Lunch, Dinner, Dessert",,Restroom,,Groups,,Cozy,,,,Accepts reservations,
ChIJkVleP8zRgRIRwMi3Kymy80Y,Cafe restaurant Serradji,,False,"Name: Cafeteria Nour
link: https://www.google.com/maps/search/Cafeteria+Nour/@35.388768999999996,0.1255846?authuser=0&hl=en&entry=ttu
Reviews: 5 reviews

Name: Mohamed
link: https://www.google.com/maps/search/Mohamed/@35.4090756,0.1217693?authuser=0&hl=en&entry=ttu
Reviews: 0 reviews",,,Cafe restaurant Serradji (Owner),,,Coffee shop,Coffee shop,,,Open All Days,,"94H8+HVM Cafe restaurant Serradji, N17A, Mascara, Algeria",,https://www.google.com/maps/place/Caf%C3%A9+restaurant+Serradji/data=!4m7!3m6!1s0x1281d1cc3f5e5991:0x46f3b2292bb7c8c0!8m2!3d35.3793984!4d0.1180678!16s%2Fg%2F11s93sv8gp!19sChIJkVleP8zRgRIRwMi3Kymy80Y?authuser=0&hl=en&rclk=1,,,,,,,,,https://search.google.com/local/reviews?placeid=ChIJkVleP8zRgRIRwMi3Kymy80Y&q=Caf%C3%A9+restaurant+Serradji&authuser=0&hl=en&gl=DZ,"35.3793984,0.1180678",,Mascara,"94H8+HVM, N17A",Mascara,,,DZ,Africa/Algiers,5112625891892512960,0x1281d1cc3f5e5991:0x46f3b2292bb7c8c0,,,,"Coffee, Small plates",,,Not Present,Not Present,,,Wheelchair accessible seating,,"Breakfast, Lunch, Dinner, Dessert",,Restroom,,Groups,,Cozy,,Good for kids,,Accepts reservations,
ChIJrTbaED7bgRIR3jFNzJ-NeFY,Cafe maamar,,False,,,,Cafe maamar (Owner),,,Coffee shop,Coffee shop,,,Open All Days,,"94WP+87G Cafe maamar, Mascara, Algeria",,https://www.google.com/maps/place/Caf%C3%A9+maamar/data=!4m7!3m6!1s0x1281db3e10da36ad:0x56788d9fcc4d31de!8m2!3d35.39542!4d0.135753!16s%2Fg%2F11v4m7tmf4!19sChIJrTbaED7bgRIR3jFNzJ-NeFY?authuser=0&hl=en&rclk=1,,,,,,,,,https://search.google.com/local/reviews?placeid=ChIJrTbaED7bgRIR3jFNzJ-NeFY&q=Caf%C3%A9+maamar&authuser=0&hl=en&gl=DZ,"35.39542,0.13575299999999998",,Mascara,94WP+87G,Mascara,,,DZ,Africa/Algiers,6230885801934008798,0x1281db3e10da36ad:0x56788d9fcc4d31de,,,,Coffee,,,Not Present,Not Present,,,Wheelchair accessible seating,,"Lunch, Dinner, Dessert",,Restroom,,Groups,,Cozy,,,,,
ChIJ7YLQ2rrRgRIR9bEgVWvj_Ps,`bdq bnr`mr,,False,"Name: Cafeteria Omar
link: https://www.google.com/maps/search/Caf%C3%A9t%C3%A9ria+Omar/@35.3839754,0.1231994?authuser=0&hl=en&entry=ttu
Reviews: 2 reviews

Name: qhw@
link: https://www.google.com/maps/search/%D9%82%D9%87%D9%88%D8%A9/@35.4235915,0.1405131?authuser=0&hl=en&entry=ttu
Reviews: 1 reviews

Name: frn
link: https://www.google.com/maps/search/%D9%81%D8%B1%D9%86/@35.4020988,0.1400257?authuser=0&hl=en&entry=ttu
Reviews: 0 reviews",,,`bdq bnr`mr (Owner),,,Coffee shop,Coffee shop,,,Open All Days,,"94G9+C9H `bdq bnr`mr, Mascara, Algeria",,https://www.google.com/maps/place/%D8%B9%D8%A8%D8%AF%D9%82+%D8%A8%D9%86%D8%B1%D8%B9%D9%85%D8%B1%E2%80%AD/data=!4m7!3m6!1s0x1281d1badad082ed:0xfbfce36b5520b1f5!8m2!3d35.3760619!4d0.1184862!16s%2Fg%2F11rr4_2g6l!19sChIJ7YLQ2rrRgRIR9bEgVWvj_Ps?authuser=0&hl=en&rclk=1,,,,,,,,,https://search.google.com/local/reviews?placeid=ChIJ7YLQ2rrRgRIR9bEgVWvj_Ps&q=%D8%B9%D8%A8%D8%AF%D9%82+%D8%A8%D9%86%D8%B1%D8%B9%D9%85%D8%B1%E2%80%AD&authuser=0&hl=en&gl=DZ,"35.376061899999996,0.1184862",,Mascara,94G9+C9H,Mascara,,,DZ,Africa/Algiers,18157637847780209141,0x1281d1badad082ed:0xfbfce36b5520b1f5,,,,"Coffee, Small plates",,,Not Present,Not Present,Takeout,,"Wheelchair accessible entrance, Wheelchair accessible restroom, Wheelchair accessible seating",,"Breakfast, Dessert",,Restroom,,Groups,,Cozy,,Good for kids,,Accepts reservations,
ChIJfW83sSHBgRIRm70kkQlDApU,mqh~ lHj myHy ldyn,,False,"Name: mqh~ Hmddw
link: https://www.google.com/maps/search/%D9%85%D9%82%D9%87%D9%89+%D8%AD%D9%85%D8%AF%D8%A7%D8%AF%D9%88/@35.4142448,0.327971?authuser=0&hl=en&entry=ttu
Reviews: 3 reviews

Name: mqh~ lHj `ly
link: https://www.google.com/maps/search/%D9%85%D9%82%D9%87%D9%89+%D8%A7%D9%84%D8%AD%D8%A7%D8%AC+%D8%B9%D9%84%D9%8A/@35.3024279,0.20655590000000001?authuser=0&hl=en&entry=ttu
Reviews: 2 reviews

Name: mqh~ Hj lbll
link: https://www.google.com/maps/search/%D9%85%D9%82%D9%87%D9%89+%D8%AD%D8%A7%D8%AC+%D9%84%D8%A8%D9%84%D8%A7%D9%84/@35.5779324,0.0546366?authuser=0&hl=en&entry=ttu
Reviews: 0 reviews",,,mqh~ lHj myHy ldyn (Owner),,,Coffee shop,Coffee shop,,,Open All Days,,"F6HV+PHF mqh~ lHj myHy ldyn, shr` 'wl nwfmbr 1954, Ain Fares, Algeria",,https://www.google.com/maps/place/%D9%85%D9%82%D9%87%D9%89+%D8%A7%D9%84%D8%AD%D8%A7%D8%AC+%D9%85%D9%8A%D8%AD%D9%8A+%D8%A7%D9%84%D8%AF%D9%8A%D9%86%E2%80%AD/data=!4m7!3m6!1s0x1281c121b1376f7d:0x950243099124bd9b!8m2!3d35.4793044!4d0.2439268!16s%2Fg%2F11t622vb2p!19sChIJfW83sSHBgRIRm70kkQlDApU?authuser=0&hl=en&rclk=1,,,,,,,,,https://search.google.com/local/reviews?placeid=ChIJfW83sSHBgRIRm70kkQlDApU&q=%D9%85%D9%82%D9%87%D9%89+%D8%A7%D9%84%D8%AD%D8%A7%D8%AC+%D9%85%D9%8A%D8%AD%D9%8A+%D8%A7%D9%84%D8%AF%D9%8A%D9%86%E2%80%AD&authuser=0&hl=en&gl=DZ,"35.4793044,0.2439268",,Ain Fares,"F6HV+PHF, shr` 'wl nwfmbr 1954",Ain Fares,,,DZ,Africa/Algiers,10737218169973554587,0x1281c121b1376f7d:0x950243099124bd9b,,,,Coffee,,,Not Present,Not Present,Takeout,,"Wheelchair accessible restroom, Wheelchair accessible seating",,"Breakfast, Dessert",,Restroom,,Groups,,Cozy,,,,,
ChIJ5REsAb7Jfw0RFgfVUMRBPZ4,cosmetic,,False,,,,cosmetic (Owner),,,Coffee shop,Coffee shop,,,Open All Days,,"4P64+F2W cosmetic, Oued Sefioun, Algeria",,https://www.google.com/maps/place/cosmetic/data=!4m7!3m6!1s0xd7fc9be012c11e5:0x9e3d41c450d50716!8m2!3d35.1111429!4d-0.2953219!16s%2Fg%2F11kr8cr3_1!19sChIJ5REsAb7Jfw0RFgfVUMRBPZ4?authuser=0&hl=en&rclk=1,,,,,,,,,https://search.google.com/local/reviews?placeid=ChIJ5REsAb7Jfw0RFgfVUMRBPZ4&q=cosmetic&authuser=0&hl=en&gl=DZ,"35.1111429,-0.29532189999999997",,Deshra-Ben-Shergi,4P64+F2W,Oued Sefioun,,,DZ,Africa/Algiers,11402342142997497622,0xd7fc9be012c11e5:0x9e3d41c450d50716,,,,Coffee,,,Not Present,Not Present,Takeout,,,,"Lunch, Dinner, Dessert",,Restroom,,Groups,,Cozy,,,,,
ChIJM3mY60I1fg0RmzrZdKD5_VE,mqh~ lbryd sfyzf,,False,"Name: mqh~ lshjr@ lHdydy@
link: https://www.google.com/maps/search/%D9%85%D9%82%D9%87%D9%89+%D8%A7%D9%84%D8%B4%D8%AC%D8%B1%D8%A9+%D8%A7%D9%84%D8%AD%D8%AF%D9%8A%D8%AF%D9%8A%D8%A9/@35.2365683,-0.24204019999999998?authuser=0&hl=en&entry=ttu
Reviews: 2 reviews",,,mqh~ lbryd sfyzf (Owner),,,Coffee shop,Coffee shop,,,Open All Days,,"mqh~ lbryd sfyzf, lTryq lwTny rqm 7 bryd, Sfisef, Algeria",,https://www.google.com/maps/place/%D9%85%D9%82%D9%87%D9%89+%D8%A7%D9%84%D8%A8%D8%B1%D9%8A%D8%AF+%D8%B3%D9%81%D9%8A%D8%B2%D9%81%E2%80%AD/data=!4m7!3m6!1s0xd7e3542eb987933:0x51fdf9a074d93a9b!8m2!3d35.2350494!4d-0.2426764!16s%2Fg%2F11mxbhtdq9!19sChIJM3mY60I1fg0RmzrZdKD5_VE?authuser=0&hl=en&rclk=1,,,,,,,,,https://search.google.com/local/reviews?placeid=ChIJM3mY60I1fg0RmzrZdKD5_VE&q=%D9%85%D9%82%D9%87%D9%89+%D8%A7%D9%84%D8%A8%D8%B1%D9%8A%D8%AF+%D8%B3%D9%81%D9%8A%D8%B2%D9%81%E2%80%AD&authuser=0&hl=en&gl=DZ,"35.2350494,-0.2426764","6QP4+2W Sfisef, Algeria",Sfisef,lTryq lwTny rqm 7 bryd,Sfisef,,,DZ,Africa/Algiers,5908152753730435739,0xd7e3542eb987933:0x51fdf9a074d93a9b,,,,Coffee,,,Not Present,Not Present,,,,,,,,,,,,,,,,
ChIJHwZAZwPBgRIRKhZ8qCbaQJ8,mqh~ sydy dHw,,False,"Name: Cafeteria El Nassr
link: https://www.google.com/maps/search/Caf%C3%A9t%C3%A9ria+El+Nassr/@35.3780693,0.23912090000000003?authuser=0&hl=en&entry=ttu
Reviews: 4 reviews

Name: Cafeteria Djamel
link: https://www.google.com/maps/search/Caf%C3%A9t%C3%A9ria+Djamel/@35.4811519,0.2462607?authuser=0&hl=en&entry=ttu
Reviews: 1 reviews

Name: `ynwS lqhwjy
link: https://www.google.com/maps/search/%D8%B9%D9%8A%D9%86%D9%88%D8%B5+%D8%A7%D9%84%D9%82%D9%87%D9%88%D8%A7%D8%AC%D9%8A/@35.5786182,0.054272?authuser=0&hl=en&entry=ttu
Reviews: 0 reviews

Name: mqh~ sjy
link: https://www.google.com/maps/search/%D9%85%D9%82%D9%87%D9%89+%D8%B3%D8%A7%D8%AC%D9%8A/@35.3013701,0.12674880000000002?authuser=0&hl=en&entry=ttu
Reviews: 0 reviews

Name: Coffee Lynxe
link: https://www.google.com/maps/search/Coffee+Lynxe/@35.4097996,0.1402028?authuser=0&hl=en&entry=ttu
Reviews: 0 reviews",,,mqh~ sydy dHw (Owner),,,Coffee shop,Coffee shop,,,Open All Days,,"F6JW+GC3 mqh~ sydy dHw, Ain Fares, Algeria",,https://www.google.com/maps/place/%D9%85%D9%82%D9%87%D9%89+%D8%B3%D9%8A%D8%AF%D9%8A+%D8%AF%D8%AD%D9%88%E2%80%AD/data=!4m7!3m6!1s0x1281c1036740061f:0x9f40da26a87c162a!8m2!3d35.4812641!4d0.2460577!16s%2Fg%2F11r7y06f2g!19sChIJHwZAZwPBgRIRKhZ8qCbaQJ8?authuser=0&hl=en&rclk=1,,,,,,,,,https://search.google.com/local/reviews?placeid=ChIJHwZAZwPBgRIRKhZ8qCbaQJ8&q=%D9%85%D9%82%D9%87%D9%89+%D8%B3%D9%8A%D8%AF%D9%8A+%D8%AF%D8%AD%D9%88%E2%80%AD&authuser=0&hl=en&gl=DZ,"35.4812641,0.2460577",,Ain Fares,F6JW+GC3,Ain Fares,,,DZ,Africa/Algiers,11475411710110340650,0x1281c1036740061f:0x9f40da26a87c162a,,,,Coffee,,,Not Present,Not Present,,,,,,,,,,,,,,,,
ChIJdSzGirzXgRIRfUtD2xyqUoA,Cafe Aziz,,False,"Name: Cafeteria zouaoui
link: https://www.google.com/maps/search/Caf%C3%A9t%C3%A9ria+zouaoui/@34.9654169,-0.2874453?authuser=0&hl=en&entry=ttu
Reviews: 1 reviews

Name: Cafeteria Azizi
link: https://www.google.com/maps/search/Caf%C3%A9t%C3%A9ria+Azizi/@35.0243991,0.10902869999999999?authuser=0&hl=en&entry=ttu
Reviews: 0 reviews

Name: Coffee plus +
link: https://www.google.com/maps/search/Coffee+plus+%2B/@35.2617384,-0.5684213?authuser=0&hl=en&entry=ttu
Reviews: 0 reviews

Name: Cafe
link: https://www.google.com/maps/search/Caf%C3%A9/@34.8251212,0.15090340000000002?authuser=0&hl=en&entry=ttu
Reviews: 0 reviews",,,Cafe Aziz (Owner),,,Coffee shop,Coffee shop,,,Open All Days,,"837C+MH2 Cafe Aziz, N7, Tizi, Algeria",,https://www.google.com/maps/place/Caf%C3%A9+Aziz/data=!4m7!3m6!1s0x1281d7bc8ac62c75:0x8052aa1cdb434b7d!8m2!3d35.3141476!4d0.0714023!16s%2Fg%2F11pzxg1b3l!19sChIJdSzGirzXgRIRfUtD2xyqUoA?authuser=0&hl=en&rclk=1,,,,,,,,,https://search.google.com/local/reviews?placeid=ChIJdSzGirzXgRIRfUtD2xyqUoA&q=Caf%C3%A9+Aziz&authuser=0&hl=en&gl=DZ,"35.3141476,0.0714023",,Tizi,"837C+MH2, N7",Tizi,,,DZ,Africa/Algiers,9246640025859476349,0x1281d7bc8ac62c75:0x8052aa1cdb434b7d,,,,Coffee,,,Not Present,Not Present,,,,,,,,,,,,,,,,
