place_id,name,description,is_spending_on_ads,competitors,reviews,website,owner_name,owner_profile_link,featured_image,main_category,categories,rating,workday_timing,closed_on,phone,address,review_keywords,link,status,price_range,reviews_per_rating_1,reviews_per_rating_2,reviews_per_rating_3,reviews_per_rating_4,reviews_per_rating_5,featured_question,reviews_link,coordinates,plus_code,address_ward,address_street,address_city,address_postal_code,address_state,address_country_code,time_zone,cid,data_id,menu_link,reservations,order_online_links,service_options_enabled,service_options_disabled,accessibility_enabled,accessibility_disabled,offerings_enabled,offerings_disabled,dining_options_enabled,dining_options_disabled,amenities_enabled,amenities_disabled,atmosphere_enabled,atmosphere_disabled,crowd_enabled,crowd_disabled,planning_enabled,planning_disabled,children_enabled,children_disabled,hours,most_popular_times,popular_times,payments_enabled,payments_disabled
ChIJW94DQjf3eA0Rxkh4QxG0WZw,Cafeteria pitziria 3D+,,False,"Name: Delice food
link: https://www.google.com/maps/search/Delice+food/@35.015801599999996,-1.7475033999999998?authuser=0&hl=en&entry=ttu
Reviews: 3 reviews

Name: MONO CAFE
link: https://www.google.com/maps/search/MONO+CAFE/@35.0120775,-1.7447587?authuser=0&hl=en&entry=ttu
Reviews: 1 reviews

Name: Cafe
link: https://www.google.com/maps/search/Caf%C3%A9/@35.0753059,-1.7807830000000002?authuser=0&hl=en&entry=ttu
Reviews: 0 reviews",9,,Cafeteria pitziria 3D+ (Owner),,https://lh5.googleusercontent.com/p/AF1QipOLWk6OOT958EOtubGKcU16reVbUBv3weN5de-q=w408-h306-k-no,Coffee shop,Coffee shop,4,Open 24 hours,Open All Days,+213 550 79 80 07,"269V+43M Cafeteria pitziria 3D+, Nedroma, Algeria",,https://www.google.com/maps/place/Cafeteria+pitziria+3D%2B/data=!4m7!3m6!1s0xd78f7374203de5b:0x9c59b411437848c6!8m2!3d35.0178305!4d-1.7573431!16s%2Fg%2F11rzqz1cxr!19sChIJW94DQjf3eA0Rxkh4QxG0WZw?authuser=0&hl=en&rclk=1,Open 24 hours,,2,0,0,1,6,,https://search.google.com/local/reviews?placeid=ChIJW94DQjf3eA0Rxkh4QxG0WZw&q=Cafeteria+pitziria+3D%2B&authuser=0&hl=en&gl=DZ,"35.017830499999995,-1.7573431",,Nedroma,269V+43M,Nedroma,,,DZ,Africa/Algiers,11266233929083406534,0xd78f7374203de5b:0x9c59b411437848c6,,,,Dine-in,,"Wheelchair accessible entrance, Wheelchair accessible parking lot, Wheelchair accessible restroom, Wheelchair accessible seating",,"Coffee, Small plates",,"Breakfast, Lunch, Dinner, Dessert",,Restroom,,"Casual, Cozy",,Groups,,Accepts reservations,,Good for kids,,"Monday: Open 24 hours
Tuesday: Open 24 hours
Wednesday: Open 24 hours
Thursday: Open 24 hours
Friday: Open 24 hours
Saturday: Open 24 hours
Sunday: Open 24 hours","5 PM, 4 PM, 6 AM
---
Time Label: 5 PM
Average Popularity: 29.285714285714285

Time Label: 4 PM
Average Popularity: 29.142857142857142

Time Label: 6 AM
Average Popularity: 26.571428571428573","Monday:
    4 AM: 57% | Usually a little busy
    5 AM: 42% | Usually not too busy
    6 AM: 46% | Usually not too busy
    7 AM: 26% | Usually not too busy
    8 AM: 11% | Usually not busy
    9 AM: 3% | Usually not busy
    10 AM: 7% | Usually not busy
    11 AM: 26% | Usually not too busy
    12 PM: 61% | Usually a little busy
    1 PM: 57% | Usually a little busy
    2 PM: 34% | Usually not too busy
    3 PM: 23% | Usually not too busy
    4 PM: 34% | Usually not too busy
    5 PM: 19% | Usually not busy
    6 PM: 19% | Usually not busy
    7 PM: 23% | Usually not too busy
    8 PM: 11% | Usually not busy
    9 PM: 3% | Usually not busy
    10 PM: 7% | Usually not busy
    11 PM: 19% | Usually not busy
    12 AM: 46% | Usually not too busy
    1 AM: 38% | Usually not too busy
    2 AM: 53% | Usually a little busy
    3 AM: 38% | Usually not too busy

Tuesday:
    4 AM: 0% | Idle
    5 AM: 0% | Idle
    6 AM: 0% | Idle
    7 AM: 0% | Idle
    8 AM: 0% | Idle
    9 AM: 0% | Idle
    10 AM: 3% | Usually not busy
    11 AM: 19% | Usually not busy
    12 PM: 46% | Usually not too busy
    1 PM: 61% | Usually a little busy
    2 PM: 50% | Usually not too busy
    3 PM: 23% | Usually not too busy
    4 PM: 11% | Usually not busy
    5 PM: 15% | Usually not busy
    6 PM: 7% | Usually not busy
    7 PM: 3% | Usually not busy
    8 PM: 11% | Usually not busy
    9 PM: 19% | Usually not busy
    10 PM: 42% | Usually not too busy
    11 PM: 19% | Usually not busy
    12 AM: 11% | Usually not busy
    1 AM: 0% | Idle
    2 AM: 0% | Idle
    3 AM: 0% | Idle

Wednesday:
    4 AM: 53% | Usually a little busy
    5 AM: 26% | Usually not too busy
    6 AM: 11% | Usually not busy
    7 AM: 11% | Usually not busy
    8 AM: 7% | Usually not busy
    9 AM: 11% | Usually not busy
    10 AM: 23% | Usually not too busy
    11 AM: 11% | Usually not busy
    12 PM: 3% | Usually not busy
    1 PM: 11% | Usually not busy
    2 PM: 26% | Usually not too busy
    3 PM: 61% | Usually a little busy
    4 PM: 46% | Usually not too busy
    5 PM: 42% | Usually not too busy
    6 PM: 23% | Usually not too busy
    7 PM: 19% | Usually not busy
    8 PM: 23% | Usually not too busy
    9 PM: 11% | Usually not busy
    10 PM: 7% | Usually not busy
    11 PM: 15% | Usually not busy
    12 AM: 26% | Usually not too busy
    1 AM: 30% | Usually not too busy
    2 AM: 34% | Usually not too busy
    3 AM: 57% | Usually a little busy

Thursday:
    4 AM: 26% | Usually not too busy
    5 AM: 53% | Usually a little busy
    6 AM: 65% | Usually a little busy
    7 AM: 42% | Usually not too busy
    8 AM: 15% | Usually not busy
    9 AM: 3% | Usually not busy
    10 AM: 0% | Idle
    11 AM: 0% | Idle
    12 PM: 3% | Usually not busy
    1 PM: 11% | Usually not busy
    2 PM: 23% | Usually not too busy
    3 PM: 11% | Usually not busy
    4 PM: 7% | Usually not busy
    5 PM: 11% | Usually not busy
    6 PM: 26% | Usually not too busy
    7 PM: 11% | Usually not busy
    8 PM: 3% | Usually not busy
    9 PM: 0% | Idle
    10 PM: 0% | Idle
    11 PM: 0% | Idle
    12 AM: 0% | Idle
    1 AM: 0% | Idle
    2 AM: 3% | Usually not busy
    3 AM: 15% | Usually not busy

Friday:
    4 AM: 15% | Usually not busy
    5 AM: 23% | Usually not too busy
    6 AM: 38% | Usually not too busy
    7 AM: 26% | Usually not too busy
    8 AM: 23% | Usually not too busy
    9 AM: 23% | Usually not too busy
    10 AM: 7% | Usually not busy
    11 AM: 3% | Usually not busy
    12 PM: 0% | Idle
    1 PM: 0% | Idle
    2 PM: 0% | Idle
    3 PM: 0% | Idle
    4 PM: 3% | Usually not busy
    5 PM: 7% | Usually not busy
    6 PM: 3% | Usually not busy
    7 PM: 3% | Usually not busy
    8 PM: 15% | Usually not busy
    9 PM: 26% | Usually not too busy
    10 PM: 38% | Usually not too busy
    11 PM: 26% | Usually not too busy
    12 AM: 19% | Usually not busy
    1 AM: 7% | Usually not busy
    2 AM: 3% | Usually not busy
    3 AM: 3% | Usually not busy

Saturday:
    4 AM: 15% | Usually not busy
    5 AM: 11% | Usually not busy
    6 AM: 11% | Usually not busy
    7 AM: 11% | Usually not busy
    8 AM: 23% | Usually not too busy
    9 AM: 38% | Usually not too busy
    10 AM: 50% | Usually not too busy
    11 AM: 34% | Usually not too busy
    12 PM: 34% | Usually not too busy
    1 PM: 26% | Usually not too busy
    2 PM: 23% | Usually not too busy
    3 PM: 26% | Usually not too busy
    4 PM: 15% | Usually not busy
    5 PM: 11% | Usually not busy
    6 PM: 3% | Usually not busy
    7 PM: 0% | Idle
    8 PM: 7% | Usually not busy
    9 PM: 11% | Usually not busy
    10 PM: 30% | Usually not too busy
    11 PM: 30% | Usually not too busy
    12 AM: 42% | Usually not too busy
    1 AM: 26% | Usually not too busy
    2 AM: 23% | Usually not too busy
    3 AM: 30% | Usually not too busy

Sunday:
    4 AM: 0% | Idle
    5 AM: 7% | Usually not busy
    6 AM: 15% | Usually not busy
    7 AM: 34% | Usually not too busy
    8 AM: 15% | Usually not busy
    9 AM: 7% | Usually not busy
    10 AM: 0% | Idle
    11 AM: 0% | Idle
    12 PM: 0% | Idle
    1 PM: 0% | Idle
    2 PM: 11% | Usually not busy
    3 PM: 42% | Usually not too busy
    4 PM: 88% | Usually as busy as it gets
    5 PM: 100% | Usually as busy as it gets
    6 PM: 57% | Usually a little busy
    7 PM: 42% | Usually not too busy
    8 PM: 11% | Usually not busy
    9 PM: 7% | Usually not busy
    10 PM: 0% | Idle
    11 PM: 0% | Idle
    12 AM: 0% | Idle
    1 AM: 0% | Idle
    2 AM: 0% | Idle
    3 AM: 0% | Idle",,
ChIJb-E41WVWeA0RttDHhtm2l2s,CAFETERIA MESSAOUD,,False,"Name: AMBIANCE CAFE
link: https://www.google.com/maps/search/AMBIANCE+CAF%C3%89/@35.094492699999996,-1.8612593999999998?authuser=0&hl=en&entry=ttu
Reviews: 13 reviews

Name: BUREAU D'AFFAIRE POLYVALENT DZ
link: https://www.google.com/maps/search/BUREAU+D%27AFFAIRE+POLYVALENT+DZ/@35.0977214,-1.8579500999999998?authuser=0&hl=en&entry=ttu
Reviews: 3 reviews

Name: cafeteria
link: https://www.google.com/maps/search/caf%C3%A9t%C3%A9ria/@35.0967795,-1.8573077?authuser=0&hl=en&entry=ttu
Reviews: 1 reviews

Name: Cafeteria Cherif
link: https://www.google.com/maps/search/Cafeteria+Cherif/@35.0959582,-1.8633239?authuser=0&hl=en&entry=ttu
Reviews: 0 reviews",9,,CAFETERIA MESSAOUD (Owner),,https://lh5.googleusercontent.com/p/AF1QipOOe5_1sfmXZnE0K2mw0MzJni1KSUQSzHnyqCqw=w408-h544-k-no,Coffee shop,Coffee shop,3,6 AM-12 AM,Open All Days,,"CAFETERIA MESSAOUD, Rue du phare, Les sables, 13002, Ghazaouet, Algeria",,https://www.google.com/maps/place/CAFETERIA+MESSAOUD/data=!4m7!3m6!1s0xd785665d538e16f:0x6b97b6d986c7d0b6!8m2!3d35.09621!4d-1.8634895!16s%2Fg%2F11c2pl2m0w!19sChIJb-E41WVWeA0RttDHhtm2l2s?authuser=0&hl=en&rclk=1,Closed  Opens 6 AM,,2,3,0,1,3,,https://search.google.com/local/reviews?placeid=ChIJb-E41WVWeA0RttDHhtm2l2s&q=CAFETERIA+MESSAOUD&authuser=0&hl=en&gl=DZ,"35.09621,-1.8634895","34WP+FJ Ghazaouet, Algeria",Ghazaouet,"Rue du phare, Les sables, 13002",Ghazaouet,,,DZ,Africa/Algiers,7752866328926998710,0xd785665d538e16f:0x6b97b6d986c7d0b6,,,,Dine-in,,Wheelchair accessible entrance,,Coffee,,"Breakfast, Lunch",,Restroom,,Cozy,,Groups,,,,,,"Monday: 6 AM-12 AM
Tuesday: 6 AM-12 AM
Wednesday: 6 AM-12 AM
Thursday: 6 AM-12 AM
Friday: 6 AM-12 AM
Saturday: 6 AM-12 AM
Sunday: 6 AM-12 AM","5 PM, 6 PM, 4 PM
---
Time Label: 5 PM
Average Popularity: 43.714285714285715

Time Label: 6 PM
Average Popularity: 30.857142857142858

Time Label: 4 PM
Average Popularity: 27.0","Monday:
    5 AM: 0% | Idle
    6 AM: 27% | Usually not too busy
    7 AM: 9% | Usually not busy
    8 AM: 0% | Idle
    9 AM: 0% | Idle
    10 AM: 0% | Idle
    11 AM: 0% | Idle
    12 PM: 0% | Idle
    1 PM: 9% | Usually not busy
    2 PM: 18% | Usually not busy
    3 PM: 45% | Usually not too busy
    4 PM: 45% | Usually not too busy
    5 PM: 72% | Usually a little busy
    6 PM: 27% | Usually not too busy
    7 PM: 9% | Usually not busy
    8 PM: 0% | Idle
    9 PM: 0% | Idle
    10 PM: 0% | Idle
    11 PM: 0% | Idle

Tuesday:
    5 AM: 0% | Idle
    6 AM: 0% | Idle
    7 AM: 9% | Usually not busy
    8 AM: 18% | Usually not busy
    9 AM: 9% | Usually not busy
    10 AM: 0% | Idle
    11 AM: 0% | Idle
    12 PM: 0% | Idle
    1 PM: 9% | Usually not busy
    2 PM: 27% | Usually not too busy
    3 PM: 18% | Usually not busy
    4 PM: 27% | Usually not too busy
    5 PM: 54% | Usually a little busy
    6 PM: 36% | Usually not too busy
    7 PM: 18% | Usually not busy
    8 PM: 18% | Usually not busy
    9 PM: 45% | Usually not too busy
    10 PM: 100% | Usually as busy as it gets
    11 PM: 45% | Usually not too busy

Wednesday:
    5 AM: 0% | Idle
    6 AM: 18% | Usually not busy
    7 AM: 18% | Usually not busy
    8 AM: 9% | Usually not busy
    9 AM: 0% | Idle
    10 AM: 0% | Idle
    11 AM: 9% | Usually not busy
    12 PM: 27% | Usually not too busy
    1 PM: 9% | Usually not busy
    2 PM: 0% | Idle
    3 PM: 0% | Idle
    4 PM: 9% | Usually not busy
    5 PM: 27% | Usually not too busy
    6 PM: 9% | Usually not busy
    7 PM: 9% | Usually not busy
    8 PM: 18% | Usually not busy
    9 PM: 9% | Usually not busy
    10 PM: 0% | Idle
    11 PM: 9% | Usually not busy

Thursday:
    5 AM: 0% | Idle
    6 AM: 0% | Idle
    7 AM: 0% | Idle
    8 AM: 0% | Idle
    9 AM: 27% | Usually not too busy
    10 AM: 36% | Usually not too busy
    11 AM: 63% | Usually a little busy
    12 PM: 54% | Usually a little busy
    1 PM: 100% | Usually as busy as it gets
    2 PM: 54% | Usually a little busy
    3 PM: 54% | Usually a little busy
    4 PM: 36% | Usually not too busy
    5 PM: 36% | Usually not too busy
    6 PM: 27% | Usually not too busy
    7 PM: 9% | Usually not busy
    8 PM: 0% | Idle
    9 PM: 0% | Idle
    10 PM: 9% | Usually not busy
    11 PM: 27% | Usually not too busy

Friday:
    5 AM: 0% | Idle
    6 AM: 0% | Idle
    7 AM: 9% | Usually not busy
    8 AM: 0% | Idle
    9 AM: 0% | Idle
    10 AM: 0% | Idle
    11 AM: 0% | Idle
    12 PM: 0% | Idle
    1 PM: 0% | Idle
    2 PM: 0% | Idle
    3 PM: 18% | Usually not busy
    4 PM: 36% | Usually not too busy
    5 PM: 54% | Usually a little busy
    6 PM: 36% | Usually not too busy
    7 PM: 45% | Usually not too busy
    8 PM: 27% | Usually not too busy
    9 PM: 27% | Usually not too busy
    10 PM: 9% | Usually not busy
    11 PM: 9% | Usually not busy

Saturday:
    5 AM: 0% | Idle
    6 AM: 63% | Usually a little busy
    7 AM: 27% | Usually not too busy
    8 AM: 9% | Usually not busy
    9 AM: 0% | Idle
    10 AM: 9% | Usually not busy
    11 AM: 9% | Usually not busy
    12 PM: 18% | Usually not busy
    1 PM: 36% | Usually not too busy
    2 PM: 18% | Usually not busy
    3 PM: 27% | Usually not too busy
    4 PM: 18% | Usually not busy
    5 PM: 36% | Usually not too busy
    6 PM: 27% | Usually not too busy
    7 PM: 27% | Usually not too busy
    8 PM: 9% | Usually not busy
    9 PM: 9% | Usually not busy
    10 PM: 27% | Usually not too busy
    11 PM: 27% | Usually not too busy

Sunday:
    5 AM: 0% | Idle
    6 AM: 18% | Usually not busy
    7 AM: 9% | Usually not busy
    8 AM: 0% | Idle
    9 AM: 0% | Idle
    10 AM: 0% | Idle
    11 AM: 0% | Idle
    12 PM: 9% | Usually not busy
    1 PM: 0% | Idle
    2 PM: 9% | Usually not busy
    3 PM: 18% | Usually not busy
    4 PM: 18% | Usually not busy
    5 PM: 27% | Usually not too busy
    6 PM: 54% | Usually a little busy
    7 PM: 27% | Usually not too busy
    8 PM: 18% | Usually not busy
    9 PM: 27% | Usually not too busy
    10 PM: 36% | Usually not too busy
    11 PM: 27% | Usually not too busy",,
ChIJxWaOicv-eA0RmpZLCHGtPwY,Cafe Bouheira,,False,"Name: Ziatene Vu Sur Mer
link: https://www.google.com/maps/search/Ziatene+Vu+Sur+Mer/@35.1255607,-1.7510961999999999?authuser=0&hl=en&entry=ttu
Reviews: 24 reviews

Name: Cafe de Haouzi Mustapha
link: https://www.google.com/maps/search/Caf%C3%A9+de+Haouzi+Mustapha/@35.1177202,-1.7792345999999999?authuser=0&hl=en&entry=ttu
Reviews: 4 reviews

Name: Cafeteria Halawa
link: https://www.google.com/maps/search/Cafeteria+Halawa/@34.9468013,-1.8448227000000001?authuser=0&hl=en&entry=ttu
Reviews: 4 reviews

Name: Cafe
link: https://www.google.com/maps/search/Caf%C3%A9/@35.0753059,-1.7807830000000002?authuser=0&hl=en&entry=ttu
Reviews: 0 reviews",5,,Cafe Bouheira (Owner),,https://lh5.googleusercontent.com/p/AF1QipP5EriQlEL2laOdBgqGzuxU9jJbWX9ZX0RM1HqQ=w408-h306-k-no,Coffee shop,Coffee shop,4.2,6 AM-12 AM,Open All Days,+213 670 07 41 37,"469C+3QF Cafe Bouheira, Dar Yaghmouracene, Algeria",,https://www.google.com/maps/place/Caf%C3%A9+Bouheira/data=!4m7!3m6!1s0xd78fecb898e66c5:0x63fad71084b969a!8m2!3d35.1176784!4d-1.7780706!16s%2Fg%2F1tj2dbvl!19sChIJxWaOicv-eA0RmpZLCHGtPwY?authuser=0&hl=en&rclk=1,Closed  Opens 6 AM,,1,0,0,0,4,,https://search.google.com/local/reviews?placeid=ChIJxWaOicv-eA0RmpZLCHGtPwY&q=Caf%C3%A9+Bouheira&authuser=0&hl=en&gl=DZ,"35.117678399999996,-1.7780706",,Sidna Youcha,469C+3QF,Dar Yaghmouracene,,,DZ,Africa/Algiers,450269188742420122,0xd78fecb898e66c5:0x63fad71084b969a,,,,"Outdoor seating, Delivery",,"Wheelchair accessible entrance, Wheelchair accessible parking lot, Wheelchair accessible restroom, Wheelchair accessible seating",,Coffee,,"Breakfast, Seating",,Restroom,,,,Groups,,Accepts reservations,,,,"Monday: 6 AM-12 AM
Tuesday: 6 AM-12 AM
Wednesday: 6 AM-12 AM
Thursday: 6 AM-12 AM
Friday: 6 AM-12 AM
Saturday: 6 AM-12 AM
Sunday: 6 AM-12 AM","9 PM, 4 PM, 8 PM
---
Time Label: 9 PM
Average Popularity: 37.857142857142854

Time Label: 4 PM
Average Popularity: 36.285714285714285

Time Label: 8 PM
Average Popularity: 36.142857142857146","Monday:
    5 AM: 0% | Idle
    6 AM: 33% | Usually not too busy
    7 AM: 77% | Usually a little busy
    8 AM: 44% | Usually not too busy
    9 AM: 33% | Usually not too busy
    10 AM: 11% | Usually not busy
    11 AM: 11% | Usually not busy
    12 PM: 33% | Usually not too busy
    1 PM: 88% | Usually as busy as it gets
    2 PM: 55% | Usually a little busy
    3 PM: 33% | Usually not too busy
    4 PM: 0% | Idle
    5 PM: 0% | Idle
    6 PM: 0% | Idle
    7 PM: 0% | Idle
    8 PM: 0% | Idle
    9 PM: 22% | Usually not too busy
    10 PM: 22% | Usually not too busy
    11 PM: 11% | Usually not busy

Tuesday:
    5 AM: 0% | Idle
    6 AM: 0% | Idle
    7 AM: 0% | Idle
    8 AM: 11% | Usually not busy
    9 AM: 11% | Usually not busy
    10 AM: 33% | Usually not too busy
    11 AM: 66% | Usually a little busy
    12 PM: 33% | Usually not too busy
    1 PM: 22% | Usually not too busy
    2 PM: 44% | Usually not too busy
    3 PM: 100% | Usually as busy as it gets
    4 PM: 100% | Usually as busy as it gets
    5 PM: 44% | Usually not too busy
    6 PM: 22% | Usually not too busy
    7 PM: 11% | Usually not busy
    8 PM: 0% | Idle
    9 PM: 0% | Idle
    10 PM: 0% | Idle
    11 PM: 0% | Idle

Wednesday:
    5 AM: 0% | Idle
    6 AM: 22% | Usually not too busy
    7 AM: 22% | Usually not too busy
    8 AM: 44% | Usually not too busy
    9 AM: 22% | Usually not too busy
    10 AM: 11% | Usually not busy
    11 AM: 0% | Idle
    12 PM: 0% | Idle
    1 PM: 11% | Usually not busy
    2 PM: 11% | Usually not busy
    3 PM: 22% | Usually not too busy
    4 PM: 55% | Usually a little busy
    5 PM: 33% | Usually not too busy
    6 PM: 22% | Usually not too busy
    7 PM: 33% | Usually not too busy
    8 PM: 77% | Usually a little busy
    9 PM: 100% | Usually as busy as it gets
    10 PM: 55% | Usually a little busy
    11 PM: 22% | Usually not too busy

Thursday:
    5 AM: 0% | Idle
    6 AM: 0% | Idle
    7 AM: 0% | Idle
    8 AM: 0% | Idle
    9 AM: 22% | Usually not too busy
    10 AM: 33% | Usually not too busy
    11 AM: 22% | Usually not too busy
    12 PM: 0% | Idle
    1 PM: 0% | Idle
    2 PM: 0% | Idle
    3 PM: 0% | Idle
    4 PM: 0% | Idle
    5 PM: 0% | Idle
    6 PM: 0% | Idle
    7 PM: 11% | Usually not busy
    8 PM: 44% | Usually not too busy
    9 PM: 33% | Usually not too busy
    10 PM: 44% | Usually not too busy
    11 PM: 22% | Usually not too busy

Friday:
    5 AM: 0% | Idle
    6 AM: 33% | Usually not too busy
    7 AM: 22% | Usually not too busy
    8 AM: 22% | Usually not too busy
    9 AM: 55% | Usually a little busy
    10 AM: 55% | Usually a little busy
    11 AM: 44% | Usually not too busy
    12 PM: 11% | Usually not busy
    1 PM: 0% | Idle
    2 PM: 11% | Usually not busy
    3 PM: 11% | Usually not busy
    4 PM: 22% | Usually not too busy
    5 PM: 11% | Usually not busy
    6 PM: 22% | Usually not too busy
    7 PM: 22% | Usually not too busy
    8 PM: 44% | Usually not too busy
    9 PM: 33% | Usually not too busy
    10 PM: 44% | Usually not too busy
    11 PM: 66% | Usually a little busy

Saturday:
    5 AM: 0% | Idle
    6 AM: 11% | Usually not busy
    7 AM: 11% | Usually not busy
    8 AM: 11% | Usually not busy
    9 AM: 22% | Usually not too busy
    10 AM: 55% | Usually a little busy
    11 AM: 22% | Usually not too busy
    12 PM: 11% | Usually not busy
    1 PM: 11% | Usually not busy
    2 PM: 22% | Usually not too busy
    3 PM: 33% | Usually not too busy
    4 PM: 55% | Usually a little busy
    5 PM: 77% | Usually a little busy
    6 PM: 33% | Usually not too busy
    7 PM: 11% | Usually not busy
    8 PM: 0% | Idle
    9 PM: 0% | Idle
    10 PM: 0% | Idle
    11 PM: 0% | Idle

Sunday:
    5 AM: 0% | Idle
    6 AM: 11% | Usually not busy
    7 AM: 22% | Usually not too busy
    8 AM: 11% | Usually not busy
    9 AM: 0% | Idle
    10 AM: 0% | Idle
    11 AM: 0% | Idle
    12 PM: 11% | Usually not busy
    1 PM: 22% | Usually not too busy
    2 PM: 44% | Usually not too busy
    3 PM: 22% | Usually not too busy
    4 PM: 22% | Usually not too busy
    5 PM: 22% | Usually not too busy
    6 PM: 33% | Usually not too busy
    7 PM: 33% | Usually not too busy
    8 PM: 88% | Usually as busy as it gets
    9 PM: 77% | Usually a little busy
    10 PM: 88% | Usually as busy as it gets
    11 PM: 55% | Usually a little busy",,
ChIJa1LQXFb3eA0RH_bcxkv16hA,mqh~ jdyd@,,False,"Name: Cafeteria pitziria 3D+
link: https://www.google.com/maps/search/Cafeteria+pitziria+3D%2B/@35.017830499999995,-1.7573431?authuser=0&hl=en&entry=ttu
Reviews: 9 reviews

Name: mT`m jdy
link: https://www.google.com/maps/search/%D9%85%D8%B7%D8%B9%D9%85+%D8%AC%D8%AF%D9%8A/@35.013688699999996,-1.7505696?authuser=0&hl=en&entry=ttu
Reviews: 5 reviews

Name: mqh~ lftH sy `bd lqdr lkhD y
link: https://www.google.com/maps/search/%D9%85%D9%82%D9%87%D9%89+%D8%A7%D9%84%D9%81%D8%AA%D8%AD+%D8%B3%D9%8A+%D8%B9%D8%A8%D8%AF+%D8%A7%D9%84%D9%82%D8%A7%D8%AF%D8%B1+%D9%84%D8%AE%D8%B6%D8%A7+%D9%8A/@35.0147714,-1.7485978999999998?authuser=0&hl=en&entry=ttu
Reviews: 1 reviews

Name: MONO CAFE
link: https://www.google.com/maps/search/MONO+CAFE/@35.0120775,-1.7447587?authuser=0&hl=en&entry=ttu
Reviews: 1 reviews",5,,mqh~ jdyd@ (Owner),,https://lh5.googleusercontent.com/p/AF1QipMqrrIE0vUEVyvtwJw1GY8u799J067R0SfKlnms=w426-h240-k-no,Coffee shop,Coffee shop,4.8,,Open All Days,,"267W+J52 mqh~ jdyd@, N99, Nedroma, Algeria",,https://www.google.com/maps/place/%D9%85%D9%82%D9%87%D9%89+%D8%AC%D8%AF%D9%8A%D8%AF%D8%A9%E2%80%AD/data=!4m7!3m6!1s0xd78f7565cd0526b:0x10eaf54bc6dcf61f!8m2!3d35.0140055!4d-1.754617!16s%2Fg%2F11h3dq45ny!19sChIJa1LQXFb3eA0RH_bcxkv16hA?authuser=0&hl=en&rclk=1,,,0,0,0,1,4,,https://search.google.com/local/reviews?placeid=ChIJa1LQXFb3eA0RH_bcxkv16hA&q=%D9%85%D9%82%D9%87%D9%89+%D8%AC%D8%AF%D9%8A%D8%AF%D8%A9%E2%80%AD&authuser=0&hl=en&gl=US,"35.014005499999996,-1.7546169999999999",,Nedroma,"267W+J52, N99",Nedroma,,,DZ,Africa/Algiers,1219056354964862495,0xd78f7565cd0526b:0x10eaf54bc6dcf61f,,,,,,,,Coffee,,,,,,,,,,,,,,,Not Present,Not Present,,
ChIJpVaNRXtXeA0R13m9Cp4pMPE,starbucks,"Seattle-based coffeehouse chain known for its signature roasts, light bites and WiFi availability.",False,,4,,starbucks (Owner),,,Coffee shop,Coffee shop,3,Open 24 hours,Open All Days,,"25W6+FQ starbucks, Tient, Algeria",,https://www.google.com/maps/place/starbucks/data=!4m7!3m6!1s0xd78577b458d56a5:0xf130299e0abd79d7!8m2!3d35.0461257!4d-1.8380716!16s%2Fg%2F11l5vh59rj!19sChIJpVaNRXtXeA0R13m9Cp4pMPE?authuser=0&hl=en&rclk=1,Open 24 hours,,2,0,0,0,2,,https://search.google.com/local/reviews?placeid=ChIJpVaNRXtXeA0R13m9Cp4pMPE&q=starbucks&authuser=0&hl=en&gl=DZ,"35.0461257,-1.8380716",,Tienet,25W6+FQ,Tienet,,,DZ,Africa/Algiers,17379436720784505303,0xd78577b458d56a5:0xf130299e0abd79d7,,,,Takeout,,Wheelchair accessible entrance,,Coffee,,"Breakfast, Dessert",,,,"Casual, Cozy",,Groups,,,,Good for kids,,"Monday: Open 24 hours
Tuesday: Open 24 hours
Wednesday: Open 24 hours
Thursday: Open 24 hours
Friday: Open 24 hours
Saturday: Open 24 hours
Sunday: Open 24 hours",Not Present,Not Present,"Credit cards, Debit cards",
ChIJT5kHbMz-eA0RuIeqfgUoK50,Cafe de Haouzi Mustapha,,False,"Name: Cafe Yousfi
link: https://www.google.com/maps/search/Cafe+Yousfi/@35.0406164,-1.8876317999999996?authuser=0&hl=en&entry=ttu
Reviews: 25 reviews

Name: Cafeteria Ami Dali
link: https://www.google.com/maps/search/Cafeteria+Ami+Dali/@35.0950793,-1.8609434?authuser=0&hl=en&entry=ttu
Reviews: 19 reviews

Name: Cafe Bouheira
link: https://www.google.com/maps/search/Caf%C3%A9+Bouheira/@35.117678399999996,-1.7780706?authuser=0&hl=en&entry=ttu
Reviews: 5 reviews

Name: cremerie Adel
link: https://www.google.com/maps/search/cr%C3%A9merie+Adel/@35.1185234,-1.775035?authuser=0&hl=en&entry=ttu
Reviews: 0 reviews

Name: Cafetiere Zwiiyen
link: https://www.google.com/maps/search/Cafeti%C3%A8re+Zwiiyen/@35.09545020000001,-1.8406926?authuser=0&hl=en&entry=ttu
Reviews: 0 reviews",4,,Cafe de Haouzi Mustapha (Owner),,https://lh5.googleusercontent.com/p/AF1QipNN4sgSir9d1Rsveh7xr07gDaj4d51MWYxMiHFo=w408-h306-k-no,Coffee shop,Coffee shop,4,6 AM-2 AM,Open All Days,+213 664 74 93 93,"469C+38J Cafe de Haouzi Mustapha, Dar Yaghmouracene, Algeria",,https://www.google.com/maps/place/Caf%C3%A9+de+Haouzi+Mustapha/data=!4m7!3m6!1s0xd78fecc6c07994f:0x9d2b28057eaa87b8!8m2!3d35.1177202!4d-1.7792346!16s%2Fg%2F1tfxj0vf!19sChIJT5kHbMz-eA0RuIeqfgUoK50?authuser=0&hl=en&rclk=1,Closed  Opens 6 AM,,1,0,0,0,3,,https://search.google.com/local/reviews?placeid=ChIJT5kHbMz-eA0RuIeqfgUoK50&q=Caf%C3%A9+de+Haouzi+Mustapha&authuser=0&hl=en&gl=DZ,"35.1177202,-1.7792345999999999",,Sidna Youcha,469C+38J,Dar Yaghmouracene,,,DZ,Africa/Algiers,11325189692018296760,0xd78fecc6c07994f:0x9d2b28057eaa87b8,,,,,,"Wheelchair accessible entrance, Wheelchair accessible restroom, Wheelchair accessible seating",,Coffee,,Breakfast,,Restroom,,Cozy,,Groups,,,,,,"Monday: 6 AM-2 AM
Tuesday: 6 AM-2 AM
Wednesday: 6 AM-2 AM
Thursday: 6 AM-2 AM
Friday: 6 AM-2 AM
Saturday: 6 AM-2 AM
Sunday: 6 AM-2 AM","1 AM, 12 AM, 10 AM
---
Time Label: 1 AM
Average Popularity: 45.142857142857146

Time Label: 12 AM
Average Popularity: 43.714285714285715

Time Label: 10 AM
Average Popularity: 34.714285714285715","Monday:
    5 AM: 0% | Idle
    6 AM: 9% | Usually not busy
    7 AM: 0% | Idle
    8 AM: 0% | Idle
    9 AM: 0% | Idle
    10 AM: 0% | Idle
    11 AM: 27% | Usually not too busy
    12 PM: 63% | Usually a little busy
    1 PM: 100% | Usually as busy as it gets
    2 PM: 45% | Usually not too busy
    3 PM: 18% | Usually not busy
    4 PM: 9% | Usually not busy
    5 PM: 27% | Usually not too busy
    6 PM: 36% | Usually not too busy
    7 PM: 36% | Usually not too busy
    8 PM: 54% | Usually a little busy
    9 PM: 36% | Usually not too busy
    10 PM: 36% | Usually not too busy
    11 PM: 63% | Usually a little busy
    12 AM: 72% | Usually a little busy
    1 AM: 45% | Usually not too busy

Tuesday:
    5 AM: 0% | Idle
    6 AM: 0% | Idle
    7 AM: 0% | Idle
    8 AM: 0% | Idle
    9 AM: 9% | Usually not busy
    10 AM: 36% | Usually not too busy
    11 AM: 63% | Usually a little busy
    12 PM: 36% | Usually not too busy
    1 PM: 36% | Usually not too busy
    2 PM: 27% | Usually not too busy
    3 PM: 36% | Usually not too busy
    4 PM: 90% | Usually as busy as it gets
    5 PM: 54% | Usually a little busy
    6 PM: 27% | Usually not too busy
    7 PM: 0% | Idle
    8 PM: 0% | Idle
    9 PM: 9% | Usually not busy
    10 PM: 9% | Usually not busy
    11 PM: 9% | Usually not busy
    12 AM: 18% | Usually not busy
    1 AM: 36% | Usually not too busy

Wednesday:
    5 AM: 0% | Idle
    6 AM: 0% | Idle
    7 AM: 9% | Usually not busy
    8 AM: 18% | Usually not busy
    9 AM: 36% | Usually not too busy
    10 AM: 45% | Usually not too busy
    11 AM: 45% | Usually not too busy
    12 PM: 18% | Usually not busy
    1 PM: 9% | Usually not busy
    2 PM: 0% | Idle
    3 PM: 0% | Idle
    4 PM: 0% | Idle
    5 PM: 9% | Usually not busy
    6 PM: 36% | Usually not too busy
    7 PM: 27% | Usually not too busy
    8 PM: 54% | Usually a little busy
    9 PM: 45% | Usually not too busy
    10 PM: 27% | Usually not too busy
    11 PM: 36% | Usually not too busy
    12 AM: 90% | Usually as busy as it gets
    1 AM: 100% | Usually as busy as it gets

Thursday:
    5 AM: 0% | Idle
    6 AM: 9% | Usually not busy
    7 AM: 18% | Usually not busy
    8 AM: 63% | Usually a little busy
    9 AM: 81% | Usually as busy as it gets
    10 AM: 63% | Usually a little busy
    11 AM: 27% | Usually not too busy
    12 PM: 9% | Usually not busy
    1 PM: 9% | Usually not busy
    2 PM: 18% | Usually not busy
    3 PM: 18% | Usually not busy
    4 PM: 18% | Usually not busy
    5 PM: 18% | Usually not busy
    6 PM: 36% | Usually not too busy
    7 PM: 27% | Usually not too busy
    8 PM: 27% | Usually not too busy
    9 PM: 9% | Usually not busy
    10 PM: 9% | Usually not busy
    11 PM: 27% | Usually not too busy
    12 AM: 72% | Usually a little busy
    1 AM: 54% | Usually a little busy

Friday:
    5 AM: 0% | Idle
    6 AM: 0% | Idle
    7 AM: 0% | Idle
    8 AM: 9% | Usually not busy
    9 AM: 0% | Idle
    10 AM: 9% | Usually not busy
    11 AM: 27% | Usually not too busy
    12 PM: 54% | Usually a little busy
    1 PM: 45% | Usually not too busy
    2 PM: 36% | Usually not too busy
    3 PM: 9% | Usually not busy
    4 PM: 0% | Idle
    5 PM: 0% | Idle
    6 PM: 0% | Idle
    7 PM: 9% | Usually not busy
    8 PM: 27% | Usually not too busy
    9 PM: 9% | Usually not busy
    10 PM: 0% | Idle
    11 PM: 0% | Idle
    12 AM: 0% | Idle
    1 AM: 0% | Idle

Saturday:
    5 AM: 0% | Idle
    6 AM: 9% | Usually not busy
    7 AM: 36% | Usually not too busy
    8 AM: 36% | Usually not too busy
    9 AM: 27% | Usually not too busy
    10 AM: 36% | Usually not too busy
    11 AM: 27% | Usually not too busy
    12 PM: 18% | Usually not busy
    1 PM: 18% | Usually not busy
    2 PM: 9% | Usually not busy
    3 PM: 9% | Usually not busy
    4 PM: 18% | Usually not busy
    5 PM: 36% | Usually not too busy
    6 PM: 18% | Usually not busy
    7 PM: 9% | Usually not busy
    8 PM: 0% | Idle
    9 PM: 0% | Idle
    10 PM: 0% | Idle
    11 PM: 9% | Usually not busy
    12 AM: 36% | Usually not too busy
    1 AM: 54% | Usually a little busy

Sunday:
    5 AM: 0% | Idle
    6 AM: 9% | Usually not busy
    7 AM: 18% | Usually not busy
    8 AM: 18% | Usually not busy
    9 AM: 27% | Usually not too busy
    10 AM: 54% | Usually a little busy
    11 AM: 27% | Usually not too busy
    12 PM: 9% | Usually not busy
    1 PM: 18% | Usually not busy
    2 PM: 18% | Usually not busy
    3 PM: 45% | Usually not too busy
    4 PM: 18% | Usually not busy
    5 PM: 9% | Usually not busy
    6 PM: 0% | Idle
    7 PM: 0% | Idle
    8 PM: 0% | Idle
    9 PM: 0% | Idle
    10 PM: 0% | Idle
    11 PM: 9% | Usually not busy
    12 AM: 18% | Usually not busy
    1 AM: 27% | Usually not too busy",,
ChIJke7KHxfxeA0RCkFOeu2IGY4,Boukmila,,False,"Name: Miloud garane
link: https://www.google.com/maps/search/Miloud+garane/@35.0171497,-1.7470047?authuser=0&hl=en&entry=ttu
Reviews: 9 reviews

Name: Pizzeria Millenium
link: https://www.google.com/maps/search/Pizzeria+Mill%C3%A9nium/@35.0091822,-1.7492815?authuser=0&hl=en&entry=ttu
Reviews: 5 reviews

Name: Pizzeria Crazy
link: https://www.google.com/maps/search/Pizzeria+Crazy/@35.009692900000005,-1.749035?authuser=0&hl=en&entry=ttu
Reviews: 5 reviews

Name: mT`m jdy
link: https://www.google.com/maps/search/%D9%85%D8%B7%D8%B9%D9%85+%D8%AC%D8%AF%D9%8A/@35.013688699999996,-1.7505696?authuser=0&hl=en&entry=ttu
Reviews: 5 reviews

Name: Delice food
link: https://www.google.com/maps/search/Delice+food/@35.015801599999996,-1.7475033999999998?authuser=0&hl=en&entry=ttu
Reviews: 3 reviews",3,,Boukmila (Owner),,https://lh5.googleusercontent.com/p/AF1QipOZT2AvtmnUxkbw1ajccj09TvPJ0FKvxcqogJCn=w408-h541-k-no,Coffee shop,Coffee shop,5,4:30 AM-1:15 PM,Open All Days,,"2752+49H Boukmila, Nedroma, Algeria",,https://www.google.com/maps/place/Boukmila/data=!4m7!3m6!1s0xd78f1171fcaee91:0x8e1988ed7a4e410a!8m2!3d35.0078096!4d-1.7490192!16s%2Fg%2F11kt8v75c3!19sChIJke7KHxfxeA0RCkFOeu2IGY4?authuser=0&hl=en&rclk=1,Open  Closes 1:15 PM,,0,0,0,0,3,,https://search.google.com/local/reviews?placeid=ChIJke7KHxfxeA0RCkFOeu2IGY4&q=Boukmila&authuser=0&hl=en&gl=DZ,"35.0078096,-1.7490192",,Nedroma,2752+49H,Nedroma,,,DZ,Africa/Algiers,10239365781344108810,0xd78f1171fcaee91:0x8e1988ed7a4e410a,,,,,,,,Coffee,,,,Restroom,,"Casual, Cozy",,Groups,,,,Good for kids,,"Monday: 4:30 AM-1:15 PM
Tuesday: 4:30 AM-1:15 PM
Wednesday: 4:30 AM-1:15 PM
Thursday: 4:30 AM-1:15 PM
Friday: 4:43 AM-12:15 AM
Saturday: 4:30 AM-1:15 PM
Sunday: 4:30 AM-1:15 PM","9 AM, 8 AM, 10 AM
---
Time Label: 9 AM
Average Popularity: 40.0

Time Label: 8 AM
Average Popularity: 38.57142857142857

Time Label: 10 AM
Average Popularity: 37.142857142857146","Monday:
    3 AM: 0% | Idle
    4 AM: 50% | Usually not too busy
    5 AM: 90% | Usually as busy as it gets
    6 AM: 40% | Usually not too busy
    7 AM: 20% | Usually not busy
    8 AM: 0% | Idle
    9 AM: 0% | Idle
    10 AM: 10% | Usually not busy
    11 AM: 40% | Usually not too busy
    12 PM: 30% | Usually not too busy
    1 PM: 20% | Usually not busy
    2 PM: 0% | Idle
    3 PM: 0% | Idle
    4 PM: 0% | Idle
    5 PM: 0% | Idle
    6 PM: 0% | Idle
    7 PM: 0% | Idle
    8 PM: 0% | Idle

Tuesday:
    3 AM: 0% | Idle
    4 AM: 60% | Usually a little busy
    5 AM: 60% | Usually a little busy
    6 AM: 50% | Usually not too busy
    7 AM: 40% | Usually not too busy
    8 AM: 80% | Usually a little busy
    9 AM: 90% | Usually as busy as it gets
    10 AM: 70% | Usually a little busy
    11 AM: 40% | Usually not too busy
    12 PM: 50% | Usually not too busy
    1 PM: 40% | Usually not too busy
    2 PM: 0% | Idle
    3 PM: 0% | Idle
    4 PM: 0% | Idle
    5 PM: 0% | Idle
    6 PM: 0% | Idle
    7 PM: 0% | Idle
    8 PM: 0% | Idle

Wednesday:
    3 AM: 0% | Idle
    4 AM: 10% | Usually not busy
    5 AM: 30% | Usually not too busy
    6 AM: 70% | Usually a little busy
    7 AM: 40% | Usually not too busy
    8 AM: 40% | Usually not too busy
    9 AM: 30% | Usually not too busy
    10 AM: 20% | Usually not busy
    11 AM: 50% | Usually not too busy
    12 PM: 50% | Usually not too busy
    1 PM: 60% | Usually a little busy
    2 PM: 0% | Idle
    3 PM: 0% | Idle
    4 PM: 0% | Idle
    5 PM: 0% | Idle
    6 PM: 0% | Idle
    7 PM: 0% | Idle
    8 PM: 0% | Idle

Thursday:
    3 AM: 0% | Idle
    4 AM: 0% | Idle
    5 AM: 10% | Usually not busy
    6 AM: 0% | Idle
    7 AM: 0% | Idle
    8 AM: 0% | Idle
    9 AM: 20% | Usually not busy
    10 AM: 30% | Usually not too busy
    11 AM: 10% | Usually not busy
    12 PM: 10% | Usually not busy
    1 PM: 20% | Usually not busy
    2 PM: 0% | Idle
    3 PM: 0% | Idle
    4 PM: 0% | Idle
    5 PM: 0% | Idle
    6 PM: 0% | Idle
    7 PM: 0% | Idle
    8 PM: 0% | Idle

Friday:
    3 AM: 0% | Idle
    4 AM: 100% | Usually as busy as it gets
    5 AM: 50% | Usually not too busy
    6 AM: 30% | Usually not too busy
    7 AM: 50% | Usually not too busy
    8 AM: 70% | Usually a little busy
    9 AM: 70% | Usually a little busy
    10 AM: 30% | Usually not too busy
    11 AM: 10% | Usually not busy
    12 PM: 0% | Idle
    1 PM: 20% | Usually not busy
    2 PM: 30% | Usually not too busy
    3 PM: 10% | Usually not busy
    4 PM: 0% | Idle
    5 PM: 0% | Idle
    6 PM: 20% | Usually not busy
    7 PM: 30% | Usually not too busy
    8 PM: 30% | Usually not too busy
    9 PM: 10% | Usually not busy
    10 PM: 0% | Idle
    11 PM: 10% | Usually not busy
    12 AM: 30% | Usually not too busy

Saturday:
    3 AM: 0% | Idle
    4 AM: 10% | Usually not busy
    5 AM: 0% | Idle
    6 AM: 10% | Usually not busy
    7 AM: 40% | Usually not too busy
    8 AM: 30% | Usually not too busy
    9 AM: 10% | Usually not busy
    10 AM: 20% | Usually not busy
    11 AM: 20% | Usually not busy
    12 PM: 10% | Usually not busy
    1 PM: 0% | Idle
    2 PM: 0% | Idle
    3 PM: 0% | Idle
    4 PM: 0% | Idle
    5 PM: 0% | Idle
    6 PM: 0% | Idle
    7 PM: 0% | Idle
    8 PM: 0% | Idle

Sunday:
    3 AM: 0% | Idle
    4 AM: 20% | Usually not busy
    5 AM: 10% | Usually not busy
    6 AM: 0% | Idle
    7 AM: 10% | Usually not busy
    8 AM: 50% | Usually not too busy
    9 AM: 60% | Usually a little busy
    10 AM: 80% | Usually a little busy
    11 AM: 40% | Usually not too busy
    12 PM: 30% | Usually not too busy
    1 PM: 10% | Usually not busy
    2 PM: 0% | Idle
    3 PM: 0% | Idle
    4 PM: 0% | Idle
    5 PM: 0% | Idle
    6 PM: 0% | Idle
    7 PM: 0% | Idle
    8 PM: 0% | Idle",,
ChIJ8wwYn-r5eA0RRQdHHM_gO74,Cafe Zoubir,,False,,3,,Cafe Zoubir (Owner),https://www.google.com/maps/contrib/111174200232039264288,https://lh5.googleusercontent.com/p/AF1QipMW1GYqA5Ho0QleHgE8y4tg1wvJQzxbzXQ7P9p5=w408-h306-k-no,Coffee shop,Coffee shop,5,6 AM-1 AM,Open All Days,,"Cafe Zoubir, bldy@ dr y Gmrsnt lGzw@, 13410, Algeria",,https://www.google.com/maps/place/Caf%C3%A9+Zoubir/data=!4m7!3m6!1s0xd78f9ea9f180cf3:0xbe3be0cf1c470745!8m2!3d35.0762481!4d-1.7839636!16s%2Fg%2F11l37hkd1w!19sChIJ8wwYn-r5eA0RRQdHHM_gO74?authuser=0&hl=en&rclk=1,Closed  Opens 6 AM,,0,0,0,0,3,,https://search.google.com/local/reviews?placeid=ChIJ8wwYn-r5eA0RRQdHHM_gO74&q=Caf%C3%A9+Zoubir&authuser=0&hl=en&gl=US,"35.0762481,-1.7839635999999999","36G8+FC Dar Yaghmouracene, Algeria",Dar Bentata,bldy@ dr y Gmrsnt lGzw@,Dar Yaghmouracene,13410,,DZ,Africa/Algiers,13707797070969505605,0xd78f9ea9f180cf3:0xbe3be0cf1c470745,,,,"Curbside pickup, No-contact delivery, Delivery, Drive-through, Takeout, Dine-in",,,,Coffee,,,,,,"Casual, Cozy",,Groups,,,,Good for kids,,"Monday: 6 AM-1 AM
Tuesday: 6 AM-1 AM
Wednesday: 6 AM-1 AM
Thursday: 6 AM-1 AM
Friday: 6 AM-1 AM
Saturday: 6 AM-1 AM
Sunday: 6 AM-1 AM",Not Present,Not Present,,
ChIJH_GgU2lbeA0R_YJbf966TRA,Cafe nemraoui,,False,"Name: Cafe Ahmed ammar
link: https://www.google.com/maps/search/Cafe+Ahmed+ammar/@35.0702918,-1.4440807000000002?authuser=0&hl=en&entry=ttu
Reviews: 5 reviews

Name: bql@
link: https://www.google.com/maps/search/%D8%A8%D9%82%D8%A7%D9%84%D8%A9/@35.0834925,-2.1978534?authuser=0&hl=en&entry=ttu
Reviews: 2 reviews

Name: MONO CAFE
link: https://www.google.com/maps/search/MONO+CAFE/@35.0120775,-1.7447587?authuser=0&hl=en&entry=ttu
Reviews: 1 reviews

Name: Cafe BENKAABA
link: https://www.google.com/maps/search/Caf%C3%A9+BENKAABA/@35.0100238,-1.7469838?authuser=0&hl=en&entry=ttu
Reviews: 0 reviews",3,,Cafe nemraoui (Owner),,,Coffee shop,Coffee shop,5,,Open All Days,,"X267+4Q Cafe nemraoui, Bab el Assa, Algeria",,https://www.google.com/maps/place/Cafe+nemraoui/data=!4m7!3m6!1s0xd785b6953a0f11f:0x104dbade7f5b82fd!8m2!3d34.960282!4d-1.9856095!16s%2Fg%2F11t9jqmqtz!19sChIJH_GgU2lbeA0R_YJbf966TRA?authuser=0&hl=en&rclk=1,,,0,0,0,0,3,,https://search.google.com/local/reviews?placeid=ChIJH_GgU2lbeA0R_YJbf966TRA&q=Cafe+nemraoui&authuser=0&hl=en&gl=DZ,"34.960282,-1.9856094999999998",,Benkrama,X267+4Q,Bab El Assa,,,DZ,Africa/Algiers,1174800542595777277,0xd785b6953a0f11f:0x104dbade7f5b82fd,,,,Dine-in,,Wheelchair accessible entrance,,"Coffee, Small plates",,"Breakfast, Dessert",,Restroom,,Cozy,,Groups,,Accepts reservations,,Good for kids,,,Not Present,Not Present,,
ChIJ428Eic35eA0RYWywgKaxGeE,Cafe Ammi Hamza,,False,"Name: Cafe
link: https://www.google.com/maps/search/Caf%C3%A9/@35.0753059,-1.7807830000000002?authuser=0&hl=en&entry=ttu
Reviews: 0 reviews

Name: Cafeteria Cherif
link: https://www.google.com/maps/search/Cafeteria+Cherif/@35.0959582,-1.8633239?authuser=0&hl=en&entry=ttu
Reviews: 0 reviews",2,,Cafe Ammi Hamza (Owner),,,Coffee shop,Coffee shop,4.5,,Open All Days,,"452X+8XG Cafe Ammi Hamza, Dar Yaghmouracene, Algeria",,https://www.google.com/maps/place/Caf%C3%A9+Ammi+Hamza/data=!4m7!3m6!1s0xd78f9cd89046fe3:0xe119b1a680b06c61!8m2!3d35.1008196!4d-1.8000449!16s%2Fg%2F11r3g73dm5!19sChIJ428Eic35eA0RYWywgKaxGeE?authuser=0&hl=en&rclk=1,,,0,0,0,1,1,,https://search.google.com/local/reviews?placeid=ChIJ428Eic35eA0RYWywgKaxGeE&q=Caf%C3%A9+Ammi+Hamza&authuser=0&hl=en&gl=DZ,"35.1008196,-1.8000448999999998",,Ouled Ali,452X+8XG,Dar Yaghmouracene,,,DZ,Africa/Algiers,16220190861633285217,0xd78f9cd89046fe3:0xe119b1a680b06c61,,,,Dine-in,,Wheelchair accessible restroom,,Coffee,,Dessert,,Restroom,,Cozy,,Groups,,Accepts reservations,,,,,Not Present,Not Present,,
ChIJ22P6eo3jeA0R7QRQbXKoT_o,Chez karim,,False,"Name: Cafe Mohamed Kacem
link: https://www.google.com/maps/search/Caf%C3%A9+Mohamed+Kacem/@35.1770175,-1.6540647?authuser=0&hl=en&entry=ttu
Reviews: 0 reviews

Name: Karim ll'dwt wlmstlzmt lmnzly@ hnyn
link: https://www.google.com/maps/search/Karim+%D9%84%D9%84%D8%A3%D8%AF%D9%88%D8%A7%D8%AA+%D9%88%D8%A7%D9%84%D9%85%D8%B3%D8%AA%D9%84%D8%B2%D9%85%D8%A7%D8%AA+%D8%A7%D9%84%D9%85%D9%86%D8%B2%D9%84%D9%8A%D8%A9+%D9%87%D9%86%D9%8A%D9%86/@35.1766243,-1.6559023000000002?authuser=0&hl=en&entry=ttu
Reviews: 0 reviews",2,,Chez karim (Owner),,https://lh5.googleusercontent.com/p/AF1QipPhnEQNXjbb0_SR3yDxFZ35FAJd9jQ3P1ukbdnM=w408-h305-k-no,Coffee shop,Coffee shop,3,Open 24 hours,Open All Days,+213 556 23 13 31,"Chez karim, Plage Tafsout, Honaine, Algeria",,https://www.google.com/maps/place/Chez+karim/data=!4m7!3m6!1s0xd78e38d7afa63db:0xfa4fa8726d5004ed!8m2!3d35.1852576!4d-1.6482949!16s%2Fg%2F11pckw89lz!19sChIJ22P6eo3jeA0R7QRQbXKoT_o?authuser=0&hl=en&rclk=1,Open 24 hours,,1,0,0,0,1,,https://search.google.com/local/reviews?placeid=ChIJ22P6eo3jeA0R7QRQbXKoT_o&q=Chez+karim&authuser=0&hl=en&gl=DZ,"35.1852576,-1.6482949","59P2+4M Honaine, Algeria",,Plage Tafsout,Honaine,,,DZ,Africa/Algiers,18036820242055824621,0xd78e38d7afa63db:0xfa4fa8726d5004ed,,,,,,"Wheelchair accessible restroom, Wheelchair accessible seating",,"Coffee, Late-night food, Small plates",,"Breakfast, Dinner, Dessert",,Restroom,,Cozy,,Groups,,Accepts reservations,,Good for kids,,"Monday: Open 24 hours
Tuesday: Open 24 hours
Wednesday: Open 24 hours
Thursday: Open 24 hours
Friday: Open 24 hours
Saturday: Open 24 hours
Sunday: Open 24 hours","9 AM, 6 PM, 7 PM
---
Time Label: 9 AM
Average Popularity: 35.42857142857143

Time Label: 6 PM
Average Popularity: 31.428571428571427

Time Label: 7 PM
Average Popularity: 31.142857142857142","Monday:
    4 AM: 7% | Usually not busy
    5 AM: 0% | Idle
    6 AM: 0% | Idle
    7 AM: 14% | Usually not busy
    8 AM: 28% | Usually not too busy
    9 AM: 57% | Usually a little busy
    10 AM: 35% | Usually not too busy
    11 AM: 35% | Usually not too busy
    12 PM: 28% | Usually not too busy
    1 PM: 21% | Usually not too busy
    2 PM: 21% | Usually not too busy
    3 PM: 7% | Usually not busy
    4 PM: 14% | Usually not busy
    5 PM: 35% | Usually not too busy
    6 PM: 50% | Usually not too busy
    7 PM: 21% | Usually not too busy
    8 PM: 14% | Usually not busy
    9 PM: 7% | Usually not busy
    10 PM: 21% | Usually not too busy
    11 PM: 42% | Usually not too busy
    12 AM: 21% | Usually not too busy
    1 AM: 7% | Usually not busy
    2 AM: 7% | Usually not busy
    3 AM: 21% | Usually not too busy

Tuesday:
    4 AM: 7% | Usually not busy
    5 AM: 0% | Idle
    6 AM: 0% | Idle
    7 AM: 7% | Usually not busy
    8 AM: 21% | Usually not too busy
    9 AM: 35% | Usually not too busy
    10 AM: 14% | Usually not busy
    11 AM: 7% | Usually not busy
    12 PM: 7% | Usually not busy
    1 PM: 0% | Idle
    2 PM: 7% | Usually not busy
    3 PM: 7% | Usually not busy
    4 PM: 14% | Usually not busy
    5 PM: 7% | Usually not busy
    6 PM: 0% | Idle
    7 PM: 0% | Idle
    8 PM: 0% | Idle
    9 PM: 7% | Usually not busy
    10 PM: 28% | Usually not too busy
    11 PM: 21% | Usually not too busy
    12 AM: 28% | Usually not too busy
    1 AM: 14% | Usually not busy
    2 AM: 14% | Usually not busy
    3 AM: 0% | Idle

Wednesday:
    4 AM: 0% | Idle
    5 AM: 7% | Usually not busy
    6 AM: 21% | Usually not too busy
    7 AM: 35% | Usually not too busy
    8 AM: 28% | Usually not too busy
    9 AM: 14% | Usually not busy
    10 AM: 0% | Idle
    11 AM: 0% | Idle
    12 PM: 7% | Usually not busy
    1 PM: 0% | Idle
    2 PM: 7% | Usually not busy
    3 PM: 0% | Idle
    4 PM: 0% | Idle
    5 PM: 0% | Idle
    6 PM: 21% | Usually not too busy
    7 PM: 28% | Usually not too busy
    8 PM: 42% | Usually not too busy
    9 PM: 35% | Usually not too busy
    10 PM: 50% | Usually not too busy
    11 PM: 42% | Usually not too busy
    12 AM: 28% | Usually not too busy
    1 AM: 28% | Usually not too busy
    2 AM: 21% | Usually not too busy
    3 AM: 7% | Usually not busy

Thursday:
    4 AM: 21% | Usually not too busy
    5 AM: 57% | Usually a little busy
    6 AM: 50% | Usually not too busy
    7 AM: 57% | Usually a little busy
    8 AM: 50% | Usually not too busy
    9 AM: 64% | Usually a little busy
    10 AM: 57% | Usually a little busy
    11 AM: 100% | Usually as busy as it gets
    12 PM: 57% | Usually a little busy
    1 PM: 28% | Usually not too busy
    2 PM: 7% | Usually not busy
    3 PM: 14% | Usually not busy
    4 PM: 7% | Usually not busy
    5 PM: 0% | Idle
    6 PM: 7% | Usually not busy
    7 PM: 21% | Usually not too busy
    8 PM: 42% | Usually not too busy
    9 PM: 21% | Usually not too busy
    10 PM: 7% | Usually not busy
    11 PM: 0% | Idle
    12 AM: 0% | Idle
    1 AM: 0% | Idle
    2 AM: 0% | Idle
    3 AM: 14% | Usually not busy

Friday:
    4 AM: 0% | Idle
    5 AM: 0% | Idle
    6 AM: 7% | Usually not busy
    7 AM: 21% | Usually not too busy
    8 AM: 14% | Usually not busy
    9 AM: 14% | Usually not busy
    10 AM: 28% | Usually not too busy
    11 AM: 21% | Usually not too busy
    12 PM: 21% | Usually not too busy
    1 PM: 28% | Usually not too busy
    2 PM: 21% | Usually not too busy
    3 PM: 21% | Usually not too busy
    4 PM: 35% | Usually not too busy
    5 PM: 50% | Usually not too busy
    6 PM: 50% | Usually not too busy
    7 PM: 92% | Usually as busy as it gets
    8 PM: 78% | Usually a little busy
    9 PM: 92% | Usually as busy as it gets
    10 PM: 71% | Usually a little busy
    11 PM: 42% | Usually not too busy
    12 AM: 28% | Usually not too busy
    1 AM: 7% | Usually not busy
    2 AM: 0% | Idle
    3 AM: 0% | Idle

Saturday:
    4 AM: 0% | Idle
    5 AM: 0% | Idle
    6 AM: 7% | Usually not busy
    7 AM: 14% | Usually not busy
    8 AM: 28% | Usually not too busy
    9 AM: 14% | Usually not busy
    10 AM: 7% | Usually not busy
    11 AM: 0% | Idle
    12 PM: 0% | Idle
    1 PM: 14% | Usually not busy
    2 PM: 21% | Usually not too busy
    3 PM: 42% | Usually not too busy
    4 PM: 42% | Usually not too busy
    5 PM: 21% | Usually not too busy
    6 PM: 21% | Usually not too busy
    7 PM: 21% | Usually not too busy
    8 PM: 14% | Usually not busy
    9 PM: 14% | Usually not busy
    10 PM: 7% | Usually not busy
    11 PM: 7% | Usually not busy
    12 AM: 21% | Usually not too busy
    1 AM: 28% | Usually not too busy
    2 AM: 28% | Usually not too busy
    3 AM: 7% | Usually not busy

Sunday:
    4 AM: 14% | Usually not busy
    5 AM: 35% | Usually not too busy
    6 AM: 28% | Usually not too busy
    7 AM: 50% | Usually not too busy
    8 AM: 42% | Usually not too busy
    9 AM: 50% | Usually not too busy
    10 AM: 14% | Usually not busy
    11 AM: 7% | Usually not busy
    12 PM: 7% | Usually not busy
    1 PM: 21% | Usually not too busy
    2 PM: 14% | Usually not busy
    3 PM: 21% | Usually not too busy
    4 PM: 35% | Usually not too busy
    5 PM: 57% | Usually a little busy
    6 PM: 71% | Usually a little busy
    7 PM: 35% | Usually not too busy
    8 PM: 14% | Usually not busy
    9 PM: 0% | Idle
    10 PM: 0% | Idle
    11 PM: 0% | Idle
    12 AM: 0% | Idle
    1 AM: 0% | Idle
    2 AM: 0% | Idle
    3 AM: 7% | Usually not busy",,
ChIJh19PPQPneA0RDIh0GxL-hX0,mqh~ lHj,,False,"Name: mqhy lHj `yd cafe El haj Ayad
link: https://www.google.com/maps/search/%D9%85%D9%82%D9%87%D9%8A+%D8%A7%D9%84%D8%AD%D8%A7%D8%AC+%D8%B9%D9%8A%D8%A7%D8%AF+cafe+El+haj+Ayad/@34.854184,-1.7349718?authuser=0&hl=en&entry=ttu
Reviews: 3 reviews

Name: mqhy bwHjr
link: https://www.google.com/maps/search/%D9%85%D9%82%D9%87%D9%8A+%D8%A8%D9%88%D8%AD%D8%AC%D8%B1/@35.035555699999996,-1.5992302?authuser=0&hl=en&entry=ttu
Reviews: 1 reviews

Name: mqh~ lHj `mr
link: https://www.google.com/maps/search/%D9%85%D9%82%D9%87%D9%89+%D8%A7%D9%84%D8%AD%D8%A7%D8%AC+%D8%B9%D9%85%D8%B1/@34.8828864,-1.3166814999999998?authuser=0&hl=en&entry=ttu
Reviews: 0 reviews",2,,mqh~ lHj (Owner),,,Coffee shop,Coffee shop,5,,Open All Days,,"2CM2+8RM mqh~ lHj, Fellaoucene, Algeria",,https://www.google.com/maps/place/%D9%85%D9%82%D9%87%D9%89+%D8%A7%D9%84%D8%AD%D8%A7%D8%AC%E2%80%AD/data=!4m7!3m6!1s0xd78e7033d4f5f87:0x7d85fe121b74880c!8m2!3d35.0333332!4d-1.5979607!16s%2Fg%2F11pzhdn9h3!19sChIJh19PPQPneA0RDIh0GxL-hX0?authuser=0&hl=en&rclk=1,,,0,0,0,0,2,,https://search.google.com/local/reviews?placeid=ChIJh19PPQPneA0RDIh0GxL-hX0&q=%D9%85%D9%82%D9%87%D9%89+%D8%A7%D9%84%D8%AD%D8%A7%D8%AC%E2%80%AD&authuser=0&hl=en&gl=DZ,"35.0333332,-1.5979607",,El Mahraz,2CM2+8RM,Fellaoucene,,,DZ,Africa/Algiers,9044914780366997516,0xd78e7033d4f5f87:0x7d85fe121b74880c,,,,,,,,Coffee,,Breakfast,,Restroom,,Cozy,,Groups,,,,,,,Not Present,Not Present,,
ChIJawJYazJXeA0Rn8Hcx0gZxQs,Cafeteria Boghazi,,False,"Name: Cafetiere Rabah
link: https://www.google.com/maps/search/Cafeti%C3%A8re+Rabah/@35.094738,-1.8388926?authuser=0&hl=en&entry=ttu
Reviews: 0 reviews

Name: Cafetiere Zwiiyen
link: https://www.google.com/maps/search/Cafeti%C3%A8re+Zwiiyen/@35.09545020000001,-1.8406926?authuser=0&hl=en&entry=ttu
Reviews: 0 reviews

Name: cafeteria a/rahim
link: https://www.google.com/maps/search/cafeteria+a%2Frahim/@34.942394799999995,-1.6946112?authuser=0&hl=en&entry=ttu
Reviews: 0 reviews",2,,Cafeteria Boghazi (Owner),,,Coffee shop,Coffee shop,5,,Open All Days,+213 673 42 29 98,"35X6+9G6 Cafeteria Boghazi, Ghazaouet, Algeria",,https://www.google.com/maps/place/Cafeteria+Boghazi/data=!4m7!3m6!1s0xd7857326b58026b:0xbc51948c7dcc19f!8m2!3d35.0984215!4d-1.8387299!16s%2Fg%2F11p_5lzgsk!19sChIJawJYazJXeA0Rn8Hcx0gZxQs?authuser=0&hl=en&rclk=1,,,0,0,0,0,2,,https://search.google.com/local/reviews?placeid=ChIJawJYazJXeA0Rn8Hcx0gZxQs&q=Cafeteria+Boghazi&authuser=0&hl=en&gl=DZ,"35.0984215,-1.8387299",,Sidi Amar,35X6+9G6,Ghazaouet,,,DZ,Africa/Algiers,848111905210679711,0xd7857326b58026b:0xbc51948c7dcc19f,,,,Dine-in,,"Wheelchair accessible entrance, Wheelchair accessible parking lot, Wheelchair accessible restroom, Wheelchair accessible seating",,"Coffee, Late-night food, Small plates",,"Breakfast, Lunch, Dinner, Catering, Dessert",,Restroom,,Cozy,,Groups,,,,Good for kids,,,Not Present,Not Present,,
ChIJKYlVavvxeA0RVwo02C8ERls,mqh~ lftH sy `bd lqdr lkhD y,,False,"Name: MONO CAFE
link: https://www.google.com/maps/search/MONO+CAFE/@35.0120775,-1.7447587?authuser=0&hl=en&entry=ttu
Reviews: 1 reviews

Name: mkhbz@ lkhw@ wDH
link: https://www.google.com/maps/search/%D9%85%D8%AE%D8%A8%D8%B2%D8%A9+%D8%A7%D9%84%D8%A7%D8%AE%D9%88%D8%A9+%D9%88%D8%A7%D8%B6%D8%AD/@35.0136805,-1.7458429?authuser=0&hl=en&entry=ttu
Reviews: 0 reviews",1,,mqh~ lftH sy `bd lqdr lkhD y (Owner),,,Coffee shop,Coffee shop,5,,Open All Days,,"2772+WH2 mqh~ lftH sy `bd lqdr lkhD y, Unnamed Road, Nedroma, Algeria",,https://www.google.com/maps/place/%D9%85%D9%82%D9%87%D9%89+%D8%A7%D9%84%D9%81%D8%AA%D8%AD+%D8%B3%D9%8A+%D8%B9%D8%A8%D8%AF+%D8%A7%D9%84%D9%82%D8%A7%D8%AF%D8%B1+%D9%84%D8%AE%D8%B6%D8%A7+%D9%8A%E2%80%AD/data=!4m7!3m6!1s0xd78f1fb6a558929:0x5b46042fd8340a57!8m2!3d35.0147714!4d-1.7485979!16s%2Fg%2F11p19176xq!19sChIJKYlVavvxeA0RVwo02C8ERls?authuser=0&hl=en&rclk=1,,,0,0,0,0,1,,https://search.google.com/local/reviews?placeid=ChIJKYlVavvxeA0RVwo02C8ERls&q=%D9%85%D9%82%D9%87%D9%89+%D8%A7%D9%84%D9%81%D8%AA%D8%AD+%D8%B3%D9%8A+%D8%B9%D8%A8%D8%AF+%D8%A7%D9%84%D9%82%D8%A7%D8%AF%D8%B1+%D9%84%D8%AE%D8%B6%D8%A7+%D9%8A%E2%80%AD&authuser=0&hl=en&gl=DZ,"35.0147714,-1.7485978999999998",,Nedroma,"2772+WH2, Unnamed Road",Nedroma,,,DZ,Africa/Algiers,6576948909358451287,0xd78f1fb6a558929:0x5b46042fd8340a57,,,,,,"Wheelchair accessible entrance, Wheelchair accessible restroom, Wheelchair accessible seating",,Coffee,,,,Restroom,,Cozy,,Groups,,,,,,,Not Present,Not Present,,
ChIJDfasnPLxeA0RkBSDjg4a8RU,Cafe soufi,,False,"Name: mqh~ Swfy Hsyn
link: https://www.google.com/maps/search/%D9%85%D9%82%D9%87%D9%89+%D8%B5%D9%88%D9%81%D9%8A+%D8%AD%D8%B3%D9%8A%D9%86/@34.9643395,-1.9404713000000002?authuser=0&hl=en&entry=ttu
Reviews: 2 reviews

Name: Cafe
link: https://www.google.com/maps/search/Caf%C3%A9/@35.0753059,-1.7807830000000002?authuser=0&hl=en&entry=ttu
Reviews: 0 reviews

Name: Cafe 5 juillet
link: https://www.google.com/maps/search/Caf%C3%A9+5+juillet/@34.8489749,-1.7276025000000002?authuser=0&hl=en&entry=ttu
Reviews: 0 reviews",1,,Cafe soufi (Owner),,https://lh5.googleusercontent.com/p/AF1QipMxDCNxwtpZBrtD6Cy_NXbXIblGDJECG5Gnqzx9=w426-h240-k-no,Coffee shop,Coffee shop,3,,Open All Days,,"2763+78Q Cafe soufi, Ahmed, Place du, Marche, BOUANANI ABDEREZAK, Nedroma, Algeria",,https://www.google.com/maps/place/Caf%C3%A9+soufi/data=!4m7!3m6!1s0xd78f1f29cacf60d:0x15f11a0e8e831490!8m2!3d35.0107561!4d-1.7463121!16s%2Fg%2F11s2qlh7wy!19sChIJDfasnPLxeA0RkBSDjg4a8RU?authuser=0&hl=en&rclk=1,,,0,0,1,0,0,,https://search.google.com/local/reviews?placeid=ChIJDfasnPLxeA0RkBSDjg4a8RU&q=Caf%C3%A9+soufi&authuser=0&hl=en&gl=DZ,"35.0107561,-1.7463121",,Nedroma,"2763+78Q Ahmed, Place du, Marche, BOUANANI ABDEREZAK",Nedroma,,,DZ,Africa/Algiers,1581073594006574224,0xd78f1f29cacf60d:0x15f11a0e8e831490,,,,,,"Wheelchair accessible entrance, Wheelchair accessible restroom, Wheelchair accessible seating",,Coffee,,"Breakfast, Dessert",,Restroom,,Cozy,,Groups,,,,,,,Not Present,Not Present,,
ChIJNWmfnIr5eA0R1JSEcc3Xm3w,Cafeteria el mordjane,,False,,1,,Cafeteria el mordjane (Owner),,https://lh5.googleusercontent.com/p/AF1QipPPJS1cNhYD4wZ0aCiFGTTBbfWR7WcAHEbfly5_=w408-h885-k-no,Coffee shop,Coffee shop,5,,Open All Days,,"36G8+F79 Cafeteria el mordjane, N98, Dar Yaghmouracene, Algeria",,https://www.google.com/maps/place/Caf%C3%A9t%C3%A9ria+el+mordjane/data=!4m7!3m6!1s0xd78f98a9c9f6935:0x7c9bd7cd718494d4!8m2!3d35.0761855!4d-1.7841652!16s%2Fg%2F11v40cmnv7!19sChIJNWmfnIr5eA0R1JSEcc3Xm3w?authuser=0&hl=en&rclk=1,,,0,0,0,0,1,,https://search.google.com/local/reviews?placeid=ChIJNWmfnIr5eA0R1JSEcc3Xm3w&q=Caf%C3%A9t%C3%A9ria+el+mordjane&authuser=0&hl=en&gl=DZ,"35.0761855,-1.7841652",,Dar Bentata,"36G8+F79, N98",Dar Yaghmouracene,,,DZ,Africa/Algiers,8979007559465997524,0xd78f98a9c9f6935:0x7c9bd7cd718494d4,,,,"Takeout, Dine-in",,"Wheelchair accessible entrance, Wheelchair accessible parking lot, Wheelchair accessible seating",,Coffee,,"Lunch, Dinner, Dessert",,Restroom,,Cozy,,Groups,,,,Good for kids,,,Not Present,Not Present,,
ChIJeRWS-0iLeA0RM8FpHJ8I9KI,La casa DeL Chicha,,False,"Name: INFINITY CHICHA CLUB , SALON DE THE CYBERCAFE
link: https://www.google.com/maps/search/INFINITY+CHICHA+CLUB+%2C+SALON+DE+THE+CYBERCAFE/@34.85021390000001,-1.7448359999999998?authuser=0&hl=en&entry=ttu
Reviews: 25 reviews

Name: Chicha Nigro
link: https://www.google.com/maps/search/Chicha+Nigro/@34.8339561,-1.8057193999999999?authuser=0&hl=en&entry=ttu
Reviews: 2 reviews

Name: cafeteria Tadj
link: https://www.google.com/maps/search/caf%C3%A9t%C3%A9ria+Tadj/@34.8457832,-1.7434459?authuser=0&hl=en&entry=ttu
Reviews: 0 reviews",1,,La casa DeL Chicha (Owner),,https://lh5.googleusercontent.com/p/AF1QipNa38Q4noIpD6TtZiwalbIHhMLEVgzxxhdELy5p=w408-h544-k-no,Coffee shop,Coffee shop,2,,Open All Days,,"R5JV+MM5 La casa DeL Chicha, Maghnia, Algeria",,https://www.google.com/maps/place/La+casa+DeL+Chicha/data=!4m7!3m6!1s0xd788b48fb921579:0xa2f4089f1c69c133!8m2!3d34.8316298!4d-1.8057512!16s%2Fg%2F11lkhywt7j!19sChIJeRWS-0iLeA0RM8FpHJ8I9KI?authuser=0&hl=en&rclk=1,,,0,1,0,0,0,,https://search.google.com/local/reviews?placeid=ChIJeRWS-0iLeA0RM8FpHJ8I9KI&q=La+casa+DeL+Chicha&authuser=0&hl=en&gl=DZ,"34.8316298,-1.8057512",,El Betaiem,R5JV+MM5,Maghnia,,,DZ,Africa/Algiers,11742019607931240755,0xd788b48fb921579:0xa2f4089f1c69c133,,,,,,Wheelchair accessible seating,,Coffee,,,,Restroom,,Cozy,,Groups,,,,,,,Not Present,Not Present,,
ChIJw90EdwHzeA0Rux219g7u0fc,mqh~ lfnnyn w lfnynyn,,False,"Name: El Kafil
link: https://www.google.com/maps/search/El+Kafil/@34.8507811,-1.7404450999999999?authuser=0&hl=en&entry=ttu
Reviews: 7 reviews

Name: Cafe Ziani
link: https://www.google.com/maps/search/Cafe+Ziani/@34.850738899999996,-1.740359?authuser=0&hl=en&entry=ttu
Reviews: 2 reviews

Name: Cafeteria hamri
link: https://www.google.com/maps/search/Caf%C3%A9t%C3%A9ria+hamri/@34.8524836,-1.7514181?authuser=0&hl=en&entry=ttu
Reviews: 0 reviews

Name: cafeteria Tadj
link: https://www.google.com/maps/search/caf%C3%A9t%C3%A9ria+Tadj/@34.8457832,-1.7434459?authuser=0&hl=en&entry=ttu
Reviews: 0 reviews

Name: qhw@ llwH
link: https://www.google.com/maps/search/%D9%82%D9%87%D9%88%D8%A9+%D8%A7%D9%84%D9%84%D9%88%D8%AD/@34.8486597,-1.7293535999999998?authuser=0&hl=en&entry=ttu
Reviews: 0 reviews",1,,mqh~ lfnnyn w lfnynyn (Owner),,,Coffee shop,Coffee shop,5,,Open All Days,,"V742+QMH mqh~ lfnnyn w lfnynyn, Maghnia, Algeria",,https://www.google.com/maps/place/%D9%85%D9%82%D9%87%D9%89+%D8%A7%D9%84%D9%81%D9%86%D8%A7%D9%86%D9%8A%D9%86+%D9%88+%D8%A7%D9%84%D9%81%D9%86%D9%8A%D8%A7%D9%86%D9%8A%D9%86%E2%80%AD/data=!4m7!3m6!1s0xd78f3017704ddc3:0xf7d1ee0ef6b51dbb!8m2!3d34.8569389!4d-1.7482559!16s%2Fg%2F11q312wrs1!19sChIJw90EdwHzeA0Rux219g7u0fc?authuser=0&hl=en&rclk=1,,,0,0,0,0,1,,https://search.google.com/local/reviews?placeid=ChIJw90EdwHzeA0Rux219g7u0fc&q=%D9%85%D9%82%D9%87%D9%89+%D8%A7%D9%84%D9%81%D9%86%D8%A7%D9%86%D9%8A%D9%86+%D9%88+%D8%A7%D9%84%D9%81%D9%86%D9%8A%D8%A7%D9%86%D9%8A%D9%86%E2%80%AD&authuser=0&hl=en&gl=DZ,"34.856938899999996,-1.7482559",,Maghnia,V742+QMH,Maghnia,,,DZ,Africa/Algiers,17857315745536744891,0xd78f3017704ddc3:0xf7d1ee0ef6b51dbb,,,,,,"Wheelchair accessible entrance, Wheelchair accessible parking lot, Wheelchair accessible restroom, Wheelchair accessible seating",,Coffee,,Breakfast,,Restroom,,,,Groups,,,,,,,Not Present,Not Present,,
ChIJ95qpH9HneA0Rm5RWAmGFj_I,mqhy Hlyw@,,False,,1,,mqhy Hlyw@ (Owner),,https://lh5.googleusercontent.com/p/AF1QipNmlz_A5CN-NrSc6zGzAbfNHExwDfGvf8PomW5a=w408-h725-k-no,Coffee shop,Coffee shop,5,,Open All Days,,"3CJV+XJJ mqhy Hlyw@, W103B, Bordj Arima, Algeria",,https://www.google.com/maps/place/%D9%85%D9%82%D9%87%D9%8A+%D8%AD%D9%84%D9%8A%D9%88%D8%A9%E2%80%AD/data=!4m7!3m6!1s0xd78e7d11fa99af7:0xf28f85610256949b!8m2!3d35.0824531!4d-1.5559952!16s%2Fg%2F11vbwbg03p!19sChIJ95qpH9HneA0Rm5RWAmGFj_I?authuser=0&hl=en&rclk=1,,,0,0,0,0,1,,https://search.google.com/local/reviews?placeid=ChIJ95qpH9HneA0Rm5RWAmGFj_I&q=%D9%85%D9%82%D9%87%D9%8A+%D8%AD%D9%84%D9%8A%D9%88%D8%A9%E2%80%AD&authuser=0&hl=en&gl=DZ,"35.082453099999995,-1.5559952",,Bordj Arima,"3CJV+XJJ, W103B",Beni Ouarsous,,,DZ,Africa/Algiers,17478335330545734811,0xd78e7d11fa99af7:0xf28f85610256949b,,,,,,,,Coffee,,,,,,"Casual, Cozy",,Groups,,,,,,,Not Present,Not Present,,
ChIJhxOD-VTxeA0RswWPZ3KJ_es,cafe renaissance,,False,,,,cafe renaissance (Owner),,,Coffee shop,Coffee shop,,,Open All Days,,"cafe renaissance, mosquee, Nedroma, Algeria",,https://www.google.com/maps/place/caf%C3%A9+renaissance/data=!4m7!3m6!1s0xd78f154f9831387:0xebfd8972678f05b3!8m2!3d35.0135259!4d-1.7460476!16s%2Fg%2F11v6kcx9m7!19sChIJhxOD-VTxeA0RswWPZ3KJ_es?authuser=0&hl=en&rclk=1,,,,,,,,,https://search.google.com/local/reviews?placeid=ChIJhxOD-VTxeA0RswWPZ3KJ_es&q=caf%C3%A9+renaissance&authuser=0&hl=en&gl=DZ,"35.0135259,-1.7460475999999998","2773+CH Nedroma, Algeria",Nedroma,mosquee,Nedroma,,,DZ,Africa/Algiers,17004898892477564339,0xd78f154f9831387:0xebfd8972678f05b3,,,,,,,,Coffee,,,,Restroom,,"Casual, Cozy",,Groups,,,,Good for kids,,,Not Present,Not Present,,
ChIJIRMUm9rxeA0RloI1LGOtJtg,mqh~ lHdyq@ cafe jardin,,False,,,,mqh~ lHdyq@ cafe jardin (Owner),,https://lh5.googleusercontent.com/p/AF1QipNFY9KA0IbLNymuqBCk0Y576P0owdjAZ6Bb9ruP=w408-h544-k-no,Coffee shop,Coffee shop,,6 AM-10 PM,Open All Days,,"2763+3J5 mqh~ lHdyq@ cafe jardin, N99, Nedroma 13600, Algeria",,https://www.google.com/maps/place/%D9%85%D9%82%D9%87%D9%89+%D8%A7%D9%84%D8%AD%D8%AF%D9%8A%D9%82%D8%A9+caf%C3%A9+jardin%E2%80%AD/data=!4m7!3m6!1s0xd78f1da9b141321:0xd826ad632c358296!8m2!3d35.0103233!4d-1.7457048!16s%2Fg%2F11svpc61bl!19sChIJIRMUm9rxeA0RloI1LGOtJtg?authuser=0&hl=en&rclk=1,Closed  Opens 6 AM,,,,,,,,https://search.google.com/local/reviews?placeid=ChIJIRMUm9rxeA0RloI1LGOtJtg&q=%D9%85%D9%82%D9%87%D9%89+%D8%A7%D9%84%D8%AD%D8%AF%D9%8A%D9%82%D8%A9+caf%C3%A9+jardin%E2%80%AD&authuser=0&hl=en&gl=DZ,"35.010323299999996,-1.7457048",,Nedroma,"2763+3J5, N99",Nedroma,13600,,DZ,Africa/Algiers,15575327002762510998,0xd78f1da9b141321:0xd826ad632c358296,,,,Dine-in,,"Wheelchair accessible entrance, Wheelchair accessible parking lot",,Coffee,,Lunch,,Restroom,,Cozy,,Groups,,Accepts reservations,,Good for kids,,"Monday: 6 AM-10 PM
Tuesday: 6 AM-10 PM
Wednesday: 6 AM-10 PM
Thursday: 6 AM-10 PM
Friday: 6 AM-10 PM
Saturday: 6 AM-10 PM
Sunday: 6 AM-10 PM","9 PM, 10 AM, 5 PM
---
Time Label: 9 PM
Average Popularity: 27.142857142857142

Time Label: 10 AM
Average Popularity: 26.142857142857142

Time Label: 5 PM
Average Popularity: 22.714285714285715","Monday:
    5 AM: 0% | Idle
    6 AM: 0% | Idle
    7 AM: 0% | Idle
    8 AM: 0% | Idle
    9 AM: 0% | Idle
    10 AM: 0% | Idle
    11 AM: 7% | Usually not busy
    12 PM: 15% | Usually not busy
    1 PM: 7% | Usually not busy
    2 PM: 7% | Usually not busy
    3 PM: 0% | Idle
    4 PM: 0% | Idle
    5 PM: 0% | Idle
    6 PM: 7% | Usually not busy
    7 PM: 7% | Usually not busy
    8 PM: 23% | Usually not too busy
    9 PM: 61% | Usually a little busy
    10 PM: 0% | Idle

Tuesday:
    5 AM: 0% | Idle
    6 AM: 15% | Usually not busy
    7 AM: 7% | Usually not busy
    8 AM: 0% | Idle
    9 AM: 7% | Usually not busy
    10 AM: 15% | Usually not busy
    11 AM: 7% | Usually not busy
    12 PM: 0% | Idle
    1 PM: 23% | Usually not too busy
    2 PM: 61% | Usually a little busy
    3 PM: 100% | Usually as busy as it gets
    4 PM: 69% | Usually a little busy
    5 PM: 30% | Usually not too busy
    6 PM: 7% | Usually not busy
    7 PM: 0% | Idle
    8 PM: 7% | Usually not busy
    9 PM: 15% | Usually not busy
    10 PM: 0% | Idle

Wednesday:
    5 AM: 0% | Idle
    6 AM: 7% | Usually not busy
    7 AM: 0% | Idle
    8 AM: 0% | Idle
    9 AM: 0% | Idle
    10 AM: 0% | Idle
    11 AM: 0% | Idle
    12 PM: 0% | Idle
    1 PM: 7% | Usually not busy
    2 PM: 15% | Usually not busy
    3 PM: 7% | Usually not busy
    4 PM: 7% | Usually not busy
    5 PM: 15% | Usually not busy
    6 PM: 15% | Usually not busy
    7 PM: 15% | Usually not busy
    8 PM: 7% | Usually not busy
    9 PM: 0% | Idle
    10 PM: 0% | Idle

Thursday:
    5 AM: 0% | Idle
    6 AM: 15% | Usually not busy
    7 AM: 7% | Usually not busy
    8 AM: 7% | Usually not busy
    9 AM: 23% | Usually not too busy
    10 AM: 46% | Usually not too busy
    11 AM: 46% | Usually not too busy
    12 PM: 30% | Usually not too busy
    1 PM: 23% | Usually not too busy
    2 PM: 15% | Usually not busy
    3 PM: 15% | Usually not busy
    4 PM: 7% | Usually not busy
    5 PM: 0% | Idle
    6 PM: 0% | Idle
    7 PM: 7% | Usually not busy
    8 PM: 7% | Usually not busy
    9 PM: 23% | Usually not too busy
    10 PM: 0% | Idle

Friday:
    5 AM: 0% | Idle
    6 AM: 23% | Usually not too busy
    7 AM: 7% | Usually not busy
    8 AM: 0% | Idle
    9 AM: 7% | Usually not busy
    10 AM: 23% | Usually not too busy
    11 AM: 7% | Usually not busy
    12 PM: 0% | Idle
    1 PM: 0% | Idle
    2 PM: 0% | Idle
    3 PM: 7% | Usually not busy
    4 PM: 15% | Usually not busy
    5 PM: 38% | Usually not too busy
    6 PM: 30% | Usually not too busy
    7 PM: 23% | Usually not too busy
    8 PM: 15% | Usually not busy
    9 PM: 30% | Usually not too busy
    10 PM: 0% | Idle

Saturday:
    5 AM: 0% | Idle
    6 AM: 0% | Idle
    7 AM: 15% | Usually not busy
    8 AM: 23% | Usually not too busy
    9 AM: 53% | Usually a little busy
    10 AM: 69% | Usually a little busy
    11 AM: 46% | Usually not too busy
    12 PM: 15% | Usually not busy
    1 PM: 0% | Idle
    2 PM: 0% | Idle
    3 PM: 0% | Idle
    4 PM: 23% | Usually not too busy
    5 PM: 53% | Usually a little busy
    6 PM: 84% | Usually as busy as it gets
    7 PM: 61% | Usually a little busy
    8 PM: 38% | Usually not too busy
    9 PM: 23% | Usually not too busy
    10 PM: 0% | Idle

Sunday:
    5 AM: 0% | Idle
    6 AM: 7% | Usually not busy
    7 AM: 0% | Idle
    8 AM: 15% | Usually not busy
    9 AM: 15% | Usually not busy
    10 AM: 30% | Usually not too busy
    11 AM: 15% | Usually not busy
    12 PM: 7% | Usually not busy
    1 PM: 0% | Idle
    2 PM: 7% | Usually not busy
    3 PM: 15% | Usually not busy
    4 PM: 15% | Usually not busy
    5 PM: 23% | Usually not too busy
    6 PM: 7% | Usually not busy
    7 PM: 7% | Usually not busy
    8 PM: 15% | Usually not busy
    9 PM: 38% | Usually not too busy
    10 PM: 0% | Idle",,
ChIJ6SKYNkr5eA0RzQg2lmgo7uk,Cafe,,False,"Name: mqh~ dr bn TT
link: https://www.google.com/maps/search/%D9%85%D9%82%D9%87%D9%89+%D8%AF%D8%A7%D8%B1+%D8%A8%D9%86+%D8%B7%D8%A7%D8%B7%D8%A7/@35.0752642,-1.7809587?authuser=0&hl=en&entry=ttu
Reviews: 11 reviews

Name: cafe DNC
link: https://www.google.com/maps/search/caf%C3%A9+DNC/@34.849668699999995,-1.7432215999999998?authuser=0&hl=en&entry=ttu
Reviews: 4 reviews

Name: mqh~ bwzr
link: https://www.google.com/maps/search/%D9%85%D9%82%D9%87%D9%89+%D8%A8%D9%88%D8%B2%D8%A7%D8%B1/@34.9656548,-1.6392726?authuser=0&hl=en&entry=ttu
Reviews: 3 reviews

Name: Cafe Ammi Hamza
link: https://www.google.com/maps/search/Caf%C3%A9+Ammi+Hamza/@35.1008196,-1.8000448999999998?authuser=0&hl=en&entry=ttu
Reviews: 2 reviews

Name: Cafe
link: https://www.google.com/maps/search/Cafe/@34.967524399999995,-1.63978?authuser=0&hl=en&entry=ttu
Reviews: 0 reviews",,,Cafe (Owner),,,Coffee shop,Coffee shop,,,Open All Days,,"36G9+4MG Cafe, Dar Yaghmouracene, Algeria",,https://www.google.com/maps/place/Caf%C3%A9/data=!4m7!3m6!1s0xd78f94a369822e9:0xe9ee2868963608cd!8m2!3d35.0753059!4d-1.780783!16s%2Fg%2F11t6f_dz9m!19sChIJ6SKYNkr5eA0RzQg2lmgo7uk?authuser=0&hl=en&rclk=1,,,,,,,,,https://search.google.com/local/reviews?placeid=ChIJ6SKYNkr5eA0RzQg2lmgo7uk&q=Caf%C3%A9&authuser=0&hl=en&gl=DZ,"35.0753059,-1.780783",,Dar Bentata,36G9+4MG,Dar Yaghmouracene,,,DZ,Africa/Algiers,16856454884956178637,0xd78f94a369822e9:0xe9ee2868963608cd,,,,Dine-in,,"Wheelchair accessible entrance, Wheelchair accessible restroom, Wheelchair accessible seating",,"Coffee, Small plates",,"Breakfast, Lunch, Dinner, Dessert",,Restroom,,Cozy,,Groups,,Accepts reservations,,,,,Not Present,Not Present,,
ChIJ7QEzc3z5eA0RG-melehqxhs,mqh~ lfqyh,,False,"Name: mqh~ lHj
link: https://www.google.com/maps/search/%D9%85%D9%82%D9%87%D9%89+%D8%A7%D9%84%D8%AD%D8%A7%D8%AC/@35.0333332,-1.5979607?authuser=0&hl=en&entry=ttu
Reviews: 2 reviews

Name: Cafe BENKAABA
link: https://www.google.com/maps/search/Caf%C3%A9+BENKAABA/@35.0100238,-1.7469838?authuser=0&hl=en&entry=ttu
Reviews: 0 reviews

Name: Cafe farid
link: https://www.google.com/maps/search/Cafe+farid/@34.8756706,-1.8757009999999998?authuser=0&hl=en&entry=ttu
Reviews: 0 reviews",,,mqh~ lfqyh (Owner),,,Coffee shop,Coffee shop,,,Open All Days,,"26MJ+VVQ mqh~ lfqyh, Nedroma, Algeria",,https://www.google.com/maps/place/%D9%85%D9%82%D9%87%D9%89+%D8%A7%D9%84%D9%81%D8%A7%D9%82%D9%8A%D9%87%E2%80%AD/data=!4m7!3m6!1s0xd78f97c733301ed:0x1bc66ae8959ee91b!8m2!3d35.0347118!4d-1.7677666!16s%2Fg%2F11q41r486c!19sChIJ7QEzc3z5eA0RG-melehqxhs?authuser=0&hl=en&rclk=1,,,,,,,,,https://search.google.com/local/reviews?placeid=ChIJ7QEzc3z5eA0RG-melehqxhs&q=%D9%85%D9%82%D9%87%D9%89+%D8%A7%D9%84%D9%81%D8%A7%D9%82%D9%8A%D9%87%E2%80%AD&authuser=0&hl=en&gl=DZ,"35.0347118,-1.7677665999999999",,Khoriba,26MJ+VVQ,Nedroma,,,DZ,Africa/Algiers,2001404631587940635,0xd78f97c733301ed:0x1bc66ae8959ee91b,,,,,,,,Coffee,,,,Restroom,,Cozy,,Groups,,,,,,,Not Present,Not Present,,
ChIJhVYr9w_5eA0RrR80iFMtTpM,Cafeteria Marhoum Mostafa,,False,,,,Cafeteria Marhoum Mostafa (Owner),,,Coffee shop,Coffee shop,,,Open All Days,,"355J+2C3 Cafeteria Marhoum Mostafa, Tient, Algeria",,https://www.google.com/maps/place/Caf%C3%A9t%C3%A9ria+Marhoum+Mostafa/data=!4m7!3m6!1s0xd78f90ff72b5685:0x934e2d5388341fad!8m2!3d35.058684!4d-1.8189501!16s%2Fg%2F11vkrmjfv0!19sChIJhVYr9w_5eA0RrR80iFMtTpM?authuser=0&hl=en&rclk=1,,,,,,,,,https://search.google.com/local/reviews?placeid=ChIJhVYr9w_5eA0RrR80iFMtTpM&q=Caf%C3%A9t%C3%A9ria+Marhoum+Mostafa&authuser=0&hl=en&gl=DZ,"35.058684,-1.8189501",,Tebushkurt,355J+2C3,Tienet,,,DZ,Africa/Algiers,10614471208549490605,0xd78f90ff72b5685:0x934e2d5388341fad,,,,,,,,Coffee,,,,,,Cozy,,Groups,,,,Good for kids,,,Not Present,Not Present,,
ChIJ55nKI__5eA0Rv9GLHDDtVUk,Cafeteria Merabet,,False,,,,Cafeteria Merabet (Owner),,,Coffee shop,Coffee shop,,,Open All Days,,"Cafeteria Merabet, Mosquee de Djamea Sakhra, N 99, Ghazaouet, Algeria",,https://www.google.com/maps/place/Caf%C3%A9t%C3%A9ria+Merabet/data=!4m7!3m6!1s0xd78f9ff23ca99e7:0x4955ed301c8bd1bf!8m2!3d35.0615181!4d-1.8197045!16s%2Fg%2F11vkrkyqry!19sChIJ55nKI__5eA0Rv9GLHDDtVUk?authuser=0&hl=en&rclk=1,,,,,,,,,https://search.google.com/local/reviews?placeid=ChIJ55nKI__5eA0Rv9GLHDDtVUk&q=Caf%C3%A9t%C3%A9ria+Merabet&authuser=0&hl=en&gl=DZ,"35.0615181,-1.8197044999999998","356J+J4 Ghazaouet, Algeria",Tebushkurt,"Mosquee de Djamea Sakhra, N 99",Ghazaouet,,,DZ,Africa/Algiers,5284390528682283455,0xd78f9ff23ca99e7:0x4955ed301c8bd1bf,,,,,,,,Coffee,,,,,,"Casual, Cozy",,Groups,,,,Good for kids,,,Not Present,Not Present,,
ChIJmz-zzL35eA0RTH6IdB5U9pk,Cafeteria El-Zaim,,False,,,,Cafeteria El-Zaim (Owner),,,Coffee shop,Coffee shop,,,Open All Days,,"357J+99 Cafeteria El-Zaim, Ghazaouet, Algeria",,https://www.google.com/maps/place/Caf%C3%A9t%C3%A9ria+El-Za%C3%AFm/data=!4m7!3m6!1s0xd78f9bdccb33f9b:0x99f6541e74887e4c!8m2!3d35.062584!4d-1.8201621!16s%2Fg%2F11vhgknzvc!19sChIJmz-zzL35eA0RTH6IdB5U9pk?authuser=0&hl=en&rclk=1,,,,,,,,,https://search.google.com/local/reviews?placeid=ChIJmz-zzL35eA0RTH6IdB5U9pk&q=Caf%C3%A9t%C3%A9ria+El-Za%C3%AFm&authuser=0&hl=en&gl=DZ,"35.062584,-1.8201621",,Bahlalla,357J+99,Ghazaouet,,,DZ,Africa/Algiers,11094147221854649932,0xd78f9bdccb33f9b:0x99f6541e74887e4c,,,,,,,,Coffee,,,,,,"Casual, Cozy",,Groups,,,,Good for kids,,,Not Present,Not Present,,
ChIJXZQ5G-P5eA0RIXjnmoOnKmM,mqh~ l`rysh@,,False,,,,mqh~ l`rysh@ (Owner),,https://lh5.googleusercontent.com/p/AF1QipNwTPrs2IWBHWDnsPfCKegDNydVLCTfKjSkMh5i=w408-h306-k-no,Coffee shop,Coffee shop,,,Open All Days,,"4636+VR mqh~ l`rysh@, Dar Yaghmouracene, Algeria",,https://www.google.com/maps/place/%D9%85%D9%82%D9%87%D9%89+%D9%84%D8%B9%D8%B1%D9%8A%D8%B4%D8%A9%E2%80%AD/data=!4m7!3m6!1s0xd78f9e31b39945d:0x632aa7839ae77821!8m2!3d35.1047272!4d-1.7879308!16s%2Fg%2F11vd9wv5tg!19sChIJXZQ5G-P5eA0RIXjnmoOnKmM?authuser=0&hl=en&rclk=1,,,,,,,,,https://search.google.com/local/reviews?placeid=ChIJXZQ5G-P5eA0RIXjnmoOnKmM&q=%D9%85%D9%82%D9%87%D9%89+%D9%84%D8%B9%D8%B1%D9%8A%D8%B4%D8%A9%E2%80%AD&authuser=0&hl=en&gl=DZ,"35.1047272,-1.7879307999999998",,,4636+VR,Dar Yaghmouracene,,,DZ,Africa/Algiers,7145707942458128417,0xd78f9e31b39945d:0x632aa7839ae77821,,,,,,,,Coffee,,,,,,Cozy,,Groups,,,,,,,Not Present,Not Present,,
ChIJ9Ub8rsjleA0RgQSiL0cEoq8,mqh~ 1 nwfmbr,,False,,,,mqh~ 1 nwfmbr (Owner),,,Coffee shop,Coffee shop,,,Open All Days,,"2CM2+W8Q mqh~ 1 nwfmbr, Rue 1 Novembre, Fellaoucene, Algeria",,https://www.google.com/maps/place/%D9%85%D9%82%D9%87%D9%89+1+%D9%86%D9%88%D9%81%D9%85%D8%A8%D8%B1%E2%80%AD/data=!4m7!3m6!1s0xd78e5c8aefc46f5:0xafa204472fa20481!8m2!3d35.0348444!4d-1.599145!16s%2Fg%2F11kq3wvqq1!19sChIJ9Ub8rsjleA0RgQSiL0cEoq8?authuser=0&hl=en&rclk=1,,,,,,,,,https://search.google.com/local/reviews?placeid=ChIJ9Ub8rsjleA0RgQSiL0cEoq8&q=%D9%85%D9%82%D9%87%D9%89+1+%D9%86%D9%88%D9%81%D9%85%D8%A8%D8%B1%E2%80%AD&authuser=0&hl=en&gl=DZ,"35.0348444,-1.599145",,El Mahraz,"2CM2+W8Q, Rue 1 Novembre",Fellaoucene,,,DZ,Africa/Algiers,12655682606652851329,0xd78e5c8aefc46f5:0xafa204472fa20481,,,,,,Wheelchair accessible entrance,,Coffee,,"Lunch, Dinner, Dessert",,Restroom,,Cozy,,Groups,,Accepts reservations,,,,,Not Present,Not Present,,
ChIJTUu1oVNXeA0RZxGKE66lFlI,Cafetiere Zwiiyen,,False,"Name: AMBIANCE CAFE
link: https://www.google.com/maps/search/AMBIANCE+CAF%C3%89/@35.094492699999996,-1.8612593999999998?authuser=0&hl=en&entry=ttu
Reviews: 13 reviews

Name: New saison
link: https://www.google.com/maps/search/New+saison/@35.100122,-1.8605745999999996?authuser=0&hl=en&entry=ttu
Reviews: 1 reviews

Name: Cafetiere Rabah
link: https://www.google.com/maps/search/Cafeti%C3%A8re+Rabah/@35.094738,-1.8388926?authuser=0&hl=en&entry=ttu
Reviews: 0 reviews

Name: mqh~ lzky
link: https://www.google.com/maps/search/%D9%85%D9%82%D9%87%D9%89+%D8%A7%D9%84%D8%B2%D8%A7%D9%83%D9%8A/@35.0976376,-1.8579641999999996?authuser=0&hl=en&entry=ttu
Reviews: 0 reviews",,,Cafetiere Zwiiyen (Owner),,,Coffee shop,Coffee shop,,,Open All Days,,"35W5+5M9 Cafetiere Zwiiyen, Ghazaouet, Algeria",,https://www.google.com/maps/place/Cafeti%C3%A8re+Zwiiyen/data=!4m7!3m6!1s0xd785753a1b54b4d:0x5216a5ae138a1167!8m2!3d35.0954502!4d-1.8406926!16s%2Fg%2F11s7918dv0!19sChIJTUu1oVNXeA0RZxGKE66lFlI?authuser=0&hl=en&rclk=1,,,,,,,,,https://search.google.com/local/reviews?placeid=ChIJTUu1oVNXeA0RZxGKE66lFlI&q=Cafeti%C3%A8re+Zwiiyen&authuser=0&hl=en&gl=DZ,"35.0954502,-1.8406926",,Sidi Amar,35W5+5M9,Ghazaouet,,,DZ,Africa/Algiers,5915097327668433255,0xd785753a1b54b4d:0x5216a5ae138a1167,,,,Dine-in,,"Wheelchair accessible entrance, Wheelchair accessible parking lot, Wheelchair accessible restroom, Wheelchair accessible seating",,"Coffee, Small plates",,"Breakfast, Lunch, Dinner, Dessert",,Restroom,,Cozy,,Groups,,Accepts reservations,,"Good for kids, Kids' menu",,,Not Present,Not Present,,
ChIJRzjLsUzjeA0R5Z4W6NYT6EQ,Cafe Mohamed Kacem,,False,"Name: Chez karim
link: https://www.google.com/maps/search/Chez+karim/@35.1852576,-1.6482949?authuser=0&hl=en&entry=ttu
Reviews: 2 reviews

Name: Cafe Mohamed kasmi
link: https://www.google.com/maps/search/Caf%C3%A9+Mohamed+kasmi/@35.177022,-1.6540200999999999?authuser=0&hl=en&entry=ttu
Reviews: 0 reviews",,,Cafe Mohamed Kacem (Owner),,https://lh5.googleusercontent.com/p/AF1QipNctgZC4XMkFwB3Jxkdubpo4Pk1TBUZJvqxCrRj=w408-h306-k-no,Coffee shop,Coffee shop,,Open 24 hours,Friday,,"58GW+R93 Cafe Mohamed Kacem, Honaine, Algeria",,https://www.google.com/maps/place/Caf%C3%A9+Mohamed+Kacem/data=!4m7!3m6!1s0xd78e34cb1cb3847:0x44e813d6e8169ee5!8m2!3d35.1770175!4d-1.6540647!16s%2Fg%2F11rtdb9r1c!19sChIJRzjLsUzjeA0R5Z4W6NYT6EQ?authuser=0&hl=en&rclk=1,Open 24 hours,,,,,,,,https://search.google.com/local/reviews?placeid=ChIJRzjLsUzjeA0R5Z4W6NYT6EQ&q=Caf%C3%A9+Mohamed+Kacem&authuser=0&hl=en&gl=DZ,"35.1770175,-1.6540647",,Honaine,58GW+R93,Honaine,,,DZ,Africa/Algiers,4965240402913697509,0xd78e34cb1cb3847:0x44e813d6e8169ee5,,,,Dine-in,,"Wheelchair accessible entrance, Wheelchair accessible restroom, Wheelchair accessible seating",,"Coffee, Small plates",,"Breakfast, Lunch, Dinner, Dessert",,Restroom,,Cozy,,Groups,,,,Good for kids,,"Monday: Open 24 hours
Tuesday: Open 24 hours
Wednesday: Open 24 hours
Thursday: Open 24 hours
Friday: Closed
Saturday: Open 24 hours
Sunday: Open 24 hours","12 AM, 6 PM, 3 PM
---
Time Label: 12 AM
Average Popularity: 40.5

Time Label: 6 PM
Average Popularity: 34.5

Time Label: 3 PM
Average Popularity: 30.166666666666668","Monday:
    12 AM: 72% | Usually a little busy
    1 AM: 27% | Usually not too busy
    2 AM: 18% | Usually not busy
    3 AM: 18% | Usually not busy
    4 AM: 0% | Idle
    5 AM: 18% | Usually not busy
    6 AM: 27% | Usually not too busy
    7 AM: 45% | Usually not too busy
    8 AM: 45% | Usually not too busy
    9 AM: 18% | Usually not busy
    10 AM: 0% | Idle
    11 AM: 9% | Usually not busy
    12 PM: 36% | Usually not too busy
    1 PM: 36% | Usually not too busy
    2 PM: 36% | Usually not too busy
    3 PM: 27% | Usually not too busy
    4 PM: 18% | Usually not busy
    5 PM: 18% | Usually not busy
    6 PM: 18% | Usually not busy
    7 PM: 18% | Usually not busy
    8 PM: 9% | Usually not busy
    9 PM: 0% | Idle
    10 PM: 9% | Usually not busy
    11 PM: 27% | Usually not too busy

Tuesday:
    12 AM: 27% | Usually not too busy
    1 AM: 9% | Usually not busy
    2 AM: 0% | Idle
    3 AM: 0% | Idle
    4 AM: 81% | Usually as busy as it gets
    5 AM: 36% | Usually not too busy
    6 AM: 9% | Usually not busy
    7 AM: 0% | Idle
    8 AM: 9% | Usually not busy
    9 AM: 18% | Usually not busy
    10 AM: 36% | Usually not too busy
    11 AM: 18% | Usually not busy
    12 PM: 9% | Usually not busy
    1 PM: 0% | Idle
    2 PM: 0% | Idle
    3 PM: 0% | Idle
    4 PM: 9% | Usually not busy
    5 PM: 27% | Usually not too busy
    6 PM: 54% | Usually a little busy
    7 PM: 27% | Usually not too busy
    8 PM: 9% | Usually not busy
    9 PM: 0% | Idle
    10 PM: 9% | Usually not busy
    11 PM: 27% | Usually not too busy

Wednesday:
    12 AM: 63% | Usually a little busy
    1 AM: 45% | Usually not too busy
    2 AM: 54% | Usually a little busy
    3 AM: 72% | Usually a little busy
    4 AM: 36% | Usually not too busy
    5 AM: 18% | Usually not busy
    6 AM: 0% | Idle
    7 AM: 0% | Idle
    8 AM: 0% | Idle
    9 AM: 0% | Idle
    10 AM: 0% | Idle
    11 AM: 9% | Usually not busy
    12 PM: 27% | Usually not too busy
    1 PM: 72% | Usually a little busy
    2 PM: 72% | Usually a little busy
    3 PM: 100% | Usually as busy as it gets
    4 PM: 81% | Usually as busy as it gets
    5 PM: 54% | Usually a little busy
    6 PM: 54% | Usually a little busy
    7 PM: 27% | Usually not too busy
    8 PM: 27% | Usually not too busy
    9 PM: 9% | Usually not busy
    10 PM: 0% | Idle
    11 PM: 0% | Idle

Thursday:
    12 AM: 9% | Usually not busy
    1 AM: 18% | Usually not busy
    2 AM: 18% | Usually not busy
    3 AM: 45% | Usually not too busy
    4 AM: 9% | Usually not busy
    5 AM: 27% | Usually not too busy
    6 AM: 54% | Usually a little busy
    7 AM: 63% | Usually a little busy
    8 AM: 54% | Usually a little busy
    9 AM: 27% | Usually not too busy
    10 AM: 18% | Usually not busy
    11 AM: 9% | Usually not busy
    12 PM: 9% | Usually not busy
    1 PM: 18% | Usually not busy
    2 PM: 18% | Usually not busy
    3 PM: 0% | Idle
    4 PM: 0% | Idle
    5 PM: 9% | Usually not busy
    6 PM: 9% | Usually not busy
    7 PM: 36% | Usually not too busy
    8 PM: 54% | Usually a little busy
    9 PM: 45% | Usually not too busy
    10 PM: 27% | Usually not too busy
    11 PM: 45% | Usually not too busy

Saturday:
    12 AM: 72% | Usually a little busy
    1 AM: 45% | Usually not too busy
    2 AM: 27% | Usually not too busy
    3 AM: 18% | Usually not busy
    4 AM: 9% | Usually not busy
    5 AM: 27% | Usually not too busy
    6 AM: 72% | Usually a little busy
    7 AM: 72% | Usually a little busy
    8 AM: 63% | Usually a little busy
    9 AM: 18% | Usually not busy
    10 AM: 9% | Usually not busy
    11 AM: 0% | Idle
    12 PM: 9% | Usually not busy
    1 PM: 9% | Usually not busy
    2 PM: 36% | Usually not too busy
    3 PM: 54% | Usually a little busy
    4 PM: 63% | Usually a little busy
    5 PM: 27% | Usually not too busy
    6 PM: 18% | Usually not busy
    7 PM: 27% | Usually not too busy
    8 PM: 27% | Usually not too busy
    9 PM: 18% | Usually not busy
    10 PM: 0% | Idle
    11 PM: 0% | Idle

Sunday:
    12 AM: 0% | Idle
    1 AM: 0% | Idle
    2 AM: 0% | Idle
    3 AM: 0% | Idle
    4 AM: 9% | Usually not busy
    5 AM: 9% | Usually not busy
    6 AM: 0% | Idle
    7 AM: 0% | Idle
    8 AM: 0% | Idle
    9 AM: 0% | Idle
    10 AM: 0% | Idle
    11 AM: 18% | Usually not busy
    12 PM: 27% | Usually not too busy
    1 PM: 9% | Usually not busy
    2 PM: 9% | Usually not busy
    3 PM: 0% | Idle
    4 PM: 9% | Usually not busy
    5 PM: 27% | Usually not too busy
    6 PM: 54% | Usually a little busy
    7 PM: 27% | Usually not too busy
    8 PM: 18% | Usually not busy
    9 PM: 18% | Usually not busy
    10 PM: 54% | Usually a little busy
    11 PM: 63% | Usually a little busy",,
ChIJA6Pe_NlXeA0R5t2E5_MfDw4,Cafetiere Rabah,,False,"Name: AMBIANCE CAFE
link: https://www.google.com/maps/search/AMBIANCE+CAF%C3%89/@35.094492699999996,-1.8612593999999998?authuser=0&hl=en&entry=ttu
Reviews: 13 reviews

Name: Cafeteria Boghazi
link: https://www.google.com/maps/search/Cafeteria+Boghazi/@35.0984215,-1.8387299?authuser=0&hl=en&entry=ttu
Reviews: 2 reviews

Name: Superette el rahma
link: https://www.google.com/maps/search/Superette+el+rahma/@35.0983175,-1.8380649?authuser=0&hl=en&entry=ttu
Reviews: 2 reviews

Name: cafeteria
link: https://www.google.com/maps/search/caf%C3%A9t%C3%A9ria/@35.0967795,-1.8573077?authuser=0&hl=en&entry=ttu
Reviews: 1 reviews

Name: Cafetiere Zwiiyen
link: https://www.google.com/maps/search/Cafeti%C3%A8re+Zwiiyen/@35.09545020000001,-1.8406926?authuser=0&hl=en&entry=ttu
Reviews: 0 reviews",,,Cafetiere Rabah (Owner),,,Coffee shop,Coffee shop,,,Open All Days,,"35V6+VCX Cafetiere Rabah, Ghazaouet, Algeria",,https://www.google.com/maps/place/Cafeti%C3%A8re+Rabah/data=!4m7!3m6!1s0xd7857d9fcdea303:0xe0f1ff3e784dde6!8m2!3d35.094738!4d-1.8388926!16s%2Fg%2F11s792gwhg!19sChIJA6Pe_NlXeA0R5t2E5_MfDw4?authuser=0&hl=en&rclk=1,,,,,,,,,https://search.google.com/local/reviews?placeid=ChIJA6Pe_NlXeA0R5t2E5_MfDw4&q=Cafeti%C3%A8re+Rabah&authuser=0&hl=en&gl=DZ,"35.094738,-1.8388925999999999",,Sidi Amar,35V6+VCX,Ghazaouet,,,DZ,Africa/Algiers,1013063573603409382,0xd7857d9fcdea303:0xe0f1ff3e784dde6,,,,Dine-in,,"Wheelchair accessible entrance, Wheelchair accessible restroom, Wheelchair accessible seating",,"Coffee, Small plates",,"Breakfast, Lunch, Dinner, Dessert",,Restroom,,Cozy,,Groups,,Accepts reservations,,"Good for kids, Kids' menu",,,Not Present,Not Present,,
ChIJk-vGSuRZeA0R3Ni9VSoRGAA,Cafetieria,,False,,,,Cafetieria (Owner),,,Coffee shop,Coffee shop,,,Open All Days,,"233W+29V Cafetieria, Tounane Souahlia, Algeria",,https://www.google.com/maps/place/Cafeti%C3%A8ria/data=!4m7!3m6!1s0xd7859e44ac6eb93:0x18112a55bdd8dc!8m2!3d35.0026128!4d-1.9040753!16s%2Fg%2F11l22kgbxk!19sChIJk-vGSuRZeA0R3Ni9VSoRGAA?authuser=0&hl=en&rclk=1,,,,,,,,,https://search.google.com/local/reviews?placeid=ChIJk-vGSuRZeA0R3Ni9VSoRGAA&q=Cafeti%C3%A8ria&authuser=0&hl=en&gl=DZ,"35.0026128,-1.9040753",,Duar Sidi Brakhim,233W+29V,Souahlia,,,DZ,Africa/Algiers,6774272965859548,0xd7859e44ac6eb93:0x18112a55bdd8dc,,,,,,,,Coffee,,,,,,Cozy,,Groups,,,,Good for kids,,,Not Present,Not Present,,
ChIJgSpTDZjjeA0RooWV-y0kzjM,Cafe Mohamed kasmi,,False,"Name: Cafe Mohamed Kacem
link: https://www.google.com/maps/search/Caf%C3%A9+Mohamed+Kacem/@35.1770175,-1.6540647?authuser=0&hl=en&entry=ttu
Reviews: 0 reviews",,,Cafe Mohamed kasmi (Owner),,,Coffee shop,Coffee shop,,,Open All Days,,"58GW+R95 Cafe Mohamed kasmi, Honaine, Algeria",,https://www.google.com/maps/place/Caf%C3%A9+Mohamed+kasmi/data=!4m7!3m6!1s0xd78e3980d532a81:0x33ce242dfb9585a2!8m2!3d35.177022!4d-1.6540201!16s%2Fg%2F11q3d2w8nc!19sChIJgSpTDZjjeA0RooWV-y0kzjM?authuser=0&hl=en&rclk=1,,,,,,,,,https://search.google.com/local/reviews?placeid=ChIJgSpTDZjjeA0RooWV-y0kzjM&q=Caf%C3%A9+Mohamed+kasmi&authuser=0&hl=en&gl=DZ,"35.177022,-1.6540200999999999",,Honaine,58GW+R95,Honaine,,,DZ,Africa/Algiers,3732960921049728418,0xd78e3980d532a81:0x33ce242dfb9585a2,,,,,,,,Coffee,,Breakfast,,Restroom,,Cozy,,Groups,,,,,,,Not Present,Not Present,,
ChIJJ2rF1flXeA0R8gtcxs_sZ5M,mqh~ lzky,,False,"Name: AMBIANCE CAFE
link: https://www.google.com/maps/search/AMBIANCE+CAF%C3%89/@35.094492699999996,-1.8612593999999998?authuser=0&hl=en&entry=ttu
Reviews: 13 reviews

Name: New saison
link: https://www.google.com/maps/search/New+saison/@35.100122,-1.8605745999999996?authuser=0&hl=en&entry=ttu
Reviews: 1 reviews

Name: Cafetiere Zwiiyen
link: https://www.google.com/maps/search/Cafeti%C3%A8re+Zwiiyen/@35.09545020000001,-1.8406926?authuser=0&hl=en&entry=ttu
Reviews: 0 reviews",,,mqh~ lzky (Owner),,,Coffee shop,Coffee shop,,,Open All Days,,"34XR+3R3 mqh~ lzky, Ghazaouet, Algeria",,https://www.google.com/maps/place/%D9%85%D9%82%D9%87%D9%89+%D8%A7%D9%84%D8%B2%D8%A7%D9%83%D9%8A%E2%80%AD/data=!4m7!3m6!1s0xd7857f9d5c56a27:0x9367eccfc65c0bf2!8m2!3d35.0976376!4d-1.8579642!16s%2Fg%2F11nn41wb6_!19sChIJJ2rF1flXeA0R8gtcxs_sZ5M?authuser=0&hl=en&rclk=1,,,,,,,,,https://search.google.com/local/reviews?placeid=ChIJJ2rF1flXeA0R8gtcxs_sZ5M&q=%D9%85%D9%82%D9%87%D9%89+%D8%A7%D9%84%D8%B2%D8%A7%D9%83%D9%8A%E2%80%AD&authuser=0&hl=en&gl=DZ,"35.0976376,-1.8579641999999998",,Ghazaouet,34XR+3R3,Ghazaouet,,,DZ,Africa/Algiers,10621718623306910706,0xd7857f9d5c56a27:0x9367eccfc65c0bf2,,,,,,Wheelchair accessible seating,,Coffee,,Breakfast,,Restroom,,Cozy,,Groups,,Accepts reservations,,,,,Not Present,Not Present,,
ChIJrzKx5HdXeA0RdBQiYnPI11w,mqh~ lqbTy,,False,"Name: Cafe Yousfi
link: https://www.google.com/maps/search/Cafe+Yousfi/@35.0406164,-1.8876317999999996?authuser=0&hl=en&entry=ttu
Reviews: 25 reviews

Name: Cafe triangle
link: https://www.google.com/maps/search/Caf%C3%A9+triangle/@35.0498389,-1.8787760999999996?authuser=0&hl=en&entry=ttu
Reviews: 6 reviews

Name: mqh~ lswq
link: https://www.google.com/maps/search/%D9%85%D9%82%D9%87%D9%89+%D8%A7%D9%84%D8%B3%D9%88%D9%82/@35.0437551,-1.8883598?authuser=0&hl=en&entry=ttu
Reviews: 0 reviews

Name: mqh~ l`wj ftHy
link: https://www.google.com/maps/search/%D9%85%D9%82%D9%87%D9%89+%D9%84%D8%B9%D9%88%D8%AC+%D9%81%D8%AA%D8%AD%D9%8A/@35.040908200000004,-1.8911345000000002?authuser=0&hl=en&entry=ttu
Reviews: 0 reviews",,,mqh~ lqbTy (Owner),,,Coffee shop,Coffee shop,,,Open All Days,,"24V7+23J mqh~ lqbTy, Tounane Souahlia, Algeria",,https://www.google.com/maps/place/%D9%85%D9%82%D9%87%D9%89+%D8%A7%D9%84%D9%82%D8%A8%D8%A7%D8%B7%D9%8A%E2%80%AD/data=!4m7!3m6!1s0xd785777e4b132af:0x5cd7c87362221474!8m2!3d35.0424391!4d-1.8874563!16s%2Fg%2F11t7hk4t9m!19sChIJrzKx5HdXeA0RdBQiYnPI11w?authuser=0&hl=en&rclk=1,,,,,,,,,https://search.google.com/local/reviews?placeid=ChIJrzKx5HdXeA0RdBQiYnPI11w&q=%D9%85%D9%82%D9%87%D9%89+%D8%A7%D9%84%D9%82%D8%A8%D8%A7%D8%B7%D9%8A%E2%80%AD&authuser=0&hl=en&gl=DZ,"35.042439099999996,-1.8874563",,Tounane Souahlia,24V7+23J,Souahlia,,,DZ,Africa/Algiers,6690036169375356020,0xd785777e4b132af:0x5cd7c87362221474,,,,,,Wheelchair accessible entrance,,Coffee,,Breakfast,,Restroom,,Cozy,,Groups,,,,,,,Not Present,Not Present,,
ChIJh_z8emHxeA0RqYAeKMoYiX8,cafeteria a/rahim,,False,"Name: Cafetiere Zwiiyen
link: https://www.google.com/maps/search/Cafeti%C3%A8re+Zwiiyen/@35.09545020000001,-1.8406926?authuser=0&hl=en&entry=ttu
Reviews: 0 reviews

Name: Cafetiere Rabah
link: https://www.google.com/maps/search/Cafeti%C3%A8re+Rabah/@35.094738,-1.8388926?authuser=0&hl=en&entry=ttu
Reviews: 0 reviews

Name: Cafeteria
link: https://www.google.com/maps/search/Caf%C3%A9t%C3%A9ria/@34.878963399999996,-1.3486934?authuser=0&hl=en&entry=ttu
Reviews: 0 reviews",,,cafeteria a/rahim (Owner),,,Coffee shop,Coffee shop,,,Open All Days,,"W8R4+X52 cafeteria a/rahim, Ain Fettah, Algeria",,https://www.google.com/maps/place/cafeteria+a%2Frahim/data=!4m7!3m6!1s0xd78f1617afcfc87:0x7f8918ca281e80a9!8m2!3d34.9423948!4d-1.6946112!16s%2Fg%2F11tn5kdc53!19sChIJh_z8emHxeA0RqYAeKMoYiX8?authuser=0&hl=en&rclk=1,,,,,,,,,https://search.google.com/local/reviews?placeid=ChIJh_z8emHxeA0RqYAeKMoYiX8&q=cafeteria+a%2Frahim&authuser=0&hl=en&gl=DZ,"34.942394799999995,-1.6946112",,Sidi Ali Benzemra,W8R4+X52,Ain Fettah,,,DZ,Africa/Algiers,9189903771161755817,0xd78f1617afcfc87:0x7f8918ca281e80a9,,,,Dine-in,,Wheelchair accessible entrance,,"Coffee, Small plates",,"Breakfast, Lunch, Dessert",,Restroom,,,,Groups,,Accepts reservations,,,,,Not Present,Not Present,,
ChIJaUC1MyJXeA0R73htAgCq2Hw,mqh~ lswq,,False,"Name: Cafe Yousfi
link: https://www.google.com/maps/search/Cafe+Yousfi/@35.0406164,-1.8876317999999996?authuser=0&hl=en&entry=ttu
Reviews: 25 reviews

Name: Cafe junior
link: https://www.google.com/maps/search/Caf%C3%A9+junior/@35.0441296,-1.8981531?authuser=0&hl=en&entry=ttu
Reviews: 2 reviews

Name: mqh~ lqbTy
link: https://www.google.com/maps/search/%D9%85%D9%82%D9%87%D9%89+%D8%A7%D9%84%D9%82%D8%A8%D8%A7%D8%B7%D9%8A/@35.042439099999996,-1.8874563?authuser=0&hl=en&entry=ttu
Reviews: 0 reviews

Name: mqh~ l`wj ftHy
link: https://www.google.com/maps/search/%D9%85%D9%82%D9%87%D9%89+%D9%84%D8%B9%D9%88%D8%AC+%D9%81%D8%AA%D8%AD%D9%8A/@35.040908200000004,-1.8911345000000002?authuser=0&hl=en&entry=ttu
Reviews: 0 reviews",,,mqh~ lswq (Owner),,,Coffee shop,Coffee shop,,,Open All Days,,"24V6+GJ7 mqh~ lswq, Tounane Souahlia, Algeria",,https://www.google.com/maps/place/%D9%85%D9%82%D9%87%D9%89+%D8%A7%D9%84%D8%B3%D9%88%D9%82%E2%80%AD/data=!4m7!3m6!1s0xd78572233b54069:0x7cd8aa00026d78ef!8m2!3d35.0437551!4d-1.8883598!16s%2Fg%2F11t72krgr1!19sChIJaUC1MyJXeA0R73htAgCq2Hw?authuser=0&hl=en&rclk=1,,,,,,,,,https://search.google.com/local/reviews?placeid=ChIJaUC1MyJXeA0R73htAgCq2Hw&q=%D9%85%D9%82%D9%87%D9%89+%D8%A7%D9%84%D8%B3%D9%88%D9%82%E2%80%AD&authuser=0&hl=en&gl=DZ,"35.0437551,-1.8883598",,Tounane Souahlia,24V6+GJ7,Souahlia,,,DZ,Africa/Algiers,8996127172690016495,0xd78572233b54069:0x7cd8aa00026d78ef,,,,Dine-in,,,,Coffee,,Breakfast,,Restroom,,Cozy,,Groups,,,,,,,Not Present,Not Present,,
ChIJgQ1fQ7vzeA0Rjf5mnbp1tVQ,Hkh l,,False,,,,Hkh l (Owner),,,Coffee shop,Coffee shop,,,Open All Days,,"V63X+QFH Hkh l, Maghnia, Algeria",,https://www.google.com/maps/place/%D8%AD%D8%AE%D8%A7+%D9%84%D8%A7%E2%80%AD/data=!4m7!3m6!1s0xd78f3bb435f0d81:0x54b575ba9d66fe8d!8m2!3d34.8545009!4d-1.7512737!16s%2Fg%2F11vknf4sn1!19sChIJgQ1fQ7vzeA0Rjf5mnbp1tVQ?authuser=0&hl=en&rclk=1,,,,,,,,,https://search.google.com/local/reviews?placeid=ChIJgQ1fQ7vzeA0Rjf5mnbp1tVQ&q=%D8%AD%D8%AE%D8%A7+%D9%84%D8%A7%E2%80%AD&authuser=0&hl=en&gl=DZ,"34.8545009,-1.7512736999999998",,Maghnia,V63X+QFH,Maghnia,,,DZ,Africa/Algiers,6103914314335714957,0xd78f3bb435f0d81:0x54b575ba9d66fe8d,,,,,,,,Coffee,,,,,,"Casual, Cozy",,Groups,,,,Good for kids,,,Not Present,Not Present,,
ChIJcTQkkrnneA0RN-ZWMmYtcfc,mqh~ mqm lshhyd,,False,,,,mqh~ mqm lshhyd (Owner),,,Coffee shop,Coffee shop,,,Open All Days,+213 542 26 38 39,"2CP2+5MR mqh~ mqm lshhyd, Fellaoucene, Algeria",,https://www.google.com/maps/place/%D9%85%D9%82%D9%87%D9%89+%D9%85%D9%82%D8%A7%D9%85+%D8%A7%D9%84%D8%B4%D9%87%D9%8A%D8%AF%E2%80%AD/data=!4m7!3m6!1s0xd78e7b992243471:0xf7712d663256e637!8m2!3d35.03549!4d-1.5983709!16s%2Fg%2F11sv64jjmh!19sChIJcTQkkrnneA0RN-ZWMmYtcfc?authuser=0&hl=en&rclk=1,,,,,,,,,https://search.google.com/local/reviews?placeid=ChIJcTQkkrnneA0RN-ZWMmYtcfc&q=%D9%85%D9%82%D9%87%D9%89+%D9%85%D9%82%D8%A7%D9%85+%D8%A7%D9%84%D8%B4%D9%87%D9%8A%D8%AF%E2%80%AD&authuser=0&hl=en&gl=DZ,"35.035489999999996,-1.5983709",,El Mahraz,2CP2+5MR,Fellaoucene,,,DZ,Africa/Algiers,17830082316690974263,0xd78e7b992243471:0xf7712d663256e637,,,,Takeout,,"Wheelchair accessible entrance, Wheelchair accessible parking lot",,Coffee,,"Lunch, Dinner, Dessert",,Restroom,,Cozy,,Groups,,Accepts reservations,,,,,Not Present,Not Present,,
ChIJa7DU7ADfeA0RfaM52aMJnHU,Cafee zine eddine,,False,,,,Cafee zine eddine (Owner),,,Coffee shop,Coffee shop,,,Open All Days,,"5FQR+3MM Cafee zine eddine, Sidi Ouriache, Algeria",,https://www.google.com/maps/place/Cafee+zine+eddine/data=!4m7!3m6!1s0xd78df00ecd4b06b:0x759c09a3d939a37d!8m2!3d35.187703!4d-1.5083295!16s%2Fg%2F11sx2710v6!19sChIJa7DU7ADfeA0RfaM52aMJnHU?authuser=0&hl=en&rclk=1,,,,,,,,,https://search.google.com/local/reviews?placeid=ChIJa7DU7ADfeA0RfaM52aMJnHU&q=Cafee+zine+eddine&authuser=0&hl=en&gl=DZ,"35.187703,-1.5083294999999999",,Sidi Ouriache,5FQR+3MM,Sidi Ouriache,,,DZ,Africa/Algiers,8474659198133183357,0xd78df00ecd4b06b:0x759c09a3d939a37d,,,,Dine-in,,"Wheelchair accessible entrance, Wheelchair accessible restroom",,"Coffee, Small plates",,Dessert,,Restroom,,Cozy,,Groups,,,,Good for kids,,,Not Present,Not Present,,
ChIJMZl15o7veA0RXa0DuDzGEz0,Cafe wassini,,False,,,,Cafe wassini (Owner),,https://lh5.googleusercontent.com/p/AF1QipPOQfZMvHB8PlLxTxmzFUXipp8QmNsJhC1BpBO5=w408-h725-k-no,Coffee shop,Coffee shop,,,Open All Days,,"X985+HJQ Cafe wassini, Ain Fettah, Algeria",,https://www.google.com/maps/place/Caf%C3%A9+wassini/data=!4m7!3m6!1s0xd78ef8ee6759931:0x3d13c63cb803ad5d!8m2!3d34.9664558!4d-1.6409031!16s%2Fg%2F11v5dl0nk4!19sChIJMZl15o7veA0RXa0DuDzGEz0?authuser=0&hl=en&rclk=1,,,,,,,,,https://search.google.com/local/reviews?placeid=ChIJMZl15o7veA0RXa0DuDzGEz0&q=Caf%C3%A9+wassini&authuser=0&hl=en&gl=DZ,"34.9664558,-1.6409030999999998",,Ain Fettah,X985+HJQ,Ain Fettah,,,DZ,Africa/Algiers,4401079224958692701,0xd78ef8ee6759931:0x3d13c63cb803ad5d,,,,Dine-in,,,,Coffee,,"Lunch, Dinner, Dessert",,Restroom,,Cozy,,Groups,,,,,,,Not Present,Not Present,,
ChIJF9OHJ8HheA0Rb_MTG_Z6EqM,Natour,,False,"Name: Chez karim
link: https://www.google.com/maps/search/Chez+karim/@35.1852576,-1.6482949?authuser=0&hl=en&entry=ttu
Reviews: 2 reviews

Name: Cafe manara +
link: https://www.google.com/maps/search/Caf%C3%A9+manara+%2B/@34.8272835,-1.5287203999999999?authuser=0&hl=en&entry=ttu
Reviews: 2 reviews

Name: Nasro market
link: https://www.google.com/maps/search/Nasro+market/@35.1656784,-1.5305860999999998?authuser=0&hl=en&entry=ttu
Reviews: 0 reviews

Name: Cafe Mohamed Kacem
link: https://www.google.com/maps/search/Caf%C3%A9+Mohamed+Kacem/@35.1770175,-1.6540647?authuser=0&hl=en&entry=ttu
Reviews: 0 reviews",,,Natour (Owner),,,Coffee shop,Coffee shop,,,Open All Days,,"4CWV+37X Natour, Souk El Khemis, Algeria",,https://www.google.com/maps/place/Natour/data=!4m7!3m6!1s0xd78e1c12787d317:0xa3127af61b13f36f!8m2!3d35.1452424!4d-1.5567511!16s%2Fg%2F11jz5p6jdd!19sChIJF9OHJ8HheA0Rb_MTG_Z6EqM?authuser=0&hl=en&rclk=1,,,,,,,,,https://search.google.com/local/reviews?placeid=ChIJF9OHJ8HheA0Rb_MTG_Z6EqM&q=Natour&authuser=0&hl=en&gl=DZ,"35.1452424,-1.5567510999999998",,Beni Rached,4CWV+37X,Beni khellad,,,DZ,Africa/Algiers,11750589575197881199,0xd78e1c12787d317:0xa3127af61b13f36f,,,,,,Wheelchair accessible entrance,,"Coffee, Small plates",,,,Restroom,,Cozy,,Groups,,Accepts reservations,,Good for kids,,,Not Present,Not Present,,
ChIJ3_sKGv_zeA0ROJTJkWsW0J4,Maghnia,,False,,,,Maghnia (Owner),,,Coffee shop,Coffee shop,,,Open All Days,,"V737+CG6 Maghnia, Algeria",,https://www.google.com/maps/place/Maghnia/data=!4m7!3m6!1s0xd78f3ff1a0afbdf:0x9ed0166b91c99438!8m2!3d34.8535256!4d-1.7362401!16s%2Fg%2F11t__hv7kp!19sChIJ3_sKGv_zeA0ROJTJkWsW0J4?authuser=0&hl=en&rclk=1,,,,,,,,,https://search.google.com/local/reviews?placeid=ChIJ3_sKGv_zeA0ROJTJkWsW0J4&q=Maghnia&authuser=0&hl=en&gl=DZ,"34.8535256,-1.7362400999999998",,Maghnia,V737+CG6,Maghnia,,,DZ,Africa/Algiers,11443671304411649080,0xd78f3ff1a0afbdf:0x9ed0166b91c99438,,,,Takeout,,,,Coffee,,"Lunch, Dinner",,Restroom,,Cozy,,Groups,,Accepts reservations,,Good for kids,,,Not Present,Not Present,,
ChIJUVDAJStXeA0RtAgBRniXNqo,mqh~ l`wj ftHy,,False,"Name: Cafe Yousfi
link: https://www.google.com/maps/search/Cafe+Yousfi/@35.0406164,-1.8876317999999996?authuser=0&hl=en&entry=ttu
Reviews: 25 reviews

Name: Cafe junior
link: https://www.google.com/maps/search/Caf%C3%A9+junior/@35.0441296,-1.8981531?authuser=0&hl=en&entry=ttu
Reviews: 2 reviews

Name: mqh~ lswq
link: https://www.google.com/maps/search/%D9%85%D9%82%D9%87%D9%89+%D8%A7%D9%84%D8%B3%D9%88%D9%82/@35.0437551,-1.8883598?authuser=0&hl=en&entry=ttu
Reviews: 0 reviews",,,mqh~ l`wj ftHy (Owner),,,Coffee shop,Coffee shop,,,Open All Days,,"24R5+9G9 mqh~ l`wj ftHy, Tounane Souahlia, Algeria",,https://www.google.com/maps/place/%D9%85%D9%82%D9%87%D9%89+%D9%84%D8%B9%D9%88%D8%AC+%D9%81%D8%AA%D8%AD%D9%8A%E2%80%AD/data=!4m7!3m6!1s0xd78572b25c05051:0xaa369778460108b4!8m2!3d35.0409082!4d-1.8911345!16s%2Fg%2F11swqdcfc_!19sChIJUVDAJStXeA0RtAgBRniXNqo?authuser=0&hl=en&rclk=1,,,,,,,,,https://search.google.com/local/reviews?placeid=ChIJUVDAJStXeA0RtAgBRniXNqo&q=%D9%85%D9%82%D9%87%D9%89+%D9%84%D8%B9%D9%88%D8%AC+%D9%81%D8%AA%D8%AD%D9%8A%E2%80%AD&authuser=0&hl=en&gl=DZ,"35.0409082,-1.8911345",,Tounane Souahlia,24R5+9G9,Souahlia,,,DZ,Africa/Algiers,12265157178016467124,0xd78572b25c05051:0xaa369778460108b4,,,,,,,,Coffee,,,,Restroom,,Cozy,,Groups,,,,,,,Not Present,Not Present,,
ChIJM__CzzHneA0RmxRnOg3Kcq4,mqh~ kl Hmd,,False,,,,mqh~ kl Hmd (Owner),,,Coffee shop,Coffee shop,,,Open All Days,,"3CM5+6WM mqh~ kl Hmd, W103B, Beni Ouarsous, Algeria",,https://www.google.com/maps/place/%D9%85%D9%82%D9%87%D9%89+%D9%83%D9%84%D8%A7+%D8%A7%D8%AD%D9%85%D8%AF%E2%80%AD/data=!4m7!3m6!1s0xd78e731cfc2ff33:0xae72ca0d3a67149b!8m2!3d35.0830765!4d-1.5901957!16s%2Fg%2F11vf92r61d!19sChIJM__CzzHneA0RmxRnOg3Kcq4?authuser=0&hl=en&rclk=1,,,,,,,,,https://search.google.com/local/reviews?placeid=ChIJM__CzzHneA0RmxRnOg3Kcq4&q=%D9%85%D9%82%D9%87%D9%89+%D9%83%D9%84%D8%A7+%D8%A7%D8%AD%D9%85%D8%AF%E2%80%AD&authuser=0&hl=en&gl=DZ,"35.0830765,-1.5901957",,tyzGn,"3CM5+6WM, W103B",Beni Ouarsous,,,DZ,Africa/Algiers,12570331668107695259,0xd78e731cfc2ff33:0xae72ca0d3a67149b,,,,,,,,Coffee,,,,,,Cozy,,Groups,,,,,,,Not Present,Not Present,,
ChIJATvywOTxeA0RhW9pfO2Zev0,Cafe Chicoree,,False,"Name: Cafeteria pitziria 3D+
link: https://www.google.com/maps/search/Cafeteria+pitziria+3D%2B/@35.017830499999995,-1.7573431?authuser=0&hl=en&entry=ttu
Reviews: 9 reviews

Name: Superette HACHID
link: https://www.google.com/maps/search/Sup%C3%A9rette+HACHID/@35.015990599999995,-1.753941?authuser=0&hl=en&entry=ttu
Reviews: 2 reviews",,,Cafe Chicoree (Owner),,,Coffee shop,Coffee shop,,,Open All Days,,"2773+Q9 Cafe Chicoree, Nedroma, Algeria",,https://www.google.com/maps/place/Caf%C3%A9+Chicor%C3%A9e/data=!4m7!3m6!1s0xd78f1e4c0f23b01:0xfd7a99ed7c696f85!8m2!3d35.0143992!4d-1.7465605!16s%2Fg%2F11rf7rb1l_!19sChIJATvywOTxeA0RhW9pfO2Zev0?authuser=0&hl=en&rclk=1,,,,,,,,,https://search.google.com/local/reviews?placeid=ChIJATvywOTxeA0RhW9pfO2Zev0&q=Caf%C3%A9+Chicor%C3%A9e&authuser=0&hl=en&gl=DZ,"35.0143992,-1.7465605",,Nedroma,2773+Q9,Nedroma,,,DZ,Africa/Algiers,18265080484028051333,0xd78f1e4c0f23b01:0xfd7a99ed7c696f85,,,,,,,,Coffee,,,,,,,,,,,,,,,Not Present,Not Present,,
