place_id,name,description,is_spending_on_ads,competitors,reviews,website,owner_name,owner_profile_link,featured_image,main_category,categories,rating,workday_timing,closed_on,phone,address,review_keywords,link,status,price_range,reviews_per_rating_1,reviews_per_rating_2,reviews_per_rating_3,reviews_per_rating_4,reviews_per_rating_5,featured_question,reviews_link,coordinates,plus_code,address_ward,address_street,address_city,address_postal_code,address_state,address_country_code,time_zone,cid,data_id,menu_link,reservations,order_online_links,service_options_enabled,service_options_disabled,offerings_enabled,offerings_disabled,dining_options_enabled,dining_options_disabled,amenities_enabled,amenities_disabled,atmosphere_enabled,atmosphere_disabled,crowd_enabled,crowd_disabled,hours,most_popular_times,popular_times,children_enabled,children_disabled,planning_enabled,planning_disabled,accessibility_enabled,accessibility_disabled
ChIJq6qq6m5_hRIRqlOLWTnlguk,mqh~ lsTH,,False,"Name: Terraza Restaurant
link: https://www.google.com/maps/search/Terraza+Restaurant/@36.5940005,2.4482174999999997?authuser=0&hl=en&entry=ttu
Reviews: 21 reviews

Name: The BEST Chenoua
link: https://www.google.com/maps/search/The+BEST+Chenoua/@36.606142,2.4069457000000005?authuser=0&hl=en&entry=ttu
Reviews: 8 reviews

Name: Tropicana food
link: https://www.google.com/maps/search/Tropicana+food/@36.602109999999996,2.4105699?authuser=0&hl=en&entry=ttu
Reviews: 1 reviews

Name: Chenoua res
link: https://www.google.com/maps/search/Chenoua+res/@36.6042351,2.4077739?authuser=0&hl=en&entry=ttu
Reviews: 0 reviews",36,,mqh~ lsTH (Owner),,https://lh5.googleusercontent.com/p/AF1QipPgaeUJKrvvA8RKfExLQ3VFB2gDEMIiJM_NoFhx=w408-h306-k-no,Coffee shop,Coffee shop,3.8,,Open All Days,,"JC45+528 mqh~ lsTH, Tipaza, Algeria",vision,https://www.google.com/maps/place/%D9%85%D9%82%D9%87%D9%89+%D8%A7%D9%84%D8%B3%D8%B7%D8%AD%E2%80%AD/data=!4m7!3m6!1s0x12857f6eeaaaaaab:0xe982e539598b53aa!8m2!3d36.605425!4d2.4075674!16s%2Fg%2F11c1rfwm2z!19sChIJq6qq6m5_hRIRqlOLWTnlguk?authuser=0&hl=en&rclk=1,,,5,2,7,5,17,,https://search.google.com/local/reviews?placeid=ChIJq6qq6m5_hRIRqlOLWTnlguk&q=%D9%85%D9%82%D9%87%D9%89+%D8%A7%D9%84%D8%B3%D8%B7%D8%AD%E2%80%AD&authuser=0&hl=en&gl=DZ,"36.605425,2.4075674",,Chenoua,JC45+528,Tipaza,,,DZ,Africa/Algiers,16826263192287794090,0x12857f6eeaaaaaab:0xe982e539598b53aa,,,,"Outdoor seating, Dine-in",,Coffee,,"Dessert, Seating",,Restroom,,"Casual, Cozy",,Groups,,,Not Present,Not Present,,,,,,
ChIJq6nBFSV_hRIR7ypCl0aL8eE,LS Delights,,False,"Name: Royal Donuts
link: https://www.google.com/maps/search/Royal+Donuts/@36.590529000000004,2.4547143?authuser=0&hl=en&entry=ttu
Reviews: 6 reviews

Name: Cafeteria el-bahdja
link: https://www.google.com/maps/search/Caf%C3%A9t%C3%A9ria+el-bahdja/@36.5869958,2.4386948?authuser=0&hl=en&entry=ttu
Reviews: 1 reviews

Name: Cafe Biblos
link: https://www.google.com/maps/search/Caf%C3%A9+Biblos/@36.5896553,2.4348628?authuser=0&hl=en&entry=ttu
Reviews: 0 reviews",11,,LS Delights (Owner),https://www.google.com/maps/contrib/117497738455441559038,https://lh5.googleusercontent.com/p/AF1QipOS_kAWniAKNXLQSRHbQxaqLnp7fwQA5zsAZUBM=w408-h544-k-no,Coffee shop,Coffee shop,5,8:30 AM-1 AM,Open All Days,,"HCQR+VX5 LS Delights, Tipaza, Algeria",,https://www.google.com/maps/place/LS+Delights/data=!4m7!3m6!1s0x12857f2515c1a9ab:0xe1f18b4697422aef!8m2!3d36.589541!4d2.442296!16s%2Fg%2F11tdsks0qv!19sChIJq6nBFSV_hRIR7ypCl0aL8eE?authuser=0&hl=en&rclk=1,Opens soon  8:30 AM,,0,0,0,0,11,,https://search.google.com/local/reviews?placeid=ChIJq6nBFSV_hRIR7ypCl0aL8eE&q=LS+Delights&authuser=0&hl=en&gl=US,"36.589541,2.442296",,Tipaza,HCQR+VX5,Tipaza,,,DZ,Africa/Algiers,16280947263222721263,0x12857f2515c1a9ab:0xe1f18b4697422aef,,,,"Curbside pickup, Delivery, Drive-through, Takeout, Dine-in",,"Coffee, Small plates",,Breakfast,,Restroom,,Cozy,,Groups,,"Monday: 8:30 AM-1 AM
Tuesday: 8:30 AM-1 AM
Wednesday: 8:30 AM-1 AM
Thursday: 8:30 AM-1 AM
Friday: 8:30 AM-1 AM
Saturday: 8:30 AM-1 AM
Sunday: 8:30 AM-1 AM","12 AM, 11 AM, 11 PM
---
Time Label: 12 AM
Average Popularity: 45.0

Time Label: 11 AM
Average Popularity: 34.714285714285715

Time Label: 11 PM
Average Popularity: 28.285714285714285","Monday:
    6 AM: 0% | Idle
    7 AM: 0% | Idle
    8 AM: 0% | Idle
    9 AM: 0% | Idle
    10 AM: 9% | Usually not busy
    11 AM: 18% | Usually not busy
    12 PM: 36% | Usually not too busy
    1 PM: 27% | Usually not too busy
    2 PM: 36% | Usually not too busy
    3 PM: 36% | Usually not too busy
    4 PM: 18% | Usually not busy
    5 PM: 9% | Usually not busy
    6 PM: 0% | Idle
    7 PM: 0% | Idle
    8 PM: 9% | Usually not busy
    9 PM: 9% | Usually not busy
    10 PM: 18% | Usually not busy
    11 PM: 63% | Usually a little busy
    12 AM: 90% | Usually as busy as it gets

Tuesday:
    6 AM: 0% | Idle
    7 AM: 0% | Idle
    8 AM: 9% | Usually not busy
    9 AM: 36% | Usually not too busy
    10 AM: 45% | Usually not too busy
    11 AM: 81% | Usually as busy as it gets
    12 PM: 54% | Usually a little busy
    1 PM: 36% | Usually not too busy
    2 PM: 0% | Idle
    3 PM: 9% | Usually not busy
    4 PM: 18% | Usually not busy
    5 PM: 9% | Usually not busy
    6 PM: 0% | Idle
    7 PM: 0% | Idle
    8 PM: 0% | Idle
    9 PM: 0% | Idle
    10 PM: 0% | Idle
    11 PM: 9% | Usually not busy
    12 AM: 27% | Usually not too busy

Wednesday:
    6 AM: 0% | Idle
    7 AM: 0% | Idle
    8 AM: 63% | Usually a little busy
    9 AM: 54% | Usually a little busy
    10 AM: 54% | Usually a little busy
    11 AM: 36% | Usually not too busy
    12 PM: 27% | Usually not too busy
    1 PM: 18% | Usually not busy
    2 PM: 9% | Usually not busy
    3 PM: 0% | Idle
    4 PM: 0% | Idle
    5 PM: 18% | Usually not busy
    6 PM: 45% | Usually not too busy
    7 PM: 100% | Usually as busy as it gets
    8 PM: 72% | Usually a little busy
    9 PM: 36% | Usually not too busy
    10 PM: 18% | Usually not busy
    11 PM: 18% | Usually not busy
    12 AM: 36% | Usually not too busy

Thursday:
    6 AM: 0% | Idle
    7 AM: 0% | Idle
    8 AM: 0% | Idle
    9 AM: 0% | Idle
    10 AM: 9% | Usually not busy
    11 AM: 27% | Usually not too busy
    12 PM: 9% | Usually not busy
    1 PM: 0% | Idle
    2 PM: 0% | Idle
    3 PM: 9% | Usually not busy
    4 PM: 18% | Usually not busy
    5 PM: 9% | Usually not busy
    6 PM: 0% | Idle
    7 PM: 0% | Idle
    8 PM: 0% | Idle
    9 PM: 0% | Idle
    10 PM: 0% | Idle
    11 PM: 0% | Idle
    12 AM: 9% | Usually not busy

Friday:
    6 AM: 0% | Idle
    7 AM: 0% | Idle
    8 AM: 0% | Idle
    9 AM: 0% | Idle
    10 AM: 18% | Usually not busy
    11 AM: 27% | Usually not too busy
    12 PM: 9% | Usually not busy
    1 PM: 0% | Idle
    2 PM: 0% | Idle
    3 PM: 0% | Idle
    4 PM: 9% | Usually not busy
    5 PM: 36% | Usually not too busy
    6 PM: 36% | Usually not too busy
    7 PM: 27% | Usually not too busy
    8 PM: 36% | Usually not too busy
    9 PM: 18% | Usually not busy
    10 PM: 9% | Usually not busy
    11 PM: 9% | Usually not busy
    12 AM: 27% | Usually not too busy

Saturday:
    6 AM: 0% | Idle
    7 AM: 0% | Idle
    8 AM: 0% | Idle
    9 AM: 0% | Idle
    10 AM: 0% | Idle
    11 AM: 0% | Idle
    12 PM: 9% | Usually not busy
    1 PM: 0% | Idle
    2 PM: 9% | Usually not busy
    3 PM: 27% | Usually not too busy
    4 PM: 9% | Usually not busy
    5 PM: 0% | Idle
    6 PM: 0% | Idle
    7 PM: 0% | Idle
    8 PM: 18% | Usually not busy
    9 PM: 36% | Usually not too busy
    10 PM: 90% | Usually as busy as it gets
    11 PM: 72% | Usually a little busy
    12 AM: 72% | Usually a little busy

Sunday:
    6 AM: 0% | Idle
    7 AM: 0% | Idle
    8 AM: 18% | Usually not busy
    9 AM: 45% | Usually not too busy
    10 AM: 45% | Usually not too busy
    11 AM: 54% | Usually a little busy
    12 PM: 36% | Usually not too busy
    1 PM: 18% | Usually not busy
    2 PM: 0% | Idle
    3 PM: 0% | Idle
    4 PM: 0% | Idle
    5 PM: 0% | Idle
    6 PM: 0% | Idle
    7 PM: 0% | Idle
    8 PM: 0% | Idle
    9 PM: 0% | Idle
    10 PM: 9% | Usually not busy
    11 PM: 27% | Usually not too busy
    12 AM: 54% | Usually a little busy",Good for kids,,,,,
ChIJDTFQo4yfjxIRlmzrhk6evQ4,Tipaza,,False,"Name: mHl shy wmksrt wHlwyt `nd mws~
link: https://www.google.com/maps/search/%D9%85%D8%AD%D9%84+%D8%B4%D8%A7%D9%8A+%D9%88%D9%85%D9%83%D8%B3%D8%B1%D8%A7%D8%AA+%D9%88%D8%AD%D9%84%D9%88%D9%8A%D8%A7%D8%AA+%D8%B9%D9%86%D8%AF+%D9%85%D9%88%D8%B3%D9%89/@36.6615192,2.7423496999999997?authuser=0&hl=en&entry=ttu
Reviews: 1 reviews

Name: Cafeteria Centre-ville
link: https://www.google.com/maps/search/Caf%C3%A9t%C3%A9ria+Centre-ville/@36.591749799999995,2.4500911999999997?authuser=0&hl=en&entry=ttu
Reviews: 1 reviews

Name: Cafeteria el-bahdja
link: https://www.google.com/maps/search/Caf%C3%A9t%C3%A9ria+el-bahdja/@36.5869958,2.4386948?authuser=0&hl=en&entry=ttu
Reviews: 1 reviews

Name: mqh~ lsry`
link: https://www.google.com/maps/search/%D9%85%D9%82%D9%87%D9%89+%D8%A7%D9%84%D8%B3%D8%B1%D9%8A%D8%B9/@36.653625999999996,2.7497859?authuser=0&hl=en&entry=ttu
Reviews: 0 reviews

Name: Cafeteria De Chateau
link: https://www.google.com/maps/search/Caf%C3%A9t%C3%A9ria+De+Ch%C3%A2teau/@36.6536362,2.7497346?authuser=0&hl=en&entry=ttu
Reviews: 0 reviews",8,,Tipaza (Owner),,https://lh5.googleusercontent.com/p/AF1QipOHCNIWi2Dw2XE2DNhLRR1Fw8omyj0Qdeu1hIMv=w408-h544-k-no,Coffee shop,Coffee shop,4.5,,Open All Days,,"MP6R+JRG Tipaza, Fouka, Algeria",,https://www.google.com/maps/place/Tipaza/data=!4m7!3m6!1s0x128f9f8ca350310d:0xebd9e4e86eb6c96!8m2!3d36.6615668!4d2.7420915!16s%2Fg%2F11snbzmz6r!19sChIJDTFQo4yfjxIRlmzrhk6evQ4?authuser=0&hl=en&rclk=1,,,0,1,0,1,6,,https://search.google.com/local/reviews?placeid=ChIJDTFQo4yfjxIRlmzrhk6evQ4&q=Tipaza&authuser=0&hl=en&gl=DZ,"36.661566799999996,2.7420915",,Fouka,MP6R+JRG,Fouka,,,DZ,Africa/Algiers,1062179147237518486,0x128f9f8ca350310d:0xebd9e4e86eb6c96,,,,,,Coffee,,,,Restroom,,Cozy,,Groups,,,Not Present,Not Present,Good for kids,,,,,
ChIJ0-3ehjF_hRIRamXIKssS_2Y,Cafe de Stade,,False,,4,,Cafe de Stade (Owner),,https://lh5.googleusercontent.com/p/AF1QipODBIqeR0nZ-hhaEn6YqdzCC6SIeDyw7o1Xnain=w408-h544-k-no,Coffee shop,Coffee shop,5,5 AM-11 PM,Open All Days,+213 770 62 10 31,"HCQQ+PJ9 Cafe de Stade, Tipaza, Algeria",,https://www.google.com/maps/place/Caf%C3%A9+de+Stade/data=!4m7!3m6!1s0x12857f3186deedd3:0x66ff12cb2ac8656a!8m2!3d36.5892272!4d2.4390024!16s%2Fg%2F11vkrqt0h2!19sChIJ0-3ehjF_hRIRamXIKssS_2Y?authuser=0&hl=en&rclk=1,Open  Closes 11 PM,,0,0,0,0,4,,https://search.google.com/local/reviews?placeid=ChIJ0-3ehjF_hRIRamXIKssS_2Y&q=Caf%C3%A9+de+Stade&authuser=0&hl=en&gl=DZ,"36.589227199999996,2.4390023999999997",,Tipaza,HCQQ+PJ9,Tipaza,,,DZ,Africa/Algiers,7421671374735304042,0x12857f3186deedd3:0x66ff12cb2ac8656a,,,,,,Coffee,,,,,,"Casual, Cozy",,Groups,,"Monday: 5 AM-11 PM
Tuesday: 5 AM-11 PM
Wednesday: 5 AM-11 PM
Thursday: 5 AM-11 PM
Friday: 5 AM-11 PM
Saturday: 5 AM-11 PM
Sunday: 5 AM-11 PM",Not Present,Not Present,Good for kids,,,,,
ChIJI6_nRWV3hRIRTbdz-J-FR5E,mqh~ rwjy,,False,"Name: mqh~ lHmdny@
link: https://www.google.com/maps/search/%D9%85%D9%82%D9%87%D9%89+%D8%A7%D9%84%D8%AD%D9%85%D8%AF%D8%A7%D9%86%D9%8A%D8%A9/@36.625401,2.2717351?authuser=0&hl=en&entry=ttu
Reviews: 1 reviews

Name: Cafe Cherchellia
link: https://www.google.com/maps/search/Caf%C3%A9+Cherchellia/@36.6074706,2.1887402?authuser=0&hl=en&entry=ttu
Reviews: 0 reviews

Name: Restaurant
link: https://www.google.com/maps/search/Restaurant/@36.6256437,2.2725532?authuser=0&hl=en&entry=ttu
Reviews: 0 reviews",3,,mqh~ rwjy (Owner),,https://lh5.googleusercontent.com/p/AF1QipOWqiMW--aOHCXuKdkPOKbwsUZIxjn5-Y89UT_G=w408-h816-k-no,Coffee shop,Coffee shop,3.7,,Open All Days,,"J7GC+9X4 mqh~ rwjy, W109, Cherchell, Algeria",,https://www.google.com/maps/place/%D9%85%D9%82%D9%87%D9%89+%D8%B1%D9%88%D8%AC%D9%8A%E2%80%AD/data=!4m7!3m6!1s0x1285776545e7af23:0x9147859ff873b74d!8m2!3d36.625876!4d2.2724649!16s%2Fg%2F11rnph0v1d!19sChIJI6_nRWV3hRIRTbdz-J-FR5E?authuser=0&hl=en&rclk=1,,,1,0,0,0,2,,https://search.google.com/local/reviews?placeid=ChIJI6_nRWV3hRIRTbdz-J-FR5E&q=%D9%85%D9%82%D9%87%D9%89+%D8%B1%D9%88%D8%AC%D9%8A%E2%80%AD&authuser=0&hl=en&gl=DZ,"36.625876,2.2724648999999997",,El Hamadia,"J7GC+9X4, W109",Cherchell,,,DZ,Africa/Algiers,10468482780960634701,0x1285776545e7af23:0x9147859ff873b74d,,,,,,Coffee,,,,Restroom,,,,Groups,,,Not Present,Not Present,,,,,,
ChIJPVZmdP2fjxIR5FiZiVfXxB0,Cafeteria BARISTA,,False,,3,,Cafeteria BARISTA (Owner),,https://lh5.googleusercontent.com/p/AF1QipNiApkHawQcJgytlyS4SXB71T6RJGUmXkZguTRe=w408-h306-k-no,Coffee shop,Coffee shop,5,6 AM-10 PM,Open All Days,+213 560 96 03 40,"JQX6+CMM Cafeteria BARISTA, Kolea, Algeria",,https://www.google.com/maps/place/Caf%C3%A9t%C3%A9ria+BARISTA/data=!4m7!3m6!1s0x128f9ffd7466563d:0x1dc4d757899958e4!8m2!3d36.6487228!4d2.7617566!16s%2Fg%2F11vddgtth1!19sChIJPVZmdP2fjxIR5FiZiVfXxB0?authuser=0&hl=en&rclk=1,Open  Closes 10 PM,,0,0,0,0,3,,https://search.google.com/local/reviews?placeid=ChIJPVZmdP2fjxIR5FiZiVfXxB0&q=Caf%C3%A9t%C3%A9ria+BARISTA&authuser=0&hl=en&gl=DZ,"36.6487228,2.7617566",,Kolea,JQX6+CMM,Kolea,,,DZ,Africa/Algiers,2145076093505853668,0x128f9ffd7466563d:0x1dc4d757899958e4,,,,,,Coffee,,,,,,Cozy,,Groups,,"Monday: 6 AM-10 PM
Tuesday: 6 AM-10 PM
Wednesday: 6 AM-10 PM
Thursday: 6 AM-10 PM
Friday: 6 AM-10 PM
Saturday: 6 AM-10 PM
Sunday: 6 AM-10 PM","3 PM, 2 PM, 9 AM
---
Time Label: 3 PM
Average Popularity: 28.285714285714285

Time Label: 2 PM
Average Popularity: 28.142857142857142

Time Label: 9 AM
Average Popularity: 23.571428571428573","Monday:
    5 AM: 0% | Idle
    6 AM: 25% | Usually not too busy
    7 AM: 33% | Usually not too busy
    8 AM: 8% | Usually not busy
    9 AM: 0% | Idle
    10 AM: 0% | Idle
    11 AM: 0% | Idle
    12 PM: 0% | Idle
    1 PM: 8% | Usually not busy
    2 PM: 16% | Usually not busy
    3 PM: 16% | Usually not busy
    4 PM: 16% | Usually not busy
    5 PM: 8% | Usually not busy
    6 PM: 16% | Usually not busy
    7 PM: 25% | Usually not too busy
    8 PM: 33% | Usually not too busy
    9 PM: 58% | Usually a little busy
    10 PM: 0% | Idle

Tuesday:
    5 AM: 0% | Idle
    6 AM: 8% | Usually not busy
    7 AM: 8% | Usually not busy
    8 AM: 33% | Usually not too busy
    9 AM: 83% | Usually as busy as it gets
    10 AM: 100% | Usually as busy as it gets
    11 AM: 50% | Usually not too busy
    12 PM: 16% | Usually not busy
    1 PM: 0% | Idle
    2 PM: 0% | Idle
    3 PM: 0% | Idle
    4 PM: 0% | Idle
    5 PM: 16% | Usually not busy
    6 PM: 25% | Usually not too busy
    7 PM: 16% | Usually not busy
    8 PM: 25% | Usually not too busy
    9 PM: 33% | Usually not too busy
    10 PM: 0% | Idle

Wednesday:
    5 AM: 0% | Idle
    6 AM: 25% | Usually not too busy
    7 AM: 25% | Usually not too busy
    8 AM: 58% | Usually a little busy
    9 AM: 33% | Usually not too busy
    10 AM: 33% | Usually not too busy
    11 AM: 33% | Usually not too busy
    12 PM: 16% | Usually not busy
    1 PM: 33% | Usually not too busy
    2 PM: 66% | Usually a little busy
    3 PM: 58% | Usually a little busy
    4 PM: 25% | Usually not too busy
    5 PM: 8% | Usually not busy
    6 PM: 0% | Idle
    7 PM: 0% | Idle
    8 PM: 0% | Idle
    9 PM: 0% | Idle
    10 PM: 0% | Idle

Thursday:
    5 AM: 0% | Idle
    6 AM: 33% | Usually not too busy
    7 AM: 8% | Usually not busy
    8 AM: 0% | Idle
    9 AM: 0% | Idle
    10 AM: 0% | Idle
    11 AM: 0% | Idle
    12 PM: 0% | Idle
    1 PM: 16% | Usually not busy
    2 PM: 41% | Usually not too busy
    3 PM: 50% | Usually not too busy
    4 PM: 41% | Usually not too busy
    5 PM: 33% | Usually not too busy
    6 PM: 8% | Usually not busy
    7 PM: 0% | Idle
    8 PM: 0% | Idle
    9 PM: 8% | Usually not busy
    10 PM: 0% | Idle

Friday:
    5 AM: 0% | Idle
    6 AM: 41% | Usually not too busy
    7 AM: 41% | Usually not too busy
    8 AM: 41% | Usually not too busy
    9 AM: 16% | Usually not busy
    10 AM: 8% | Usually not busy
    11 AM: 0% | Idle
    12 PM: 0% | Idle
    1 PM: 8% | Usually not busy
    2 PM: 8% | Usually not busy
    3 PM: 16% | Usually not busy
    4 PM: 16% | Usually not busy
    5 PM: 0% | Idle
    6 PM: 0% | Idle
    7 PM: 0% | Idle
    8 PM: 0% | Idle
    9 PM: 0% | Idle
    10 PM: 0% | Idle

Saturday:
    5 AM: 0% | Idle
    6 AM: 0% | Idle
    7 AM: 8% | Usually not busy
    8 AM: 16% | Usually not busy
    9 AM: 8% | Usually not busy
    10 AM: 0% | Idle
    11 AM: 0% | Idle
    12 PM: 0% | Idle
    1 PM: 8% | Usually not busy
    2 PM: 8% | Usually not busy
    3 PM: 8% | Usually not busy
    4 PM: 16% | Usually not busy
    5 PM: 8% | Usually not busy
    6 PM: 0% | Idle
    7 PM: 0% | Idle
    8 PM: 0% | Idle
    9 PM: 0% | Idle
    10 PM: 0% | Idle

Sunday:
    5 AM: 0% | Idle
    6 AM: 16% | Usually not busy
    7 AM: 8% | Usually not busy
    8 AM: 8% | Usually not busy
    9 AM: 25% | Usually not too busy
    10 AM: 8% | Usually not busy
    11 AM: 8% | Usually not busy
    12 PM: 8% | Usually not busy
    1 PM: 33% | Usually not too busy
    2 PM: 58% | Usually a little busy
    3 PM: 50% | Usually not too busy
    4 PM: 41% | Usually not too busy
    5 PM: 8% | Usually not busy
    6 PM: 8% | Usually not busy
    7 PM: 33% | Usually not too busy
    8 PM: 41% | Usually not too busy
    9 PM: 66% | Usually a little busy
    10 PM: 0% | Idle",Good for kids,,,,,
ChIJ7yaiey5_hRIRlCwL0KAJJrU,Miraf Lounge Tipaza,,False,,2,,Miraf Lounge Tipaza (Owner),,https://lh5.googleusercontent.com/p/AF1QipNyKbBr4eRuCMGYLn9Yl1ANN16X-fybaFRQnmg6=w408-h543-k-no,Coffee shop,Coffee shop,5,,Open All Days,+213 559 70 16 49,"HCRX+7M6 Miraf Lounge Tipaza, Rue Mohamed AYOUNA, Tipaza, Algeria",,https://www.google.com/maps/place/Miraf+Lounge+Tipaza/data=!4m7!3m6!1s0x12857f2e7ba226ef:0xb52609a0d00b2c94!8m2!3d36.5906596!4d2.4491314!16s%2Fg%2F11vkh9tyr7!19sChIJ7yaiey5_hRIRlCwL0KAJJrU?authuser=0&hl=en&rclk=1,,,0,0,0,0,2,,https://search.google.com/local/reviews?placeid=ChIJ7yaiey5_hRIRlCwL0KAJJrU&q=Miraf+Lounge+Tipaza&authuser=0&hl=en&gl=DZ,"36.590659599999995,2.4491313999999997",,Tipaza,"HCRX+7M6, Rue Mohamed AYOUNA",Tipaza,,,DZ,Africa/Algiers,13053131156269771924,0x12857f2e7ba226ef:0xb52609a0d00b2c94,,,,,,Coffee,,Dessert,,Restroom,,"Casual, Cozy",,Groups,,,Not Present,Not Present,Good for kids,,Accepts reservations,,,
ChIJJxUW65-DhRIR5aakgySd-Fo,mqh~,,False,"Name: mqh~ dr lDyfcafeteria
link: https://www.google.com/maps/search/%D9%85%D9%82%D9%87%D9%89+%D8%AF%D8%A7%D8%B1+%D8%A7%D9%84%D8%B6%D9%8A%D8%A7%D9%81cafeteria/@36.5057014,2.2700462999999997?authuser=0&hl=en&entry=ttu
Reviews: 8 reviews

Name: Paco Cafe
link: https://www.google.com/maps/search/Paco+Caf%C3%A9/@36.579311,2.6940459999999997?authuser=0&hl=en&entry=ttu
Reviews: 2 reviews

Name: Sidi Moussa Nador Tipaza
link: https://www.google.com/maps/search/Sidi+Moussa+Nador+Tipaza/@36.5679036,2.3300578?authuser=0&hl=en&entry=ttu
Reviews: 1 reviews

Name: mqh~ Cafe
link: https://www.google.com/maps/search/%D9%85%D9%82%D9%87%D9%89+Cafe/@36.6223451,2.6855172?authuser=0&hl=en&entry=ttu
Reviews: 1 reviews",2,,mqh~ (Owner),,https://lh5.googleusercontent.com/p/AF1QipOw7FnQBJYdIMTpDDi_lyTrmueRSbFnZV_8QCQv=w408-h306-k-no,Coffee shop,Coffee shop,5,6-8 AM,Open All Days,,"H88P+WC3 mqh~, Rocade Tipaza, Nador, Algeria",,https://www.google.com/maps/place/%D9%85%D9%82%D9%87%D9%89%E2%80%AD/data=!4m7!3m6!1s0x1285839feb161527:0x5af89d2483a4a6e5!8m2!3d36.5672599!4d2.3360608!16s%2Fg%2F11q8s19v0t!19sChIJJxUW65-DhRIR5aakgySd-Fo?authuser=0&hl=en&rclk=1,Closed  Opens 6 AM Thu,,0,0,0,0,2,,https://search.google.com/local/reviews?placeid=ChIJJxUW65-DhRIR5aakgySd-Fo&q=%D9%85%D9%82%D9%87%D9%89%E2%80%AD&authuser=0&hl=en&gl=DZ,"36.567259899999996,2.3360608",,Sidi Moussa,"H88P+WC3, Rocade Tipaza",Nador,,,DZ,Africa/Algiers,6555162037790746341,0x1285839feb161527:0x5af89d2483a4a6e5,,,,Dine-in,,Coffee,,Lunch,,Restroom,,Cozy,,Groups,,"Monday: 6-8 AM
Tuesday: 6-8 AM
Wednesday: 6-8 AM
Thursday: 6-8 AM
Friday: 6-8 AM
Saturday: 6-8 AM
Sunday: 6-8 AM",Not Present,Not Present,,,,,"Wheelchair accessible restroom, Wheelchair accessible seating",
ChIJH2t1VFWBhRIR9WC-zGkwQJI,Fast food cafe Nabil,,False,"Name: cafeteria DAHNOUN
link: https://www.google.com/maps/search/caf%C3%A9teria+DAHNOUN/@36.5153481,2.4143117999999997?authuser=0&hl=en&entry=ttu
Reviews: 4 reviews

Name: Khaled kedadsa Cafe
link: https://www.google.com/maps/search/Khaled+kedadsa+Caf%C3%A9/@36.5121363,2.4167970999999997?authuser=0&hl=en&entry=ttu
Reviews: 3 reviews

Name: Yata djamal cafeteria fast food
link: https://www.google.com/maps/search/Yata+djamal+caf%C3%A9t%C3%A9ria+fast+food/@36.512478699999996,2.4193197?authuser=0&hl=en&entry=ttu
Reviews: 2 reviews

Name: Cafeteria zaghdoud
link: https://www.google.com/maps/search/Cafeteria+zaghdoud/@36.5127546,2.4140983?authuser=0&hl=en&entry=ttu
Reviews: 1 reviews

Name: Mini donuts hadjout
link: https://www.google.com/maps/search/Mini+donuts+hadjout/@36.5123185,2.4143003?authuser=0&hl=en&entry=ttu
Reviews: 0 reviews",2,,Fast food cafe Nabil (Owner),,https://lh5.googleusercontent.com/p/AF1QipPTZiFr5Xmhdx5TKUS00RXMEYGw29_2FeoGuUOV=w408-h306-k-no,Coffee shop,Coffee shop,5,5:30 AM-9:30 PM,Open All Days,,"GC94+78Q Fast food cafe Nabil, Hadjout, Algeria",,https://www.google.com/maps/place/Fast+food+caf%C3%A9+Nabil/data=!4m7!3m6!1s0x1285815554756b1f:0x92403069ccbe60f5!8m2!3d36.5180701!4d2.4058781!16s%2Fg%2F11qgjpnpsy!19sChIJH2t1VFWBhRIR9WC-zGkwQJI?authuser=0&hl=en&rclk=1,Open  Closes 9:30 PM,,0,0,0,0,2,,https://search.google.com/local/reviews?placeid=ChIJH2t1VFWBhRIR9WC-zGkwQJI&q=Fast+food+caf%C3%A9+Nabil&authuser=0&hl=en&gl=DZ,"36.518070099999996,2.4058781",,Hadjout,GC94+78Q,Hadjout,,,DZ,Africa/Algiers,10538476359011688693,0x1285815554756b1f:0x92403069ccbe60f5,,,,"Takeout, Dine-in",,Coffee,,,,,,Cozy,,Groups,,"Monday: 5:30 AM-9:30 PM
Tuesday: 5:30 AM-9:30 PM
Wednesday: 5:30 AM-9:30 PM
Thursday: 5:30 AM-9:30 PM
Friday: 5:30 AM-9:30 PM
Saturday: 5:30 AM-9:30 PM
Sunday: 5:30 AM-9:30 PM","4 PM, 8 PM, 6 PM
---
Time Label: 4 PM
Average Popularity: 50.0

Time Label: 8 PM
Average Popularity: 45.714285714285715

Time Label: 6 PM
Average Popularity: 42.857142857142854","Monday:
    4 AM: 0% | Idle
    5 AM: 20% | Usually not busy
    6 AM: 20% | Usually not busy
    7 AM: 20% | Usually not busy
    8 AM: 20% | Usually not busy
    9 AM: 30% | Usually not too busy
    10 AM: 10% | Usually not busy
    11 AM: 0% | Idle
    12 PM: 10% | Usually not busy
    1 PM: 30% | Usually not too busy
    2 PM: 70% | Usually a little busy
    3 PM: 50% | Usually not too busy
    4 PM: 60% | Usually a little busy
    5 PM: 40% | Usually not too busy
    6 PM: 60% | Usually a little busy
    7 PM: 30% | Usually not too busy
    8 PM: 30% | Usually not too busy
    9 PM: 10% | Usually not busy

Tuesday:
    4 AM: 0% | Idle
    5 AM: 10% | Usually not busy
    6 AM: 30% | Usually not too busy
    7 AM: 10% | Usually not busy
    8 AM: 10% | Usually not busy
    9 AM: 20% | Usually not busy
    10 AM: 10% | Usually not busy
    11 AM: 0% | Idle
    12 PM: 0% | Idle
    1 PM: 0% | Idle
    2 PM: 0% | Idle
    3 PM: 0% | Idle
    4 PM: 10% | Usually not busy
    5 PM: 10% | Usually not busy
    6 PM: 20% | Usually not busy
    7 PM: 60% | Usually a little busy
    8 PM: 70% | Usually a little busy
    9 PM: 70% | Usually a little busy

Wednesday:
    4 AM: 0% | Idle
    5 AM: 20% | Usually not busy
    6 AM: 30% | Usually not too busy
    7 AM: 70% | Usually a little busy
    8 AM: 60% | Usually a little busy
    9 AM: 30% | Usually not too busy
    10 AM: 10% | Usually not busy
    11 AM: 10% | Usually not busy
    12 PM: 40% | Usually not too busy
    1 PM: 70% | Usually a little busy
    2 PM: 90% | Usually as busy as it gets
    3 PM: 100% | Usually as busy as it gets
    4 PM: 100% | Usually as busy as it gets
    5 PM: 40% | Usually not too busy
    6 PM: 20% | Usually not busy
    7 PM: 10% | Usually not busy
    8 PM: 30% | Usually not too busy
    9 PM: 10% | Usually not busy

Thursday:
    4 AM: 0% | Idle
    5 AM: 30% | Usually not too busy
    6 AM: 70% | Usually a little busy
    7 AM: 30% | Usually not too busy
    8 AM: 10% | Usually not busy
    9 AM: 0% | Idle
    10 AM: 10% | Usually not busy
    11 AM: 30% | Usually not too busy
    12 PM: 70% | Usually a little busy
    1 PM: 50% | Usually not too busy
    2 PM: 30% | Usually not too busy
    3 PM: 20% | Usually not busy
    4 PM: 30% | Usually not too busy
    5 PM: 20% | Usually not busy
    6 PM: 40% | Usually not too busy
    7 PM: 20% | Usually not busy
    8 PM: 10% | Usually not busy
    9 PM: 10% | Usually not busy

Friday:
    4 AM: 0% | Idle
    5 AM: 20% | Usually not busy
    6 AM: 60% | Usually a little busy
    7 AM: 60% | Usually a little busy
    8 AM: 90% | Usually as busy as it gets
    9 AM: 40% | Usually not too busy
    10 AM: 20% | Usually not busy
    11 AM: 10% | Usually not busy
    12 PM: 0% | Idle
    1 PM: 0% | Idle
    2 PM: 10% | Usually not busy
    3 PM: 20% | Usually not busy
    4 PM: 50% | Usually not too busy
    5 PM: 50% | Usually not too busy
    6 PM: 70% | Usually a little busy
    7 PM: 30% | Usually not too busy
    8 PM: 30% | Usually not too busy
    9 PM: 20% | Usually not busy

Saturday:
    4 AM: 0% | Idle
    5 AM: 40% | Usually not too busy
    6 AM: 40% | Usually not too busy
    7 AM: 50% | Usually not too busy
    8 AM: 100% | Usually as busy as it gets
    9 AM: 100% | Usually as busy as it gets
    10 AM: 70% | Usually a little busy
    11 AM: 80% | Usually a little busy
    12 PM: 90% | Usually as busy as it gets
    1 PM: 70% | Usually a little busy
    2 PM: 40% | Usually not too busy
    3 PM: 50% | Usually not too busy
    4 PM: 50% | Usually not too busy
    5 PM: 40% | Usually not too busy
    6 PM: 60% | Usually a little busy
    7 PM: 70% | Usually a little busy
    8 PM: 100% | Usually as busy as it gets
    9 PM: 80% | Usually a little busy

Sunday:
    4 AM: 0% | Idle
    5 AM: 20% | Usually not busy
    6 AM: 20% | Usually not busy
    7 AM: 10% | Usually not busy
    8 AM: 0% | Idle
    9 AM: 10% | Usually not busy
    10 AM: 30% | Usually not too busy
    11 AM: 70% | Usually a little busy
    12 PM: 30% | Usually not too busy
    1 PM: 20% | Usually not busy
    2 PM: 0% | Idle
    3 PM: 20% | Usually not busy
    4 PM: 50% | Usually not too busy
    5 PM: 60% | Usually a little busy
    6 PM: 30% | Usually not too busy
    7 PM: 60% | Usually a little busy
    8 PM: 50% | Usually not too busy
    9 PM: 90% | Usually as busy as it gets",Good for kids,,,,,
ChIJsUjmR1t_jxIRy6W2SlNmr5g,mqh~ Sndw,,False,,2,,mqh~ Sndw (Owner),,https://lh5.googleusercontent.com/p/AF1QipNsoykYkHkTcBghLiK30uEpOEQfATYau7_x0cJj=w408-h725-k-no,Coffee shop,Coffee shop,4.5,,Open All Days,,"GG7Q+255 mqh~ Sndw, Bourkika, Algeria",,https://www.google.com/maps/place/%D9%85%D9%82%D9%87%D9%89+%D8%B5%D8%A7%D9%86%D8%AF%D9%88%E2%80%AD/data=!4m7!3m6!1s0x128f7f5b47e648b1:0x98af66534ab6a5cb!8m2!3d36.5125193!4d2.5379746!16s%2Fg%2F11v3fr7bst!19sChIJsUjmR1t_jxIRy6W2SlNmr5g?authuser=0&hl=en&rclk=1,,,0,0,0,1,1,,https://search.google.com/local/reviews?placeid=ChIJsUjmR1t_jxIRy6W2SlNmr5g&q=%D9%85%D9%82%D9%87%D9%89+%D8%B5%D8%A7%D9%86%D8%AF%D9%88%E2%80%AD&authuser=0&hl=en&gl=DZ,"36.5125193,2.5379746",,,GG7Q+255,Bourkika,,,DZ,Africa/Algiers,11002124922611213771,0x128f7f5b47e648b1:0x98af66534ab6a5cb,,,,Dine-in,,Coffee,,Lunch,,,,Cozy,,Groups,,,Not Present,Not Present,Good for kids,,,,Wheelchair accessible seating,
ChIJERp1beajjxIRtJgO0DUYrEA,shy w mksrt fryd,,False,"Name: byt lshy w lmksrt
link: https://www.google.com/maps/search/%D8%A8%D9%8A%D8%AA+%D8%A7%D9%84%D8%B4%D8%A7%D9%8A+%D9%88+%D8%A7%D9%84%D9%85%D9%83%D8%B3%D8%B1%D8%A7%D8%AA/@36.7093381,2.9103641?authuser=0&hl=en&entry=ttu
Reviews: 9 reviews

Name: shy wmksrt `my s`d
link: https://www.google.com/maps/search/%D8%B4%D8%A7%D9%8A+%D9%88%D9%85%D9%83%D8%B3%D8%B1%D8%A7%D8%AA+%D8%B9%D9%85%D9%8A+%D8%B3%D8%A7%D8%B9%D8%AF/@36.6720956,2.8552291999999997?authuser=0&hl=en&entry=ttu
Reviews: 3 reviews

Name: shy w mksrt
link: https://www.google.com/maps/search/%D8%B4%D8%A7%D9%8A+%D9%88+%D9%85%D9%83%D8%B3%D8%B1%D8%A7%D8%AA/@36.673679799999995,2.9614?authuser=0&hl=en&entry=ttu
Reviews: 2 reviews

Name: It's coffee time
link: https://www.google.com/maps/search/It%27s+coffee+time/@36.681543999999995,2.7754863?authuser=0&hl=en&entry=ttu
Reviews: 1 reviews

Name: mqh~ lsry`
link: https://www.google.com/maps/search/%D9%85%D9%82%D9%87%D9%89+%D8%A7%D9%84%D8%B3%D8%B1%D9%8A%D8%B9/@36.653625999999996,2.7497859?authuser=0&hl=en&entry=ttu
Reviews: 0 reviews",2,,shy w mksrt fryd (Owner),,,Coffee shop,Coffee shop,4,,Open All Days,+213 699 83 18 24,"shy w mksrt fryd, RN 69, Douaouda, Tipaza,, Douaouda, Algeria",,https://www.google.com/maps/place/%D8%B4%D8%A7%D9%8A+%D9%88+%D9%85%D9%83%D8%B3%D8%B1%D8%A7%D8%AA+%D9%81%D8%B1%D9%8A%D8%AF%E2%80%AD/data=!4m7!3m6!1s0x128fa3e66d751a11:0x40ac1835d00e98b4!8m2!3d36.6724103!4d2.7884445!16s%2Fg%2F11n5j0yrzn!19sChIJERp1beajjxIRtJgO0DUYrEA?authuser=0&hl=en&rclk=1,,,0,0,1,0,1,,https://search.google.com/local/reviews?placeid=ChIJERp1beajjxIRtJgO0DUYrEA&q=%D8%B4%D8%A7%D9%8A+%D9%88+%D9%85%D9%83%D8%B3%D8%B1%D8%A7%D8%AA+%D9%81%D8%B1%D9%8A%D8%AF%E2%80%AD&authuser=0&hl=en&gl=DZ,"36.672410299999996,2.7884444999999998","MQCQ+X9 Douaouda, Algeria",Douaouda,"RN 69, Douaouda, Tipaza,",Douaouda,,,DZ,Africa/Algiers,4660126333824571572,0x128fa3e66d751a11:0x40ac1835d00e98b4,,,,,,Coffee,,,,,,Cozy,,Groups,,,Not Present,Not Present,,,,,,
ChIJ33kbk_J_hRIRZVW2Y919vFY,Cafeteria el-bahdja,,False,"Name: shy lkhym@
link: https://www.google.com/maps/search/%D8%B4%D8%A7%D9%8A+%D8%A7%D9%84%D8%AE%D9%8A%D9%85%D8%A9/@36.589993899999996,2.4344449999999997?authuser=0&hl=en&entry=ttu
Reviews: 3 reviews

Name: Alimentation el bahdja
link: https://www.google.com/maps/search/Alimentation+el+bahdja/@36.5739334,2.4159949?authuser=0&hl=en&entry=ttu
Reviews: 3 reviews

Name: Cafeteria Centre-ville
link: https://www.google.com/maps/search/Caf%C3%A9t%C3%A9ria+Centre-ville/@36.591749799999995,2.4500911999999997?authuser=0&hl=en&entry=ttu
Reviews: 1 reviews",1,,Cafeteria el-bahdja (Owner),,https://lh5.googleusercontent.com/p/AF1QipNri3HlutvsXm9j11IW5JZ2yyZkT93M9Bn-Eu2f=w408-h725-k-no,Coffee shop,Coffee shop,5,,Open All Days,,"HCPQ+QFW Cafeteria el-bahdja, Rue du Stade, Tipaza, Algeria",,https://www.google.com/maps/place/Caf%C3%A9t%C3%A9ria+el-bahdja/data=!4m7!3m6!1s0x12857ff2931b79df:0x56bc7ddd63b65565!8m2!3d36.5869958!4d2.4386948!16s%2Fg%2F11t16c05n6!19sChIJ33kbk_J_hRIRZVW2Y919vFY?authuser=0&hl=en&rclk=1,,,0,0,0,0,1,,https://search.google.com/local/reviews?placeid=ChIJ33kbk_J_hRIRZVW2Y919vFY&q=Caf%C3%A9t%C3%A9ria+el-bahdja&authuser=0&hl=en&gl=DZ,"36.5869958,2.4386948",,Tipaza,"HCPQ+QFW, Rue du Stade",Tipaza,,,DZ,Africa/Algiers,6250008772697544037,0x12857ff2931b79df:0x56bc7ddd63b65565,,,,Dine-in,,Coffee,,Dessert,,Restroom,,Cozy,,Groups,,,Not Present,Not Present,Good for kids,,,,Wheelchair accessible entrance,
ChIJOaQwzlJ_hRIR0vkZLF14zfY,Cafeteria Centre-ville,,False,"Name: Cafeteria Les Deux Palmiers
link: https://www.google.com/maps/search/Caf%C3%A9t%C3%A9ria+Les+Deux+Palmiers/@36.583898399999995,2.4557189?authuser=0&hl=en&entry=ttu
Reviews: 3 reviews

Name: Cafe El Kenz
link: https://www.google.com/maps/search/Caf%C3%A9+El+Kenz/@36.5874636,2.4501760999999997?authuser=0&hl=en&entry=ttu
Reviews: 1 reviews",1,,Cafeteria Centre-ville (Owner),,,Coffee shop,Coffee shop,5,,Open All Days,,"HFR2+M2 Cafeteria Centre-ville, Tipaza, Algeria",,https://www.google.com/maps/place/Caf%C3%A9t%C3%A9ria+Centre-ville/data=!4m7!3m6!1s0x12857f52ce30a439:0xf6cd785d2c19f9d2!8m2!3d36.5917498!4d2.4500912!16s%2Fg%2F11r_qqcc2n!19sChIJOaQwzlJ_hRIR0vkZLF14zfY?authuser=0&hl=en&rclk=1,,,0,0,0,0,1,,https://search.google.com/local/reviews?placeid=ChIJOaQwzlJ_hRIR0vkZLF14zfY&q=Caf%C3%A9t%C3%A9ria+Centre-ville&authuser=0&hl=en&gl=DZ,"36.591749799999995,2.4500911999999997",,Tipaza,HFR2+M2,Tipaza,,,DZ,Africa/Algiers,17784002845123148242,0x12857f52ce30a439:0xf6cd785d2c19f9d2,,,,,,Coffee,,Breakfast,,Restroom,,,,Groups,,,Not Present,Not Present,Good for kids,,,,"Wheelchair accessible entrance, Wheelchair accessible parking lot",
ChIJS5g5aKN1hRIRcE9y_hSsacE,Cafeteria,,False,"Name: Cafe Ex BDL
link: https://www.google.com/maps/search/Cafe+Ex+BDL/@36.6071465,2.1888155?authuser=0&hl=en&entry=ttu
Reviews: 4 reviews

Name: shy w mksrt lslTn
link: https://www.google.com/maps/search/%D8%B4%D8%A7%D9%8A+%D9%88+%D9%85%D9%83%D8%B3%D8%B1%D8%A7%D8%AA+%D8%A7%D9%84%D8%B3%D9%84%D8%B7%D8%A7%D9%86/@36.6060866,2.1870751999999998?authuser=0&hl=en&entry=ttu
Reviews: 1 reviews

Name: The
link: https://www.google.com/maps/search/Th%C3%A9/@36.6061209,2.1871711?authuser=0&hl=en&entry=ttu
Reviews: 0 reviews

Name: Cafe Cherchellia
link: https://www.google.com/maps/search/Caf%C3%A9+Cherchellia/@36.6074706,2.1887402?authuser=0&hl=en&entry=ttu
Reviews: 0 reviews",1,,Cafeteria (Owner),,,Coffee shop,Coffee shop,5,,Open All Days,,"J654+XQ5 Cafeteria, Rocade Tipaza, Cherchell, Algeria",,https://www.google.com/maps/place/Caf%C3%A9t%C3%A9ria/data=!4m7!3m6!1s0x128575a36839984b:0xc169ac14fe724f70!8m2!3d36.6098904!4d2.2069933!16s%2Fg%2F11p782046c!19sChIJS5g5aKN1hRIRcE9y_hSsacE?authuser=0&hl=en&rclk=1,,,0,0,0,0,1,,https://search.google.com/local/reviews?placeid=ChIJS5g5aKN1hRIRcE9y_hSsacE&q=Caf%C3%A9t%C3%A9ria&authuser=0&hl=en&gl=DZ,"36.6098904,2.2069932999999997",,Cherchell,"J654+XQ5, Rocade Tipaza",Cherchell,,,DZ,Africa/Algiers,13936859728042938224,0x128575a36839984b:0xc169ac14fe724f70,,,,Dine-in,,Coffee,,"Breakfast, Dessert",,Restroom,,,,Groups,,,Not Present,Not Present,Good for kids,,,,,
ChIJrZAJE8N1hRIRdrlHQuDjJ6k,shy w mksrt lslTn,,False,"Name: coffee EL-salam
link: https://www.google.com/maps/search/coffee+EL-salam/@36.5973925,2.1678667?authuser=0&hl=en&entry=ttu
Reviews: 5 reviews

Name: Cafeteria
link: https://www.google.com/maps/search/Caf%C3%A9t%C3%A9ria/@36.6098904,2.2069932999999997?authuser=0&hl=en&entry=ttu
Reviews: 1 reviews

Name: The
link: https://www.google.com/maps/search/Th%C3%A9/@36.6061209,2.1871711?authuser=0&hl=en&entry=ttu
Reviews: 0 reviews

Name: Cafe
link: https://www.google.com/maps/search/Caf%C3%A9/@36.6060012,2.1930104?authuser=0&hl=en&entry=ttu
Reviews: 0 reviews

Name: Cafe Cherchellia
link: https://www.google.com/maps/search/Caf%C3%A9+Cherchellia/@36.6074706,2.1887402?authuser=0&hl=en&entry=ttu
Reviews: 0 reviews",1,,shy w mksrt lslTn (Owner),,,Coffee shop,Coffee shop,5,,Open All Days,,"J54P+FV4 shy w mksrt lslTn, Rocade Tipaza, Cherchell, Algeria",,https://www.google.com/maps/place/%D8%B4%D8%A7%D9%8A+%D9%88+%D9%85%D9%83%D8%B3%D8%B1%D8%A7%D8%AA+%D8%A7%D9%84%D8%B3%D9%84%D8%B7%D8%A7%D9%86%E2%80%AD/data=!4m7!3m6!1s0x128575c3130990ad:0xa927e3e04247b976!8m2!3d36.6060866!4d2.1870752!16s%2Fg%2F11k3r9__p8!19sChIJrZAJE8N1hRIRdrlHQuDjJ6k?authuser=0&hl=en&rclk=1,,,0,0,0,0,1,,https://search.google.com/local/reviews?placeid=ChIJrZAJE8N1hRIRdrlHQuDjJ6k&q=%D8%B4%D8%A7%D9%8A+%D9%88+%D9%85%D9%83%D8%B3%D8%B1%D8%A7%D8%AA+%D8%A7%D9%84%D8%B3%D9%84%D8%B7%D8%A7%D9%86%E2%80%AD&authuser=0&hl=en&gl=DZ,"36.6060866,2.1870751999999998",,Cherchell,"J54P+FV4, Rocade Tipaza",Cherchell,,,DZ,Africa/Algiers,12188961468825713014,0x128575c3130990ad:0xa927e3e04247b976,,,,,,Coffee,,,,Restroom,,Cozy,,Groups,,,Not Present,Not Present,Good for kids,,,,Wheelchair accessible restroom,
ChIJP3_x8HZ3hRIRcSqcWLZJeDw,mqh~ lHmdny@,,False,"Name: Restaurant El Hamdania
link: https://www.google.com/maps/search/Restaurant+El+Hamdania/@36.362680999999995,2.766933?authuser=0&hl=en&entry=ttu
Reviews: 29 reviews

Name: mqh~ rwjy
link: https://www.google.com/maps/search/%D9%85%D9%82%D9%87%D9%89+%D8%B1%D9%88%D8%AC%D9%8A/@36.625876,2.2724649?authuser=0&hl=en&entry=ttu
Reviews: 3 reviews

Name: Cafeteria
link: https://www.google.com/maps/search/Caf%C3%A9t%C3%A9ria/@36.6098904,2.2069932999999997?authuser=0&hl=en&entry=ttu
Reviews: 1 reviews

Name: Restaurant
link: https://www.google.com/maps/search/Restaurant/@36.6256437,2.2725532?authuser=0&hl=en&entry=ttu
Reviews: 0 reviews

Name: Cafeteria
link: https://www.google.com/maps/search/Cafeteria/@36.6268174,2.2768859999999997?authuser=0&hl=en&entry=ttu
Reviews: 0 reviews",1,,mqh~ lHmdny@ (Owner),,,Coffee shop,Coffee shop,5,,Open All Days,,"J7GC+7VV mqh~ lHmdny@, W109, Cherchell, Algeria",,https://www.google.com/maps/place/%D9%85%D9%82%D9%87%D9%89+%D8%A7%D9%84%D8%AD%D9%85%D8%AF%D8%A7%D9%86%D9%8A%D8%A9%E2%80%AD/data=!4m7!3m6!1s0x12857776f0f17f3f:0x3c7849b6589c2a71!8m2!3d36.625401!4d2.2717351!16s%2Fg%2F11t9h018s9!19sChIJP3_x8HZ3hRIRcSqcWLZJeDw?authuser=0&hl=en&rclk=1,,,0,0,0,0,1,,https://search.google.com/local/reviews?placeid=ChIJP3_x8HZ3hRIRcSqcWLZJeDw&q=%D9%85%D9%82%D9%87%D9%89+%D8%A7%D9%84%D8%AD%D9%85%D8%AF%D8%A7%D9%86%D9%8A%D8%A9%E2%80%AD&authuser=0&hl=en&gl=DZ,"36.625401,2.2717351",,El Hamadia,"J7GC+7VV, W109",Cherchell,,,DZ,Africa/Algiers,4357313687000459889,0x12857776f0f17f3f:0x3c7849b6589c2a71,,,,Dine-in,,Coffee,,,,Restroom,,Cozy,,Groups,,,Not Present,Not Present,,,,,Wheelchair accessible restroom,
ChIJh3_D56WBhRIR5_MqnE1T7sQ,shy wmksrt + Hlwyt tqlydy@ `nd Hmyd,,False,,1,,shy wmksrt + Hlwyt tqlydy@ `nd Hmyd (Owner),,https://lh5.googleusercontent.com/p/AF1QipMkBVe-tWA9eYjYr46FVqvsVib0OxJXOQd7yWxc=w426-h240-k-no,Coffee shop,Coffee shop,5,7 AM-11:15 PM,Open All Days,+213 540 86 94 38,"H99V+C6Q shy wmksrt + Hlwyt tqlydy@ `nd Hmyd, Nador, Algeria",,https://www.google.com/maps/place/%D8%B4%D8%A7%D9%8A+%D9%88%D9%85%D9%83%D8%B3%D8%B1%D8%A7%D8%AA+%2B+%D8%AD%D9%84%D9%88%D9%8A%D8%A7%D8%AA+%D8%AA%D9%82%D9%84%D9%8A%D8%AF%D9%8A%D8%A9+%D8%B9%D9%86%D8%AF+%D8%AD%D9%85%D9%8A%D8%AF%E2%80%AD/data=!4m7!3m6!1s0x128581a5e7c37f87:0xc4ee534d9c2af3e7!8m2!3d36.5685865!4d2.3932858!16s%2Fg%2F11l5np3db9!19sChIJh3_D56WBhRIR5_MqnE1T7sQ?authuser=0&hl=en&rclk=1,Open  Closes 11:15 PM,,0,0,0,0,1,,https://search.google.com/local/reviews?placeid=ChIJh3_D56WBhRIR5_MqnE1T7sQ&q=%D8%B4%D8%A7%D9%8A+%D9%88%D9%85%D9%83%D8%B3%D8%B1%D8%A7%D8%AA+%2B+%D8%AD%D9%84%D9%88%D9%8A%D8%A7%D8%AA+%D8%AA%D9%82%D9%84%D9%8A%D8%AF%D9%8A%D8%A9+%D8%B9%D9%86%D8%AF+%D8%AD%D9%85%D9%8A%D8%AF%E2%80%AD&authuser=0&hl=en&gl=DZ,"36.568586499999995,2.3932857999999997",,Nador,H99V+C6Q,Nador,,,DZ,Africa/Algiers,14190371068688659431,0x128581a5e7c37f87:0xc4ee534d9c2af3e7,,,,,,Coffee,,,,,,Cozy,,Groups,,"Monday: 7 AM-11:15 PM
Tuesday: 7 AM-11:15 PM
Wednesday: 7 AM-11:15 PM
Thursday: 7 AM-11:15 PM
Friday: 7 AM-11:15 PM
Saturday: 7 AM-11:15 PM
Sunday: 7 AM-11:15 PM",Not Present,Not Present,Good for kids,,,,,
ChIJZ5xiHOSBhRIRp-t4Yq1XNv8,Cafeteria zaghdoud,,False,"Name: cafeteria DAHNOUN
link: https://www.google.com/maps/search/caf%C3%A9teria+DAHNOUN/@36.5153481,2.4143117999999997?authuser=0&hl=en&entry=ttu
Reviews: 4 reviews

Name: Khaled kedadsa Cafe
link: https://www.google.com/maps/search/Khaled+kedadsa+Caf%C3%A9/@36.5121363,2.4167970999999997?authuser=0&hl=en&entry=ttu
Reviews: 3 reviews

Name: Fast food cafe Nabil
link: https://www.google.com/maps/search/Fast+food+caf%C3%A9+Nabil/@36.5180701,2.4058781?authuser=0&hl=en&entry=ttu
Reviews: 2 reviews

Name: Superette digette
link: https://www.google.com/maps/search/Superette+digette/@36.5068187,2.4156657999999998?authuser=0&hl=en&entry=ttu
Reviews: 1 reviews

Name: Boulangerie
link: https://www.google.com/maps/search/Boulangerie/@36.5079565,2.4184067?authuser=0&hl=en&entry=ttu
Reviews: 1 reviews",1,,Cafeteria zaghdoud (Owner),,,Coffee shop,Coffee shop,5,,Open All Days,,"GC77+4J5 Cafeteria zaghdoud, Rue des freres hocine, Hadjout, Algeria",,https://www.google.com/maps/place/Cafeteria+zaghdoud/data=!4m7!3m6!1s0x128581e41c629c67:0xff3657ad6278eba7!8m2!3d36.5127546!4d2.4140983!16s%2Fg%2F11rfp4cc_6!19sChIJZ5xiHOSBhRIRp-t4Yq1XNv8?authuser=0&hl=en&rclk=1,,,0,0,0,0,1,,https://search.google.com/local/reviews?placeid=ChIJZ5xiHOSBhRIRp-t4Yq1XNv8&q=Cafeteria+zaghdoud&authuser=0&hl=en&gl=DZ,"36.5127546,2.4140983",,Hadjout,"GC77+4J5, Rue des freres hocine",Hadjout,,,DZ,Africa/Algiers,18389982530607049639,0x128581e41c629c67:0xff3657ad6278eba7,,,,,,Coffee,,,,,,,,Groups,,,Not Present,Not Present,,,,,,
ChIJqSPK0td5jxIRZerv7RLcXIQ,Ben Coffe and fast food,,False,,1,,Ben Coffe and fast food (Owner),,https://lh5.googleusercontent.com/p/AF1QipPRFckqkl6rOy9WBDqHXJTKY_Z3ksu-_ZUBE1vj=w408-h908-k-no,Coffee shop,Coffee shop,3,,Open All Days,,"HHH9+9W8 Ben Coffe and fast food, Ain Tagourait, Algeria",,https://www.google.com/maps/place/Ben+Coffe+and+fast+food/data=!4m7!3m6!1s0x128f79d7d2ca23a9:0x845cdc12edefea65!8m2!3d36.5795903!4d2.5694606!16s%2Fg%2F11ks71wq2m!19sChIJqSPK0td5jxIRZerv7RLcXIQ?authuser=0&hl=en&rclk=1,,,0,0,1,0,0,,https://search.google.com/local/reviews?placeid=ChIJqSPK0td5jxIRZerv7RLcXIQ&q=Ben+Coffe+and+fast+food&authuser=0&hl=en&gl=DZ,"36.5795903,2.5694605999999998",,,HHH9+9W8,Ain Tagourait,,,DZ,Africa/Algiers,9537740084723313253,0x128f79d7d2ca23a9:0x845cdc12edefea65,,,,"Takeout, Dine-in",,"Coffee, Late-night food, Small plates",,"Breakfast, Brunch, Lunch, Dinner, Catering, Dessert",,,,Cozy,,Groups,,,Not Present,Not Present,Good for kids,,Accepts reservations,,"Wheelchair accessible entrance, Wheelchair accessible seating",
ChIJ5fucF-x7jxIRlgQF6fB_5CQ,mqh~ lnkhyl,,False,"Name: Cafeteria Centre-ville
link: https://www.google.com/maps/search/Caf%C3%A9t%C3%A9ria+Centre-ville/@36.591749799999995,2.4500911999999997?authuser=0&hl=en&entry=ttu
Reviews: 1 reviews

Name: qhw@
link: https://www.google.com/maps/search/%D9%82%D9%87%D9%88%D8%A9/@36.6332544,2.6855352?authuser=0&hl=en&entry=ttu
Reviews: 0 reviews",1,,mqh~ lnkhyl (Owner),,,Coffee shop,Coffee shop,1,,Open All Days,,"FGJV+PJM mqh~ lnkhyl, N42, Ahmer El Ain, Algeria",,https://www.google.com/maps/place/%D9%85%D9%82%D9%87%D9%89+%D8%A7%D9%84%D9%86%D8%AE%D9%8A%D9%84%E2%80%AD/data=!4m7!3m6!1s0x128f7bec179cfbe5:0x24e47ff0e9050496!8m2!3d36.4818453!4d2.544036!16s%2Fg%2F11lm31tkk3!19sChIJ5fucF-x7jxIRlgQF6fB_5CQ?authuser=0&hl=en&rclk=1,,,1,0,0,0,0,,https://search.google.com/local/reviews?placeid=ChIJ5fucF-x7jxIRlgQF6fB_5CQ&q=%D9%85%D9%82%D9%87%D9%89+%D8%A7%D9%84%D9%86%D8%AE%D9%8A%D9%84%E2%80%AD&authuser=0&hl=en&gl=DZ,"36.481845299999996,2.5440359999999997",,Haouch Buuhadda Abdelkader,"FGJV+PJM, N42",Ahmar El Ain,,,DZ,Africa/Algiers,2658390352733734038,0x128f7bec179cfbe5:0x24e47ff0e9050496,,,,Dine-in,,Coffee,,,,Restroom,,,,Groups,,,Not Present,Not Present,,,,,,
ChIJwfKIpQh_hRIRmx481rMXxxw,Cafe Biblos,,False,"Name: LS Delights
link: https://www.google.com/maps/search/LS+Delights/@36.589541,2.442296?authuser=0&hl=en&entry=ttu
Reviews: 11 reviews

Name: Cafeteria el-bahdja
link: https://www.google.com/maps/search/Caf%C3%A9t%C3%A9ria+el-bahdja/@36.5869958,2.4386948?authuser=0&hl=en&entry=ttu
Reviews: 1 reviews

Name: Cafeteria chez Boualem
link: https://www.google.com/maps/search/Caf%C3%A9t%C3%A9ria+chez+Boualem/@36.6354003,2.388257?authuser=0&hl=en&entry=ttu
Reviews: 1 reviews

Name: Cafeteria Centre-ville
link: https://www.google.com/maps/search/Caf%C3%A9t%C3%A9ria+Centre-ville/@36.591749799999995,2.4500911999999997?authuser=0&hl=en&entry=ttu
Reviews: 1 reviews",,,Cafe Biblos (Owner),,https://lh5.googleusercontent.com/p/AF1QipOUNvKNNz18sdrnhiBgVm-HeKx7BNbVckVUgBQi=w408-h544-k-no,Coffee shop,Coffee shop,,Open 24 hours,Open All Days,,"HCQP+W2Q Cafe Biblos, Tipaza, Algeria",,https://www.google.com/maps/place/Caf%C3%A9+Biblos/data=!4m7!3m6!1s0x12857f08a588f2c1:0x1cc717b3d63c1e9b!8m2!3d36.5896553!4d2.4348628!16s%2Fg%2F11sds5249z!19sChIJwfKIpQh_hRIRmx481rMXxxw?authuser=0&hl=en&rclk=1,Open 24 hours,,,,,,,,https://search.google.com/local/reviews?placeid=ChIJwfKIpQh_hRIRmx481rMXxxw&q=Caf%C3%A9+Biblos&authuser=0&hl=en&gl=DZ,"36.5896553,2.4348628",,Tipaza,HCQP+W2Q,Tipaza,,,DZ,Africa/Algiers,2073652214588251803,0x12857f08a588f2c1:0x1cc717b3d63c1e9b,,,,Dine-in,,Coffee,,"Breakfast, Lunch, Dessert",,Restroom,,Cozy,,Groups,,"Monday: Open 24 hours
Tuesday: Open 24 hours
Wednesday: Open 24 hours
Thursday: Open 24 hours
Friday: Open 24 hours
Saturday: Open 24 hours
Sunday: Open 24 hours","9 PM, 10 PM, 8 PM
---
Time Label: 9 PM
Average Popularity: 33.42857142857143

Time Label: 10 PM
Average Popularity: 33.42857142857143

Time Label: 8 PM
Average Popularity: 30.857142857142858","Monday:
    4 AM: 45% | Usually not too busy
    5 AM: 63% | Usually a little busy
    6 AM: 81% | Usually as busy as it gets
    7 AM: 63% | Usually a little busy
    8 AM: 45% | Usually not too busy
    9 AM: 18% | Usually not busy
    10 AM: 0% | Idle
    11 AM: 9% | Usually not busy
    12 PM: 9% | Usually not busy
    1 PM: 18% | Usually not busy
    2 PM: 9% | Usually not busy
    3 PM: 0% | Idle
    4 PM: 9% | Usually not busy
    5 PM: 0% | Idle
    6 PM: 9% | Usually not busy
    7 PM: 18% | Usually not busy
    8 PM: 36% | Usually not too busy
    9 PM: 27% | Usually not too busy
    10 PM: 36% | Usually not too busy
    11 PM: 9% | Usually not busy
    12 AM: 0% | Idle
    1 AM: 0% | Idle
    2 AM: 9% | Usually not busy
    3 AM: 36% | Usually not too busy

Tuesday:
    4 AM: 0% | Idle
    5 AM: 9% | Usually not busy
    6 AM: 18% | Usually not busy
    7 AM: 45% | Usually not too busy
    8 AM: 18% | Usually not busy
    9 AM: 9% | Usually not busy
    10 AM: 0% | Idle
    11 AM: 0% | Idle
    12 PM: 0% | Idle
    1 PM: 0% | Idle
    2 PM: 9% | Usually not busy
    3 PM: 18% | Usually not busy
    4 PM: 36% | Usually not too busy
    5 PM: 18% | Usually not busy
    6 PM: 9% | Usually not busy
    7 PM: 0% | Idle
    8 PM: 0% | Idle
    9 PM: 0% | Idle
    10 PM: 0% | Idle
    11 PM: 0% | Idle
    12 AM: 0% | Idle
    1 AM: 0% | Idle
    2 AM: 0% | Idle
    3 AM: 0% | Idle

Wednesday:
    4 AM: 0% | Idle
    5 AM: 0% | Idle
    6 AM: 9% | Usually not busy
    7 AM: 18% | Usually not busy
    8 AM: 36% | Usually not too busy
    9 AM: 27% | Usually not too busy
    10 AM: 36% | Usually not too busy
    11 AM: 54% | Usually a little busy
    12 PM: 27% | Usually not too busy
    1 PM: 9% | Usually not busy
    2 PM: 0% | Idle
    3 PM: 9% | Usually not busy
    4 PM: 27% | Usually not too busy
    5 PM: 18% | Usually not busy
    6 PM: 9% | Usually not busy
    7 PM: 27% | Usually not too busy
    8 PM: 72% | Usually a little busy
    9 PM: 54% | Usually a little busy
    10 PM: 81% | Usually as busy as it gets
    11 PM: 45% | Usually not too busy
    12 AM: 54% | Usually a little busy
    1 AM: 27% | Usually not too busy
    2 AM: 27% | Usually not too busy
    3 AM: 18% | Usually not busy

Thursday:
    4 AM: 27% | Usually not too busy
    5 AM: 9% | Usually not busy
    6 AM: 9% | Usually not busy
    7 AM: 18% | Usually not busy
    8 AM: 27% | Usually not too busy
    9 AM: 45% | Usually not too busy
    10 AM: 72% | Usually a little busy
    11 AM: 54% | Usually a little busy
    12 PM: 27% | Usually not too busy
    1 PM: 36% | Usually not too busy
    2 PM: 36% | Usually not too busy
    3 PM: 54% | Usually a little busy
    4 PM: 27% | Usually not too busy
    5 PM: 18% | Usually not busy
    6 PM: 18% | Usually not busy
    7 PM: 63% | Usually a little busy
    8 PM: 72% | Usually a little busy
    9 PM: 90% | Usually as busy as it gets
    10 PM: 54% | Usually a little busy
    11 PM: 27% | Usually not too busy
    12 AM: 18% | Usually not busy
    1 AM: 45% | Usually not too busy
    2 AM: 36% | Usually not too busy
    3 AM: 54% | Usually a little busy

Friday:
    4 AM: 18% | Usually not busy
    5 AM: 18% | Usually not busy
    6 AM: 9% | Usually not busy
    7 AM: 0% | Idle
    8 AM: 9% | Usually not busy
    9 AM: 18% | Usually not busy
    10 AM: 9% | Usually not busy
    11 AM: 18% | Usually not busy
    12 PM: 36% | Usually not too busy
    1 PM: 45% | Usually not too busy
    2 PM: 18% | Usually not busy
    3 PM: 9% | Usually not busy
    4 PM: 9% | Usually not busy
    5 PM: 0% | Idle
    6 PM: 0% | Idle
    7 PM: 0% | Idle
    8 PM: 0% | Idle
    9 PM: 9% | Usually not busy
    10 PM: 9% | Usually not busy
    11 PM: 0% | Idle
    12 AM: 0% | Idle
    1 AM: 9% | Usually not busy
    2 AM: 0% | Idle
    3 AM: 0% | Idle

Saturday:
    4 AM: 18% | Usually not busy
    5 AM: 18% | Usually not busy
    6 AM: 36% | Usually not too busy
    7 AM: 45% | Usually not too busy
    8 AM: 27% | Usually not too busy
    9 AM: 9% | Usually not busy
    10 AM: 0% | Idle
    11 AM: 0% | Idle
    12 PM: 0% | Idle
    1 PM: 0% | Idle
    2 PM: 0% | Idle
    3 PM: 0% | Idle
    4 PM: 0% | Idle
    5 PM: 0% | Idle
    6 PM: 0% | Idle
    7 PM: 0% | Idle
    8 PM: 0% | Idle
    9 PM: 18% | Usually not busy
    10 PM: 18% | Usually not busy
    11 PM: 45% | Usually not too busy
    12 AM: 45% | Usually not too busy
    1 AM: 72% | Usually a little busy
    2 AM: 54% | Usually a little busy
    3 AM: 27% | Usually not too busy

Sunday:
    4 AM: 0% | Idle
    5 AM: 9% | Usually not busy
    6 AM: 18% | Usually not busy
    7 AM: 18% | Usually not busy
    8 AM: 27% | Usually not too busy
    9 AM: 27% | Usually not too busy
    10 AM: 45% | Usually not too busy
    11 AM: 45% | Usually not too busy
    12 PM: 27% | Usually not too busy
    1 PM: 36% | Usually not too busy
    2 PM: 81% | Usually as busy as it gets
    3 PM: 100% | Usually as busy as it gets
    4 PM: 72% | Usually a little busy
    5 PM: 27% | Usually not too busy
    6 PM: 0% | Idle
    7 PM: 9% | Usually not busy
    8 PM: 36% | Usually not too busy
    9 PM: 36% | Usually not too busy
    10 PM: 36% | Usually not too busy
    11 PM: 9% | Usually not busy
    12 AM: 9% | Usually not busy
    1 AM: 27% | Usually not too busy
    2 AM: 9% | Usually not busy
    3 AM: 0% | Idle",Good for kids,,Accepts reservations,,Wheelchair accessible parking lot,
ChIJnaIGrmqBhRIRqgffqGjckoo,khym@ lysmyn shy wmksrt +qhw@,,False,"Name: shy lkhym@
link: https://www.google.com/maps/search/%D8%B4%D8%A7%D9%8A+%D8%A7%D9%84%D8%AE%D9%8A%D9%85%D8%A9/@36.5906719,2.4433723?authuser=0&hl=en&entry=ttu
Reviews: 1 reviews

Name: Cafe El Kenz
link: https://www.google.com/maps/search/Caf%C3%A9+El+Kenz/@36.5874636,2.4501760999999997?authuser=0&hl=en&entry=ttu
Reviews: 1 reviews

Name: Cafeteria el-bahdja
link: https://www.google.com/maps/search/Caf%C3%A9t%C3%A9ria+el-bahdja/@36.5869958,2.4386948?authuser=0&hl=en&entry=ttu
Reviews: 1 reviews

Name: mwH lysmyn
link: https://www.google.com/maps/search/%D9%85%D9%88%D8%AD+%D8%A7%D9%84%D9%8A%D8%B3%D9%85%D9%8A%D9%86/@36.590457199999996,2.4437256?authuser=0&hl=en&entry=ttu
Reviews: 0 reviews",,,khym@ lysmyn shy wmksrt +qhw@ (Owner),,https://lh5.googleusercontent.com/p/AF1QipPX_y_hzb7KeNZXp0DhJ-yhE_l0z8gRrCKwcnhM=w408-h725-k-no,Coffee shop,Coffee shop,,Open 24 hours,Open All Days,+213 698 81 83 08,"HCJV+J43 khym@ lysmyn shy wmksrt +qhw@, Tipaza, Algeria",,https://www.google.com/maps/place/%D8%AE%D9%8A%D9%85%D8%A9+%D8%A7%D9%84%D9%8A%D8%B3%D9%85%D9%8A%D9%86+%D8%B4%D8%A7%D9%8A+%D9%88%D9%85%D9%83%D8%B3%D8%B1%D8%A7%D8%AA+%2B%D9%82%D9%87%D9%88%D8%A9%E2%80%AD/data=!4m7!3m6!1s0x1285816aae06a29d:0x8a92dc68a8df07aa!8m2!3d36.5815069!4d2.4427914!16s%2Fg%2F11s8wlftl2!19sChIJnaIGrmqBhRIRqgffqGjckoo?authuser=0&hl=en&rclk=1,Open 24 hours,,,,,,,,https://search.google.com/local/reviews?placeid=ChIJnaIGrmqBhRIRqgffqGjckoo&q=%D8%AE%D9%8A%D9%85%D8%A9+%D8%A7%D9%84%D9%8A%D8%B3%D9%85%D9%8A%D9%86+%D8%B4%D8%A7%D9%8A+%D9%88%D9%85%D9%83%D8%B3%D8%B1%D8%A7%D8%AA+%2B%D9%82%D9%87%D9%88%D8%A9%E2%80%AD&authuser=0&hl=en&gl=DZ,"36.5815069,2.4427914",,,HCJV+J43,Tipaza,,,DZ,Africa/Algiers,9985285665901709226,0x1285816aae06a29d:0x8a92dc68a8df07aa,,,,,,Coffee,,Dessert,,,,Cozy,,Groups,,"Monday: Open 24 hours
Tuesday: Open 24 hours
Wednesday: Open 24 hours
Thursday: Open 24 hours
Friday: Open 24 hours
Saturday: Open 24 hours
Sunday: Open 24 hours","2 PM, 3 PM, 1 PM
---
Time Label: 2 PM
Average Popularity: 47.57142857142857

Time Label: 3 PM
Average Popularity: 41.285714285714285

Time Label: 1 PM
Average Popularity: 39.857142857142854","Monday:
    4 AM: 0% | Idle
    5 AM: 0% | Idle
    6 AM: 9% | Usually not busy
    7 AM: 18% | Usually not busy
    8 AM: 18% | Usually not busy
    9 AM: 18% | Usually not busy
    10 AM: 9% | Usually not busy
    11 AM: 0% | Idle
    12 PM: 9% | Usually not busy
    1 PM: 0% | Idle
    2 PM: 9% | Usually not busy
    3 PM: 18% | Usually not busy
    4 PM: 18% | Usually not busy
    5 PM: 18% | Usually not busy
    6 PM: 45% | Usually not too busy
    7 PM: 18% | Usually not busy
    8 PM: 9% | Usually not busy
    9 PM: 0% | Idle
    10 PM: 9% | Usually not busy
    11 PM: 18% | Usually not busy
    12 AM: 9% | Usually not busy
    1 AM: 0% | Idle
    2 AM: 0% | Idle
    3 AM: 0% | Idle

Tuesday:
    4 AM: 27% | Usually not too busy
    5 AM: 0% | Idle
    6 AM: 9% | Usually not busy
    7 AM: 27% | Usually not too busy
    8 AM: 72% | Usually a little busy
    9 AM: 54% | Usually a little busy
    10 AM: 45% | Usually not too busy
    11 AM: 27% | Usually not too busy
    12 PM: 36% | Usually not too busy
    1 PM: 63% | Usually a little busy
    2 PM: 72% | Usually a little busy
    3 PM: 72% | Usually a little busy
    4 PM: 45% | Usually not too busy
    5 PM: 27% | Usually not too busy
    6 PM: 18% | Usually not busy
    7 PM: 9% | Usually not busy
    8 PM: 18% | Usually not busy
    9 PM: 36% | Usually not too busy
    10 PM: 45% | Usually not too busy
    11 PM: 18% | Usually not busy
    12 AM: 45% | Usually not too busy
    1 AM: 54% | Usually a little busy
    2 AM: 100% | Usually as busy as it gets
    3 AM: 54% | Usually a little busy

Wednesday:
    4 AM: 36% | Usually not too busy
    5 AM: 18% | Usually not busy
    6 AM: 18% | Usually not busy
    7 AM: 18% | Usually not busy
    8 AM: 18% | Usually not busy
    9 AM: 0% | Idle
    10 AM: 0% | Idle
    11 AM: 9% | Usually not busy
    12 PM: 27% | Usually not too busy
    1 PM: 9% | Usually not busy
    2 PM: 0% | Idle
    3 PM: 0% | Idle
    4 PM: 0% | Idle
    5 PM: 0% | Idle
    6 PM: 9% | Usually not busy
    7 PM: 18% | Usually not busy
    8 PM: 9% | Usually not busy
    9 PM: 9% | Usually not busy
    10 PM: 0% | Idle
    11 PM: 0% | Idle
    12 AM: 9% | Usually not busy
    1 AM: 0% | Idle
    2 AM: 9% | Usually not busy
    3 AM: 18% | Usually not busy

Thursday:
    4 AM: 0% | Idle
    5 AM: 0% | Idle
    6 AM: 0% | Idle
    7 AM: 27% | Usually not too busy
    8 AM: 36% | Usually not too busy
    9 AM: 45% | Usually not too busy
    10 AM: 18% | Usually not busy
    11 AM: 18% | Usually not busy
    12 PM: 18% | Usually not busy
    1 PM: 45% | Usually not too busy
    2 PM: 81% | Usually as busy as it gets
    3 PM: 36% | Usually not too busy
    4 PM: 18% | Usually not busy
    5 PM: 9% | Usually not busy
    6 PM: 0% | Idle
    7 PM: 0% | Idle
    8 PM: 9% | Usually not busy
    9 PM: 18% | Usually not busy
    10 PM: 36% | Usually not too busy
    11 PM: 18% | Usually not busy
    12 AM: 18% | Usually not busy
    1 AM: 27% | Usually not too busy
    2 AM: 9% | Usually not busy
    3 AM: 0% | Idle

Friday:
    4 AM: 54% | Usually a little busy
    5 AM: 36% | Usually not too busy
    6 AM: 18% | Usually not busy
    7 AM: 0% | Idle
    8 AM: 0% | Idle
    9 AM: 9% | Usually not busy
    10 AM: 18% | Usually not busy
    11 AM: 27% | Usually not too busy
    12 PM: 45% | Usually not too busy
    1 PM: 63% | Usually a little busy
    2 PM: 54% | Usually a little busy
    3 PM: 27% | Usually not too busy
    4 PM: 9% | Usually not busy
    5 PM: 0% | Idle
    6 PM: 9% | Usually not busy
    7 PM: 18% | Usually not busy
    8 PM: 9% | Usually not busy
    9 PM: 9% | Usually not busy
    10 PM: 9% | Usually not busy
    11 PM: 18% | Usually not busy
    12 AM: 9% | Usually not busy
    1 AM: 0% | Idle
    2 AM: 18% | Usually not busy
    3 AM: 36% | Usually not too busy

Saturday:
    4 AM: 45% | Usually not too busy
    5 AM: 45% | Usually not too busy
    6 AM: 18% | Usually not busy
    7 AM: 0% | Idle
    8 AM: 0% | Idle
    9 AM: 0% | Idle
    10 AM: 9% | Usually not busy
    11 AM: 18% | Usually not busy
    12 PM: 36% | Usually not too busy
    1 PM: 27% | Usually not too busy
    2 PM: 45% | Usually not too busy
    3 PM: 100% | Usually as busy as it gets
    4 PM: 100% | Usually as busy as it gets
    5 PM: 90% | Usually as busy as it gets
    6 PM: 54% | Usually a little busy
    7 PM: 63% | Usually a little busy
    8 PM: 27% | Usually not too busy
    9 PM: 9% | Usually not busy
    10 PM: 9% | Usually not busy
    11 PM: 18% | Usually not busy
    12 AM: 9% | Usually not busy
    1 AM: 0% | Idle
    2 AM: 9% | Usually not busy
    3 AM: 18% | Usually not busy

Sunday:
    4 AM: 0% | Idle
    5 AM: 9% | Usually not busy
    6 AM: 27% | Usually not too busy
    7 AM: 45% | Usually not too busy
    8 AM: 27% | Usually not too busy
    9 AM: 36% | Usually not too busy
    10 AM: 9% | Usually not busy
    11 AM: 18% | Usually not busy
    12 PM: 27% | Usually not too busy
    1 PM: 72% | Usually a little busy
    2 PM: 72% | Usually a little busy
    3 PM: 36% | Usually not too busy
    4 PM: 9% | Usually not busy
    5 PM: 9% | Usually not busy
    6 PM: 18% | Usually not busy
    7 PM: 9% | Usually not busy
    8 PM: 0% | Idle
    9 PM: 0% | Idle
    10 PM: 9% | Usually not busy
    11 PM: 27% | Usually not too busy
    12 AM: 54% | Usually a little busy
    1 AM: 27% | Usually not too busy
    2 AM: 9% | Usually not busy
    3 AM: 0% | Idle",,,,,"Wheelchair accessible entrance, Wheelchair accessible parking lot",
ChIJfwJlLyt_hRIRp9NbXdGsXIE,mqh~ lfjr,,False,,,,mqh~ lfjr (Owner),,,Coffee shop,Coffee shop,,,Open All Days,,"HCRV+789 mqh~ lfjr, Tipaza, Algeria",,https://www.google.com/maps/place/%D9%85%D9%82%D9%87%D9%89+%D8%A7%D9%84%D9%81%D8%AC%D8%B1%E2%80%AD/data=!4m7!3m6!1s0x12857f2b2f65027f:0x815cacd15d5bd3a7!8m2!3d36.5906719!4d2.4433723!16s%2Fg%2F11vk_b6mlc!19sChIJfwJlLyt_hRIRp9NbXdGsXIE?authuser=0&hl=en&rclk=1,,,,,,,,,https://search.google.com/local/reviews?placeid=ChIJfwJlLyt_hRIRp9NbXdGsXIE&q=%D9%85%D9%82%D9%87%D9%89+%D8%A7%D9%84%D9%81%D8%AC%D8%B1%E2%80%AD&authuser=0&hl=en&gl=DZ,"36.5906719,2.4433723",,Tipaza,HCRV+789,Tipaza,,,DZ,Africa/Algiers,9321515343964525479,0x12857f2b2f65027f:0x815cacd15d5bd3a7,,,,,,Coffee,,,,,,"Casual, Cozy",,Groups,,,Not Present,Not Present,Good for kids,,,,,
ChIJCXvGfWp_hRIRXFd1b-oga2I,centre ville de'prtment Tipaza code postal 4.2000,,False,,,,centre ville de'prtment Tipaza code postal 4.2000 (Owner),,,Coffee shop,Coffee shop,,,Open All Days,,"centre ville de'prtment Tipaza code postal 4.2000, batiment Algerie, Tipaza, Algeria",,https://www.google.com/maps/place/centre+ville+de%27prtment+Tipaza+code+postal+4.2000/data=!4m7!3m6!1s0x12857f6a7dc67b09:0x626b20ea6f75575c!8m2!3d36.5906719!4d2.4433723!16s%2Fg%2F11kjy7vw4g!19sChIJCXvGfWp_hRIRXFd1b-oga2I?authuser=0&hl=en&rclk=1,,,,,,,,,https://search.google.com/local/reviews?placeid=ChIJCXvGfWp_hRIRXFd1b-oga2I&q=centre+ville+de%27prtment+Tipaza+code+postal+4.2000&authuser=0&hl=en&gl=DZ,"36.5906719,2.4433723","HCRV+78 Tipaza, Algeria",Tipaza,batiment Algerie,Tipaza,,,DZ,Africa/Algiers,7091798229489375068,0x12857f6a7dc67b09:0x626b20ea6f75575c,,,,,,Coffee,,"Breakfast, Dessert",,Restroom,,Cozy,,Groups,,,Not Present,Not Present,Good for kids,,,,"Wheelchair accessible entrance, Wheelchair accessible parking lot",
ChIJYZH5gBd_hRIRF4SlO5qnGLo,mwH lysmyn,,False,"Name: Cafe El Kenz
link: https://www.google.com/maps/search/Caf%C3%A9+El+Kenz/@36.5874636,2.4501760999999997?authuser=0&hl=en&entry=ttu
Reviews: 1 reviews

Name: khym@ lysmyn shy wmksrt +qhw@
link: https://www.google.com/maps/search/%D8%AE%D9%8A%D9%85%D8%A9+%D8%A7%D9%84%D9%8A%D8%B3%D9%85%D9%8A%D9%86+%D8%B4%D8%A7%D9%8A+%D9%88%D9%85%D9%83%D8%B3%D8%B1%D8%A7%D8%AA+%2B%D9%82%D9%87%D9%88%D8%A9/@36.5815069,2.4427914?authuser=0&hl=en&entry=ttu
Reviews: 0 reviews

Name: Cafe moumouh
link: https://www.google.com/maps/search/Caf%C3%A9+moumouh/@36.5441268,2.3063843?authuser=0&hl=en&entry=ttu
Reviews: 0 reviews",,,mwH lysmyn (Owner),,https://lh5.googleusercontent.com/p/AF1QipOMapuJP7YgWDcwfUYeIaUZT_kPYWG9KoxAR7az=w408-h725-k-no,Coffee shop,Coffee shop,,,Open All Days,+213 698 81 83 08,"HCRV+5GR mwH lysmyn, Tipaza, Algeria",,https://www.google.com/maps/place/%D9%85%D9%88%D8%AD+%D8%A7%D9%84%D9%8A%D8%B3%D9%85%D9%8A%D9%86%E2%80%AD/data=!4m7!3m6!1s0x12857f1780f99161:0xba18a79a3ba58417!8m2!3d36.5904572!4d2.4437256!16s%2Fg%2F11jszybzht!19sChIJYZH5gBd_hRIRF4SlO5qnGLo?authuser=0&hl=en&rclk=1,,,,,,,,,https://search.google.com/local/reviews?placeid=ChIJYZH5gBd_hRIRF4SlO5qnGLo&q=%D9%85%D9%88%D8%AD+%D8%A7%D9%84%D9%8A%D8%B3%D9%85%D9%8A%D9%86%E2%80%AD&authuser=0&hl=en&gl=DZ,"36.590457199999996,2.4437256",,Tipaza,HCRV+5GR,Tipaza,,,DZ,Africa/Algiers,13409652171363157015,0x12857f1780f99161:0xba18a79a3ba58417,,,,Dine-in,,Coffee,,"Breakfast, Dessert",,Restroom,,Cozy,,Groups,,,Not Present,Not Present,Good for kids,,,,"Wheelchair accessible entrance, Wheelchair accessible restroom",
ChIJSYrDUzN_hRIRcspZXXZD4g4,Cafe chenoua,,False,,,,Cafe chenoua (Owner),,,Coffee shop,Coffee shop,,,Open All Days,,"JC24+2W3 Cafe chenoua, Tipaza, Algeria",,https://www.google.com/maps/place/Caf%C3%A9+chenoua/data=!4m7!3m6!1s0x12857f3353c38a49:0xee243765d59ca72!8m2!3d36.6000209!4d2.4072862!16s%2Fg%2F11t_j7r7nl!19sChIJSYrDUzN_hRIRcspZXXZD4g4?authuser=0&hl=en&rclk=1,,,,,,,,,https://search.google.com/local/reviews?placeid=ChIJSYrDUzN_hRIRcspZXXZD4g4&q=Caf%C3%A9+chenoua&authuser=0&hl=en&gl=DZ,"36.6000209,2.4072861999999997",,Chenoua,JC24+2W3,Tipaza,,,DZ,Africa/Algiers,1072493836918966898,0x12857f3353c38a49:0xee243765d59ca72,,,,,,Coffee,,Breakfast,,Restroom,,Cozy,,Groups,,,Not Present,Not Present,,,,,,
ChIJ5y7bWSp_hRIRyLmBtcTq5Sk,mqh~ lmrjn,,False,,,,mqh~ lmrjn (Owner),,,Coffee shop,Coffee shop,,,Open All Days,,"HCRX+PXJ mqh~ lmrjn, Tipaza, Algeria",,https://www.google.com/maps/place/%D9%85%D9%82%D9%87%D9%89+%D8%A7%D9%84%D9%85%D8%B1%D8%AC%D8%A7%D9%86%E2%80%AD/data=!4m7!3m6!1s0x12857f2a59db2ee7:0x29e5eac4b581b9c8!8m2!3d36.591827!4d2.4498956!16s%2Fg%2F11vbj38b94!19sChIJ5y7bWSp_hRIRyLmBtcTq5Sk?authuser=0&hl=en&rclk=1,,,,,,,,,https://search.google.com/local/reviews?placeid=ChIJ5y7bWSp_hRIRyLmBtcTq5Sk&q=%D9%85%D9%82%D9%87%D9%89+%D8%A7%D9%84%D9%85%D8%B1%D8%AC%D8%A7%D9%86%E2%80%AD&authuser=0&hl=en&gl=DZ,"36.591826999999995,2.4498956",,Tipaza,HCRX+PXJ,Tipaza,,,DZ,Africa/Algiers,3019077255801453000,0x12857f2a59db2ee7:0x29e5eac4b581b9c8,,,,,,Coffee,,,,,,"Casual, Cozy",,Groups,,,Not Present,Not Present,Good for kids,,,,,
ChIJdwceQZN_hRIRUcOEajzAWWE,khym@ shy lfrdws lHsyn,,False,,,,khym@ shy lfrdws lHsyn (Owner),,https://lh5.googleusercontent.com/p/AF1QipNbXMMdITUr5oN_AElS0hjgZNyqDQPwNd72ZFPW=w408-h544-k-no,Coffee shop,Coffee shop,,,Open All Days,+213 552 71 82 41,"HCQP+W2Q khym@ shy lfrdws lHsyn, Tipaza, Algeria",,https://www.google.com/maps/place/%D8%AE%D9%8A%D9%85%D8%A9+%D8%B4%D8%A7%D9%8A+%D8%A7%D9%84%D9%81%D8%B1%D8%AF%D9%88%D8%B3+%D8%A7%D9%84%D8%AD%D8%B3%D9%8A%D9%86%E2%80%AD/data=!4m7!3m6!1s0x12857f93411e0777:0x6159c03c6a84c351!8m2!3d36.5897155!4d2.4346679!16s%2Fg%2F11kqsd86vl!19sChIJdwceQZN_hRIRUcOEajzAWWE?authuser=0&hl=en&rclk=1,,,,,,,,,https://search.google.com/local/reviews?placeid=ChIJdwceQZN_hRIRUcOEajzAWWE&q=%D8%AE%D9%8A%D9%85%D8%A9+%D8%B4%D8%A7%D9%8A+%D8%A7%D9%84%D9%81%D8%B1%D8%AF%D9%88%D8%B3+%D8%A7%D9%84%D8%AD%D8%B3%D9%8A%D9%86%E2%80%AD&authuser=0&hl=en&gl=DZ,"36.5897155,2.4346679",,Tipaza,HCQP+W2Q,Tipaza,,,DZ,Africa/Algiers,7014849260323914577,0x12857f93411e0777:0x6159c03c6a84c351,,,,Dine-in,,Coffee,,"Lunch, Dessert",,,,Cozy,,Groups,,,Not Present,Not Present,Good for kids,,,,,
ChIJde8j31l_hRIR0L2teM6SVAs,Chenoua res,,False,"Name: mqh~ lsTH
link: https://www.google.com/maps/search/%D9%85%D9%82%D9%87%D9%89+%D8%A7%D9%84%D8%B3%D8%B7%D8%AD/@36.605425,2.4075674?authuser=0&hl=en&entry=ttu
Reviews: 36 reviews

Name: The BEST Chenoua
link: https://www.google.com/maps/search/The+BEST+Chenoua/@36.606142,2.4069457000000005?authuser=0&hl=en&entry=ttu
Reviews: 8 reviews

Name: Chenoua
link: https://www.google.com/maps/search/Chenoua/@36.5960661,2.4233328999999997?authuser=0&hl=en&entry=ttu
Reviews: 0 reviews",,,Chenoua res (Owner),,,Coffee shop,Coffee shop,,,Open All Days,,"JC35+P4C Chenoua res, Tipaza, Algeria",,https://www.google.com/maps/place/Chenoua+res/data=!4m7!3m6!1s0x12857f59df23ef75:0xb5492ce78adbdd0!8m2!3d36.6042351!4d2.4077739!16s%2Fg%2F11shm9wz41!19sChIJde8j31l_hRIR0L2teM6SVAs?authuser=0&hl=en&rclk=1,,,,,,,,,https://search.google.com/local/reviews?placeid=ChIJde8j31l_hRIR0L2teM6SVAs&q=Chenoua+res&authuser=0&hl=en&gl=DZ,"36.6042351,2.4077739",,Chenoua,JC35+P4C,Tipaza,,,DZ,Africa/Algiers,816438847946472912,0x12857f59df23ef75:0xb5492ce78adbdd0,,,,Dine-in,,Coffee,,"Breakfast, Dessert",,Restroom,,Cozy,,Groups,,,Not Present,Not Present,Good for kids,,,,Wheelchair accessible entrance,
ChIJXyW668l_hRIRUHlSQ89Vt-U,-S-BILLElL shop,,False,,,,-S-BILLElL shop (Owner),,,Coffee shop,Coffee shop,,,Open All Days,,"HCRV+789 -S-BILLElL shop, Tipaza, Algeria",,https://www.google.com/maps/place/-S-BILLElL+shop/data=!4m7!3m6!1s0x12857fc9ebba255f:0xe5b755cf43527950!8m2!3d36.5906719!4d2.4433723!16s%2Fg%2F11kr650w62!19sChIJXyW668l_hRIRUHlSQ89Vt-U?authuser=0&hl=en&rclk=1,,,,,,,,,https://search.google.com/local/reviews?placeid=ChIJXyW668l_hRIRUHlSQ89Vt-U&q=-S-BILLElL+shop&authuser=0&hl=en&gl=DZ,"36.5906719,2.4433723",,Tipaza,HCRV+789,Tipaza,,,DZ,Africa/Algiers,16552793304099617104,0x12857fc9ebba255f:0xe5b755cf43527950,,,,"Takeout, Dine-in",,Coffee,,"Lunch, Dinner, Dessert",,,,Cozy,,Groups,,,Not Present,Not Present,Good for kids,,,,,
ChIJVTQwLtyBjxIRDAsLVWnuaRQ,Islem food,,False,,,,Islem food (Owner),,,Coffee shop,Coffee shop,,,Open All Days,,"HFP7+X4C Islem food, Tipaza, Algeria",,https://www.google.com/maps/place/%C3%8Fslem+food/data=!4m7!3m6!1s0x128f81dc2e303455:0x1469ee69550b0b0c!8m2!3d36.5875008!4d2.4628026!16s%2Fg%2F11v5s888sj!19sChIJVTQwLtyBjxIRDAsLVWnuaRQ?authuser=0&hl=en&rclk=1,,,,,,,,,https://search.google.com/local/reviews?placeid=ChIJVTQwLtyBjxIRDAsLVWnuaRQ&q=%C3%8Fslem+food&authuser=0&hl=en&gl=DZ,"36.5875008,2.4628026",,Tipaza,HFP7+X4C,Tipaza,,,DZ,Africa/Algiers,1470968889478941452,0x128f81dc2e303455:0x1469ee69550b0b0c,,,,"Takeout, Dine-in",,"Coffee, Small plates",,"Brunch, Lunch, Dinner, Catering, Dessert",,Restroom,,"Casual, Cozy",,Groups,,,Not Present,Not Present,Good for kids,,Accepts reservations,,"Wheelchair accessible entrance, Wheelchair accessible parking lot",
ChIJX6ObtMWDhRIRBDQuCXkVIqg,Cafe moumouh,,False,"Name: A L'ombre Du Palmier
link: https://www.google.com/maps/search/A+L%27ombre+Du+Palmier/@36.5862858,2.4338359?authuser=0&hl=en&entry=ttu
Reviews: 8 reviews

Name: Cafeteria Centre-ville
link: https://www.google.com/maps/search/Caf%C3%A9t%C3%A9ria+Centre-ville/@36.591749799999995,2.4500911999999997?authuser=0&hl=en&entry=ttu
Reviews: 1 reviews

Name: mwH lysmyn
link: https://www.google.com/maps/search/%D9%85%D9%88%D8%AD+%D8%A7%D9%84%D9%8A%D8%B3%D9%85%D9%8A%D9%86/@36.590457199999996,2.4437256?authuser=0&hl=en&entry=ttu
Reviews: 0 reviews

Name: Chenoua res
link: https://www.google.com/maps/search/Chenoua+res/@36.6042351,2.4077739?authuser=0&hl=en&entry=ttu
Reviews: 0 reviews",,,Cafe moumouh (Owner),,,Coffee shop,Coffee shop,,,Open All Days,,"G8V4+MH2 Cafe moumouh, Tipaza, Algeria",,https://www.google.com/maps/place/Caf%C3%A9+moumouh/data=!4m7!3m6!1s0x128583c5b49ba35f:0xa8221579092e3404!8m2!3d36.5441268!4d2.3063843!16s%2Fg%2F11sf143xmb!19sChIJX6ObtMWDhRIRBDQuCXkVIqg?authuser=0&hl=en&rclk=1,,,,,,,,,https://search.google.com/local/reviews?placeid=ChIJX6ObtMWDhRIRBDQuCXkVIqg&q=Caf%C3%A9+moumouh&authuser=0&hl=en&gl=DZ,"36.5441268,2.3063843",,Sidi Amar,G8V4+MH2,Tipaza,,,DZ,Africa/Algiers,12115269557169304580,0x128583c5b49ba35f:0xa8221579092e3404,,,,,,Coffee,,Breakfast,,Restroom,,Cozy,,Groups,,,Not Present,Not Present,Good for kids,,,,,
ChIJb8xWAoR1hRIRTdXOuh4XPJ8,The,,False,"Name: Cafe Ex BDL
link: https://www.google.com/maps/search/Cafe+Ex+BDL/@36.6071465,2.1888155?authuser=0&hl=en&entry=ttu
Reviews: 4 reviews

Name: Cafeteria
link: https://www.google.com/maps/search/Caf%C3%A9t%C3%A9ria/@36.6098904,2.2069932999999997?authuser=0&hl=en&entry=ttu
Reviews: 1 reviews

Name: shy w mksrt lslTn
link: https://www.google.com/maps/search/%D8%B4%D8%A7%D9%8A+%D9%88+%D9%85%D9%83%D8%B3%D8%B1%D8%A7%D8%AA+%D8%A7%D9%84%D8%B3%D9%84%D8%B7%D8%A7%D9%86/@36.6060866,2.1870751999999998?authuser=0&hl=en&entry=ttu
Reviews: 1 reviews

Name: Cafe Cherchellia
link: https://www.google.com/maps/search/Caf%C3%A9+Cherchellia/@36.6074706,2.1887402?authuser=0&hl=en&entry=ttu
Reviews: 0 reviews

Name: Cafe
link: https://www.google.com/maps/search/Caf%C3%A9/@36.6060012,2.1930104?authuser=0&hl=en&entry=ttu
Reviews: 0 reviews",,,The (Owner),,,Coffee shop,Coffee shop,,,Open All Days,,"J54P+FV4 The, Rocade Tipaza, Cherchell, Algeria",,https://www.google.com/maps/place/Th%C3%A9/data=!4m7!3m6!1s0x128575840256cc6f:0x9f3c171ebaced54d!8m2!3d36.6061209!4d2.1871711!16s%2Fg%2F11tn0d7jqc!19sChIJb8xWAoR1hRIRTdXOuh4XPJ8?authuser=0&hl=en&rclk=1,,,,,,,,,https://search.google.com/local/reviews?placeid=ChIJb8xWAoR1hRIRTdXOuh4XPJ8&q=Th%C3%A9&authuser=0&hl=en&gl=DZ,"36.6061209,2.1871711",,Cherchell,"J54P+FV4, Rocade Tipaza",Cherchell,,,DZ,Africa/Algiers,11474071371383756109,0x128575840256cc6f:0x9f3c171ebaced54d,,,,Dine-in,,Coffee,,"Breakfast, Lunch, Dessert",,Restroom,,Cozy,,Groups,,,Not Present,Not Present,,,Accepts reservations,,,
ChIJDTJEoHSBhRIRC0rVV64mcCM,qhw@ mwtr,,False,"Name: mqh~ 'myr
link: https://www.google.com/maps/search/%D9%85%D9%82%D9%87%D9%89+%D8%A3%D9%85%D9%8A%D8%B1/@36.4886686,2.7331694?authuser=0&hl=en&entry=ttu
Reviews: 0 reviews

Name: Cafeteria De Chateau
link: https://www.google.com/maps/search/Caf%C3%A9t%C3%A9ria+De+Ch%C3%A2teau/@36.6536362,2.7497346?authuser=0&hl=en&entry=ttu
Reviews: 0 reviews

Name: mqh~ lsry`
link: https://www.google.com/maps/search/%D9%85%D9%82%D9%87%D9%89+%D8%A7%D9%84%D8%B3%D8%B1%D9%8A%D8%B9/@36.653625999999996,2.7497859?authuser=0&hl=en&entry=ttu
Reviews: 0 reviews",,,qhw@ mwtr (Owner),,,Coffee shop,Coffee shop,,,Open All Days,,"GCPF+4F4 qhw@ mwtr, Hadjout, Algeria",,https://www.google.com/maps/place/%D9%82%D9%87%D9%88%D8%A9+%D9%85%D9%88%D8%AA%D8%B1%E2%80%AD/data=!4m7!3m6!1s0x12858174a044320d:0x237026ae57d54a0b!8m2!3d36.5346424!4d2.4243781!16s%2Fg%2F11k4_d7hsn!19sChIJDTJEoHSBhRIRC0rVV64mcCM?authuser=0&hl=en&rclk=1,,,,,,,,,https://search.google.com/local/reviews?placeid=ChIJDTJEoHSBhRIRC0rVV64mcCM&q=%D9%82%D9%87%D9%88%D8%A9+%D9%85%D9%88%D8%AA%D8%B1%E2%80%AD&authuser=0&hl=en&gl=DZ,"36.534642399999996,2.4243780999999998",,Sidi Boufadhel,GCPF+4F4,Hadjout,,,DZ,Africa/Algiers,2553583518958832139,0x12858174a044320d:0x237026ae57d54a0b,,,,,,Coffee,,,,,,Cozy,,Groups,,,Not Present,Not Present,,,,,,
ChIJb3pEPxmBhRIRChvq8Leovas,Dar mimo,,False,,,,Dar mimo (Owner),,,Coffee shop,Coffee shop,,,Open All Days,,"GC9C+72H Dar mimo, aissat idir, Hadjout, Algeria",,https://www.google.com/maps/place/Dar+mimo/data=!4m7!3m6!1s0x128581193f447a6f:0xabbda8b7f0ea1b0a!8m2!3d36.5181828!4d2.4201009!16s%2Fg%2F11kq_2w8y5!19sChIJb3pEPxmBhRIRChvq8Leovas?authuser=0&hl=en&rclk=1,,,,,,,,,https://search.google.com/local/reviews?placeid=ChIJb3pEPxmBhRIRChvq8Leovas&q=Dar+mimo&authuser=0&hl=en&gl=DZ,"36.5181828,2.4201009",,Hadjout,"GC9C+72H, aissat idir",Hadjout,,,DZ,Africa/Algiers,12375232859058346762,0x128581193f447a6f:0xabbda8b7f0ea1b0a,,,,Takeout,,Coffee,,Lunch,,Restroom,,Cozy,,Groups,,,Not Present,Not Present,,,,,Wheelchair accessible seating,
ChIJL7RySUaBhRIR3ySOXHcT2iE,Cafeteria kechar,,False,,,,Cafeteria kechar (Owner),,,Coffee shop,Coffee shop,,,Open All Days,,"GC99+CF6 Cafeteria kechar, Hadjout, Algeria",,https://www.google.com/maps/place/Caf%C3%A9t%C3%A9ria+kechar/data=!4m7!3m6!1s0x128581464972b42f:0x21da13775c8e24df!8m2!3d36.5185422!4d2.4186421!16s%2Fg%2F11vhcmfm6_!19sChIJL7RySUaBhRIR3ySOXHcT2iE?authuser=0&hl=en&rclk=1,,,,,,,,,https://search.google.com/local/reviews?placeid=ChIJL7RySUaBhRIR3ySOXHcT2iE&q=Caf%C3%A9t%C3%A9ria+kechar&authuser=0&hl=en&gl=DZ,"36.5185422,2.4186421",,Hadjout,GC99+CF6,Hadjout,,,DZ,Africa/Algiers,2439283551549400287,0x128581464972b42f:0x21da13775c8e24df,,,,,,Coffee,,,,,,"Casual, Cozy",,Groups,,,Not Present,Not Present,Good for kids,,,,,
ChIJiyV9RsmBhRIR_G8o2-q_X3Y,Cafeteria kechar Mokhtar,,False,,,,Cafeteria kechar Mokhtar (Owner),,,Coffee shop,Coffee shop,,,Open All Days,,"Cafeteria kechar Mokhtar, n 67 Rte de Kolea, Hadjout, Algeria",,https://www.google.com/maps/place/Caf%C3%A9t%C3%A9ria+kechar+Mokhtar/data=!4m7!3m6!1s0x128581c9467d258b:0x765fbfeadb286ffc!8m2!3d36.5182845!4d2.41685!16s%2Fg%2F11vhcmm1lw!19sChIJiyV9RsmBhRIR_G8o2-q_X3Y?authuser=0&hl=en&rclk=1,,,,,,,,,https://search.google.com/local/reviews?placeid=ChIJiyV9RsmBhRIR_G8o2-q_X3Y&q=Caf%C3%A9t%C3%A9ria+kechar+Mokhtar&authuser=0&hl=en&gl=DZ,"36.5182845,2.4168499999999997","GC98+8P Hadjout, Algeria",Hadjout,n 67 Rte de Kolea,Hadjout,,,DZ,Africa/Algiers,8529747234683121660,0x128581c9467d258b:0x765fbfeadb286ffc,,,,,,Coffee,,,,,,"Casual, Cozy",,Groups,,,Not Present,Not Present,Good for kids,,,,,
ChIJN6qfyYeBhRIRwUGcvbldCLg,W cake,,False,"Name: Boulangerie
link: https://www.google.com/maps/search/Boulangerie/@36.5079565,2.4184067?authuser=0&hl=en&entry=ttu
Reviews: 1 reviews

Name: ZR gourmandises 
link: https://www.google.com/maps/search/ZR+gourmandises+%F0%9F%87%A9%F0%9F%87%BF/@36.5100248,2.4108247?authuser=0&hl=en&entry=ttu
Reviews: 0 reviews

Name: Mini donuts hadjout
link: https://www.google.com/maps/search/Mini+donuts+hadjout/@36.5123185,2.4143003?authuser=0&hl=en&entry=ttu
Reviews: 0 reviews",,,W cake (Owner),,,Coffee shop,Coffee shop,,,Open All Days,,"GC67+VPF W cake, Hadjout, Algeria",,https://www.google.com/maps/place/W+cake/data=!4m7!3m6!1s0x12858187c99faa37:0xb8085db9bd9c41c1!8m2!3d36.5121841!4d2.4142994!16s%2Fg%2F11jyyl9rrz!19sChIJN6qfyYeBhRIRwUGcvbldCLg?authuser=0&hl=en&rclk=1,,,,,,,,,https://search.google.com/local/reviews?placeid=ChIJN6qfyYeBhRIRwUGcvbldCLg&q=W+cake&authuser=0&hl=en&gl=DZ,"36.5121841,2.4142994",,Hadjout,GC67+VPF,Hadjout,,,DZ,Africa/Algiers,13260952155123892673,0x12858187c99faa37:0xb8085db9bd9c41c1,,,,,,Coffee,,,,Restroom,,Cozy,,Groups,,,Not Present,Not Present,Good for kids,,,,,
ChIJG4Mpj8qBhRIRZw_HQ6CvR0o,mnSwr ywsf,,False,,,,mnSwr ywsf (Owner),,,Coffee shop,Coffee shop,,,Open All Days,,"H99V+X9W mnSwr ywsf, Nador, Algeria",,https://www.google.com/maps/place/%D9%85%D9%86%D8%B5%D9%88%D8%B1+%D9%8A%D9%88%D8%B3%D9%81%E2%80%AD/data=!4m7!3m6!1s0x128581ca8f29831b:0x4a47afa043c70f67!8m2!3d36.5699772!4d2.3934616!16s%2Fg%2F11vc42tsgn!19sChIJG4Mpj8qBhRIRZw_HQ6CvR0o?authuser=0&hl=en&rclk=1,,,,,,,,,https://search.google.com/local/reviews?placeid=ChIJG4Mpj8qBhRIRZw_HQ6CvR0o&q=%D9%85%D9%86%D8%B5%D9%88%D8%B1+%D9%8A%D9%88%D8%B3%D9%81%E2%80%AD&authuser=0&hl=en&gl=DZ,"36.5699772,2.3934615999999997",,Nador,H99V+X9W,Nador,,,DZ,Africa/Algiers,5352439785019871079,0x128581ca8f29831b:0x4a47afa043c70f67,,,,,,Coffee,,,,,,Cozy,,Groups,,,Not Present,Not Present,Good for kids,,,,,
ChIJb_XHoPZ9jxIRHD8UKR6NexA,kfyh ryD,,False,,,,kfyh ryD (Owner),,https://lh5.googleusercontent.com/p/AF1QipMD_IMn4XiO5zt182PBSZLBNChy72AaDYJFJXet=w408-h862-k-no,Coffee shop,Coffee shop,,4 AM-12 PM,Open All Days,+213 553 75 46 56,"FFVJ+GHG kfyh ryD, shr` 'wl nwfmbr, Bourkika, Algeria",,https://www.google.com/maps/place/%D9%83%D8%A7%D9%81%D9%8A%D9%87+%D8%B1%D9%8A%D8%B6%D8%A7%E2%80%AD/data=!4m7!3m6!1s0x128f7df6a0c7f56f:0x107b8d1e29143f1c!8m2!3d36.4938026!4d2.4814544!16s%2Fg%2F11v5x80nf_!19sChIJb_XHoPZ9jxIRHD8UKR6NexA?authuser=0&hl=en&rclk=1,Open  Closes 12 PM,,,,,,,,https://search.google.com/local/reviews?placeid=ChIJb_XHoPZ9jxIRHD8UKR6NexA&q=%D9%83%D8%A7%D9%81%D9%8A%D9%87+%D8%B1%D9%8A%D8%B6%D8%A7%E2%80%AD&authuser=0&hl=en&gl=DZ,"36.493802599999995,2.4814544",,Bourkika,"FFVJ+GHG, shr` 'wl nwfmbr",Bourkika,,,DZ,Africa/Algiers,1187698087419985692,0x128f7df6a0c7f56f:0x107b8d1e29143f1c,,,,,,Coffee,,Lunch,,,,Cozy,,Groups,,"Monday: 4 AM-12 PM
Tuesday: 4 AM-12 PM
Wednesday: 4 AM-12 PM
Thursday: 4 AM-12 PM
Friday: 4 AM-12 PM
Saturday: 4 AM-12 PM
Sunday: 4 AM-12 PM",Not Present,Not Present,Good for kids,,,,,
ChIJ-ZS6D6CBhRIRWSSLcjK0-rY,Cafeteria bondi,,False,,,,Cafeteria bondi (Owner),,,Coffee shop,Coffee shop,,,Open All Days,,"GC64+QXV Cafeteria bondi, Rue 1er Novembre, Hadjout, Algeria",,https://www.google.com/maps/place/Caf%C3%A9t%C3%A9ria+bondi/data=!4m7!3m6!1s0x128581a00fba94f9:0xb6fab432728b2459!8m2!3d36.5119911!4d2.4074348!16s%2Fg%2F11kr7wfqmt!19sChIJ-ZS6D6CBhRIRWSSLcjK0-rY?authuser=0&hl=en&rclk=1,,,,,,,,,https://search.google.com/local/reviews?placeid=ChIJ-ZS6D6CBhRIRWSSLcjK0-rY&q=Caf%C3%A9t%C3%A9ria+bondi&authuser=0&hl=en&gl=DZ,"36.511991099999996,2.4074348",,Hadjout,"GC64+QXV, Rue 1er Novembre",Hadjout,,,DZ,Africa/Algiers,13185048987843634265,0x128581a00fba94f9:0xb6fab432728b2459,,,,Takeout,,Coffee,,Lunch,,,,"Casual, Cozy",,Groups,,,Not Present,Not Present,Good for kids,,,,,
ChIJNSxr-5t_hRIRKe333PWvt5M,Cafe L'ekhel,,False,"Name: LS Delights
link: https://www.google.com/maps/search/LS+Delights/@36.589541,2.442296?authuser=0&hl=en&entry=ttu
Reviews: 11 reviews

Name: Cafe El Kenz
link: https://www.google.com/maps/search/Caf%C3%A9+El+Kenz/@36.5874636,2.4501760999999997?authuser=0&hl=en&entry=ttu
Reviews: 1 reviews

Name: Cafeteria Centre-ville
link: https://www.google.com/maps/search/Caf%C3%A9t%C3%A9ria+Centre-ville/@36.591749799999995,2.4500911999999997?authuser=0&hl=en&entry=ttu
Reviews: 1 reviews

Name: Cafeteria el-bahdja
link: https://www.google.com/maps/search/Caf%C3%A9t%C3%A9ria+el-bahdja/@36.5869958,2.4386948?authuser=0&hl=en&entry=ttu
Reviews: 1 reviews",,,Cafe L'ekhel (Owner),,,Coffee shop,Coffee shop,,,Open All Days,,"HCRX+MW6 Cafe L'ekhel, Rue du 1er Novembre, Tipaza, Algeria",,https://www.google.com/maps/place/Caf%C3%A9+L%27ekhel/data=!4m7!3m6!1s0x12857f9bfb6b2c35:0x93b7aff5dcf7ed29!8m2!3d36.5916691!4d2.4497574!16s%2Fg%2F11q33ggmpy!19sChIJNSxr-5t_hRIRKe333PWvt5M?authuser=0&hl=en&rclk=1,,,,,,,,,https://search.google.com/local/reviews?placeid=ChIJNSxr-5t_hRIRKe333PWvt5M&q=Caf%C3%A9+L%27ekhel&authuser=0&hl=en&gl=DZ,"36.5916691,2.4497573999999998",,Tipaza,"HCRX+MW6, Rue du 1er Novembre",Tipaza,,,DZ,Africa/Algiers,10644169714822540585,0x12857f9bfb6b2c35:0x93b7aff5dcf7ed29,,,,,,Coffee,,,,,,,,,,,Not Present,Not Present,,,,,,
