place_id,name,description,is_spending_on_ads,competitors,reviews,website,owner_name,owner_profile_link,featured_image,main_category,categories,rating,workday_timing,closed_on,phone,address,review_keywords,link,status,price_range,reviews_per_rating_1,reviews_per_rating_2,reviews_per_rating_3,reviews_per_rating_4,reviews_per_rating_5,featured_question,reviews_link,coordinates,plus_code,address_ward,address_street,address_city,address_postal_code,address_state,address_country_code,time_zone,cid,data_id,menu_link,reservations,order_online_links,offerings_enabled,offerings_disabled,hours,most_popular_times,popular_times,accessibility_enabled,accessibility_disabled,dining_options_enabled,dining_options_disabled,amenities_enabled,amenities_disabled,atmosphere_enabled,atmosphere_disabled,crowd_enabled,crowd_disabled,children_enabled,children_disabled,service_options_enabled,service_options_disabled,planning_enabled,planning_disabled
ChIJdQ8Yf_HX8BIRmrXtmkZgQCY,Cafe de Baki,,False,"Name: Cafe Meziane
link: https://www.google.com/maps/search/Caf%C3%A9+Meziane/@35.875572,7.119218?authuser=0&hl=en&entry=ttu
Reviews: 1 reviews

Name: Boudiaf Coffee
link: https://www.google.com/maps/search/Boudiaf+Coffee/@35.8708874,7.111150299999999?authuser=0&hl=en&entry=ttu
Reviews: 0 reviews",10,,Cafe de Baki (Owner),,https://lh5.googleusercontent.com/p/AF1QipPBec5CfkICeRu3BFfxFddurn9CgI54uMuLEfTq=w408-h862-k-no,Coffee shop,Coffee shop,4.2,,Open All Days,,"V4C5+FG2 Cafe de Baki, Vers Wilaya, Oum El Bouaghi 04000, Algeria",,https://www.google.com/maps/place/Caf%C3%A9+de+Baki/data=!4m7!3m6!1s0x12f0d7f17f180f75:0x264060469aedb59a!8m2!3d35.8711273!4d7.1087712!16s%2Fg%2F1vmq65qs!19sChIJdQ8Yf_HX8BIRmrXtmkZgQCY?authuser=0&hl=en&rclk=1,,,2,0,0,0,8,,https://search.google.com/local/reviews?placeid=ChIJdQ8Yf_HX8BIRmrXtmkZgQCY&q=Caf%C3%A9+de+Baki&authuser=0&hl=en&gl=US,"35.8711273,7.1087712",,Oum El Bouaghi,"V4C5+FG2, Vers Wilaya",Oum El Bouaghi,04000,,DZ,Africa/Algiers,2756308828313990554,0x12f0d7f17f180f75:0x264060469aedb59a,,,,Coffee,,,Not Present,Not Present,,,,,,,,,,,,,,,,
ChIJKaMhhoHX8BIRyPYb5XCCE7M,Cafe Nassim,,False,"Name: Cafe Meziane
link: https://www.google.com/maps/search/Caf%C3%A9+Meziane/@35.875572,7.119218?authuser=0&hl=en&entry=ttu
Reviews: 1 reviews

Name: mqh~ 'm drmn
link: https://www.google.com/maps/search/%D9%85%D9%82%D9%87%D9%89+%D8%A3%D9%85+%D8%AF%D8%B1%D9%85%D8%A7%D9%86/@35.8768385,7.1247606?authuser=0&hl=en&entry=ttu
Reviews: 0 reviews",9,,Cafe Nassim (Owner),,https://lh5.googleusercontent.com/p/AF1QipP8C_TSIZ5pd-EObRqmud9FDNuB1RPwdtrO9dfa=w408-h544-k-no,Coffee shop,Coffee shop,3.8,,Open All Days,,"V4CM+XGW Cafe Nassim, Oum El Bouaghi, Algeria",,https://www.google.com/maps/place/Caf%C3%A9+Nassim/data=!4m7!3m6!1s0x12f0d7818621a329:0xb3138270e51bf6c8!8m2!3d35.8724841!4d7.1338311!16s%2Fg%2F1tf3kv2g!19sChIJKaMhhoHX8BIRyPYb5XCCE7M?authuser=0&hl=en&rclk=1,,,0,1,2,4,2,,https://search.google.com/local/reviews?placeid=ChIJKaMhhoHX8BIRyPYb5XCCE7M&q=Caf%C3%A9+Nassim&authuser=0&hl=en&gl=US,"35.8724841,7.1338311",,Oum El Bouaghi,V4CM+XGW,Oum El Bouaghi,,,DZ,Africa/Algiers,12903800778738366152,0x12f0d7818621a329:0xb3138270e51bf6c8,,,,Coffee,,,Not Present,Not Present,,,,,,,,,,,,,,,,
ChIJieexeWvX8BIRbQyN-UuF8ew,Papa cafe,,False,"Name: Papa pizza
link: https://www.google.com/maps/search/Papa+pizza/@35.874704799999996,7.119962699999999?authuser=0&hl=en&entry=ttu
Reviews: 28 reviews

Name: Papa Resto
link: https://www.google.com/maps/search/Papa+Resto/@35.873947099999995,7.096460200000001?authuser=0&hl=en&entry=ttu
Reviews: 13 reviews

Name: La Carpa
link: https://www.google.com/maps/search/La+Carpa/@35.8707221,7.1072687?authuser=0&hl=en&entry=ttu
Reviews: 3 reviews",6,,Papa cafe (Owner),,https://lh5.googleusercontent.com/p/AF1QipOoJU46wIUGS1V-5Za91sM9FeCL6URog7W2K_Cv=w408-h306-k-no,Coffee shop,Coffee shop,4,,Open All Days,,"Papa cafe, Main Bus and Taxi Station, Oum El Bouaghi, Algeria",,https://www.google.com/maps/place/Papa+cafe/data=!4m7!3m6!1s0x12f0d76b79b1e789:0xecf1854bf98d0c6d!8m2!3d35.871155!4d7.1085155!16s%2Fg%2F11rjz7d5tk!19sChIJieexeWvX8BIRbQyN-UuF8ew?authuser=0&hl=en&rclk=1,,,1,0,1,0,4,,https://search.google.com/local/reviews?placeid=ChIJieexeWvX8BIRbQyN-UuF8ew&q=Papa+cafe&authuser=0&hl=en&gl=DZ,"35.871155,7.108515499999999","V4C5+FC Oum El Bouaghi, Algeria",Oum El Bouaghi,Main Bus and Taxi Station,Oum El Bouaghi,,,DZ,Africa/Algiers,17073574223694072941,0x12f0d76b79b1e789:0xecf1854bf98d0c6d,,,,"Coffee, Small plates",,,Not Present,Not Present,Wheelchair accessible restroom,,"Lunch, Dinner, Dessert",,Restroom,,Cozy,,Groups,,Good for kids,,,,,
ChIJF9mRPPnX8BIRVHW-KbQgXbI,salon de the Ramses,,False,"Name: Salon de the CAZAVEGA
link: https://www.google.com/maps/search/Salon+de+th%C3%A9+CAZAVEGA/@35.8727106,7.087107?authuser=0&hl=en&entry=ttu
Reviews: 4 reviews

Name: Salon de the rama
link: https://www.google.com/maps/search/Salon+de+th%C3%A9+rama/@35.8679625,7.1133508999999995?authuser=0&hl=en&entry=ttu
Reviews: 2 reviews

Name: Extra Time
link: https://www.google.com/maps/search/Extra+Time/@35.867994599999996,7.103953199999999?authuser=0&hl=en&entry=ttu
Reviews: 2 reviews",6,,salon de the Ramses (Owner),,https://lh5.googleusercontent.com/p/AF1QipPQjd8t273CldissMGptqbk6fMkmAqITwcYtjWN=w408-h544-k-no,Coffee shop,Coffee shop,4.7,,Open All Days,,"V4G5+45Q salon de the Ramses, Oum El Bouaghi, Algeria",,https://www.google.com/maps/place/salon+de+th%C3%A9+Ramses/data=!4m7!3m6!1s0x12f0d7f93c91d917:0xb25d20b429be7554!8m2!3d35.8753296!4d7.1079944!16s%2Fg%2F11p0vvz8c2!19sChIJF9mRPPnX8BIRVHW-KbQgXbI?authuser=0&hl=en&rclk=1,,,0,0,1,0,5,,https://search.google.com/local/reviews?placeid=ChIJF9mRPPnX8BIRVHW-KbQgXbI&q=salon+de+th%C3%A9+Ramses&authuser=0&hl=en&gl=DZ,"35.8753296,7.1079944",,Oum El Bouaghi,V4G5+45Q,Oum El Bouaghi,,,DZ,Africa/Algiers,12852464869751813460,0x12f0d7f93c91d917:0xb25d20b429be7554,,,,Coffee,,,Not Present,Not Present,,,Breakfast,,Restroom,,,,Groups,,,,,,,
ChIJ2ZPV86wp8RIRElo7cGNGy8A,Salon de the CAZAVEGA,,False,"Name: salon de the Ramses
link: https://www.google.com/maps/search/salon+de+th%C3%A9+Ramses/@35.87532960000001,7.1079944?authuser=0&hl=en&entry=ttu
Reviews: 6 reviews

Name: Extra Time
link: https://www.google.com/maps/search/Extra+Time/@35.867994599999996,7.103953199999999?authuser=0&hl=en&entry=ttu
Reviews: 2 reviews

Name: Salon de the rama
link: https://www.google.com/maps/search/Salon+de+th%C3%A9+rama/@35.8679625,7.1133508999999995?authuser=0&hl=en&entry=ttu
Reviews: 2 reviews

Name: yacine chanai wrsh@
link: https://www.google.com/maps/search/yacine+chanai+%D9%88%D8%B1%D8%B4%D8%A9/@35.870328,7.087487?authuser=0&hl=en&entry=ttu
Reviews: 1 reviews",4,,Salon de the CAZAVEGA (Owner),,https://lh5.googleusercontent.com/p/AF1QipMbLjwWZb3h5dVm2CYahL2SV2L8rUpYtIFJshha=w427-h240-k-no,Coffee store,Coffee store,5,5 AM-12 AM,Open All Days,+213 550 03 85 37,"V3FP+3RQ Salon de the CAZAVEGA, Le Pole Urbain Macomades, Oum El Bouaghi 04000, Algeria",,https://www.google.com/maps/place/Salon+de+th%C3%A9+CAZAVEGA/data=!4m7!3m6!1s0x12f129acf3d593d9:0xc0cb4663703b5a12!8m2!3d35.8727106!4d7.087107!16s%2Fg%2F11j3qz8b7w!19sChIJ2ZPV86wp8RIRElo7cGNGy8A?authuser=0&hl=en&rclk=1,Open  Closes 12 AM,,0,0,0,0,4,,https://search.google.com/local/reviews?placeid=ChIJ2ZPV86wp8RIRElo7cGNGy8A&q=Salon+de+th%C3%A9+CAZAVEGA&authuser=0&hl=en&gl=DZ,"35.8727106,7.087107",,Oum El Bouaghi,"V3FP+3RQ, Le Pole Urbain Macomades",Oum El Bouaghi,04000,,DZ,Africa/Algiers,13892274868453071378,0x12f129acf3d593d9:0xc0cb4663703b5a12,,,,,,"Monday: 5 AM-12 AM
Tuesday: 5 AM-12 AM
Wednesday: 5 AM-12 AM
Thursday: 5 AM-12 AM
Friday: 5 AM-12 AM
Saturday: 5 AM-12 AM
Sunday: 5 AM-12 AM","10 PM, 11 PM, 5 AM
---
Time Label: 10 PM
Average Popularity: 38.57142857142857

Time Label: 11 PM
Average Popularity: 38.57142857142857

Time Label: 5 AM
Average Popularity: 32.857142857142854","Monday:
    4 AM: 0% | Idle
    5 AM: 10% | Usually not busy
    6 AM: 30% | Usually not too busy
    7 AM: 10% | Usually not busy
    8 AM: 0% | Idle
    9 AM: 0% | Idle
    10 AM: 10% | Usually not busy
    11 AM: 20% | Usually not busy
    12 PM: 20% | Usually not busy
    1 PM: 30% | Usually not too busy
    2 PM: 20% | Usually not busy
    3 PM: 40% | Usually not too busy
    4 PM: 30% | Usually not too busy
    5 PM: 40% | Usually not too busy
    6 PM: 30% | Usually not too busy
    7 PM: 40% | Usually not too busy
    8 PM: 20% | Usually not busy
    9 PM: 40% | Usually not too busy
    10 PM: 30% | Usually not too busy
    11 PM: 10% | Usually not busy

Tuesday:
    4 AM: 0% | Idle
    5 AM: 10% | Usually not busy
    6 AM: 30% | Usually not too busy
    7 AM: 40% | Usually not too busy
    8 AM: 40% | Usually not too busy
    9 AM: 10% | Usually not busy
    10 AM: 0% | Idle
    11 AM: 0% | Idle
    12 PM: 0% | Idle
    1 PM: 20% | Usually not busy
    2 PM: 30% | Usually not too busy
    3 PM: 10% | Usually not busy
    4 PM: 0% | Idle
    5 PM: 0% | Idle
    6 PM: 0% | Idle
    7 PM: 10% | Usually not busy
    8 PM: 30% | Usually not too busy
    9 PM: 20% | Usually not busy
    10 PM: 30% | Usually not too busy
    11 PM: 60% | Usually a little busy

Wednesday:
    4 AM: 0% | Idle
    5 AM: 10% | Usually not busy
    6 AM: 30% | Usually not too busy
    7 AM: 30% | Usually not too busy
    8 AM: 20% | Usually not busy
    9 AM: 20% | Usually not busy
    10 AM: 10% | Usually not busy
    11 AM: 10% | Usually not busy
    12 PM: 20% | Usually not busy
    1 PM: 10% | Usually not busy
    2 PM: 10% | Usually not busy
    3 PM: 40% | Usually not too busy
    4 PM: 80% | Usually a little busy
    5 PM: 100% | Usually as busy as it gets
    6 PM: 50% | Usually not too busy
    7 PM: 20% | Usually not busy
    8 PM: 0% | Idle
    9 PM: 10% | Usually not busy
    10 PM: 20% | Usually not busy
    11 PM: 20% | Usually not busy

Thursday:
    4 AM: 0% | Idle
    5 AM: 30% | Usually not too busy
    6 AM: 20% | Usually not busy
    7 AM: 30% | Usually not too busy
    8 AM: 50% | Usually not too busy
    9 AM: 50% | Usually not too busy
    10 AM: 50% | Usually not too busy
    11 AM: 30% | Usually not too busy
    12 PM: 10% | Usually not busy
    1 PM: 0% | Idle
    2 PM: 0% | Idle
    3 PM: 10% | Usually not busy
    4 PM: 20% | Usually not busy
    5 PM: 10% | Usually not busy
    6 PM: 0% | Idle
    7 PM: 10% | Usually not busy
    8 PM: 30% | Usually not too busy
    9 PM: 50% | Usually not too busy
    10 PM: 30% | Usually not too busy
    11 PM: 10% | Usually not busy

Friday:
    4 AM: 0% | Idle
    5 AM: 60% | Usually a little busy
    6 AM: 20% | Usually not busy
    7 AM: 10% | Usually not busy
    8 AM: 30% | Usually not too busy
    9 AM: 40% | Usually not too busy
    10 AM: 40% | Usually not too busy
    11 AM: 70% | Usually a little busy
    12 PM: 50% | Usually not too busy
    1 PM: 50% | Usually not too busy
    2 PM: 20% | Usually not busy
    3 PM: 10% | Usually not busy
    4 PM: 20% | Usually not busy
    5 PM: 30% | Usually not too busy
    6 PM: 20% | Usually not busy
    7 PM: 10% | Usually not busy
    8 PM: 30% | Usually not too busy
    9 PM: 60% | Usually a little busy
    10 PM: 80% | Usually a little busy
    11 PM: 90% | Usually as busy as it gets

Saturday:
    4 AM: 0% | Idle
    5 AM: 20% | Usually not busy
    6 AM: 20% | Usually not busy
    7 AM: 10% | Usually not busy
    8 AM: 10% | Usually not busy
    9 AM: 0% | Idle
    10 AM: 0% | Idle
    11 AM: 0% | Idle
    12 PM: 0% | Idle
    1 PM: 0% | Idle
    2 PM: 0% | Idle
    3 PM: 0% | Idle
    4 PM: 0% | Idle
    5 PM: 0% | Idle
    6 PM: 20% | Usually not busy
    7 PM: 40% | Usually not too busy
    8 PM: 30% | Usually not too busy
    9 PM: 20% | Usually not busy
    10 PM: 20% | Usually not busy
    11 PM: 10% | Usually not busy

Sunday:
    4 AM: 0% | Idle
    5 AM: 90% | Usually as busy as it gets
    6 AM: 40% | Usually not too busy
    7 AM: 20% | Usually not busy
    8 AM: 0% | Idle
    9 AM: 10% | Usually not busy
    10 AM: 30% | Usually not too busy
    11 AM: 40% | Usually not too busy
    12 PM: 20% | Usually not busy
    1 PM: 10% | Usually not busy
    2 PM: 0% | Idle
    3 PM: 0% | Idle
    4 PM: 0% | Idle
    5 PM: 0% | Idle
    6 PM: 10% | Usually not busy
    7 PM: 30% | Usually not too busy
    8 PM: 20% | Usually not busy
    9 PM: 30% | Usually not too busy
    10 PM: 60% | Usually a little busy
    11 PM: 70% | Usually a little busy",,,,,,,,,,,,,,,,
ChIJ_6MwsE_X8BIRhVYiHIVOgZU,mqh~ bwdb smy,,False,"Name: mqh~ bwzyd `ys~
link: https://www.google.com/maps/search/%D9%85%D9%82%D9%87%D9%89+%D8%A8%D9%88%D8%B2%D9%8A%D8%AF+%D8%B9%D9%8A%D8%B3%D9%89/@35.8748226,7.118611899999999?authuser=0&hl=en&entry=ttu
Reviews: 0 reviews

Name: mqh~ zytwny
link: https://www.google.com/maps/search/%D9%85%D9%82%D9%87%D9%89+%D8%B2%D9%8A%D8%AA%D9%88%D9%86%D9%8A/@35.882848300000006,7.1014465?authuser=0&hl=en&entry=ttu
Reviews: 0 reviews",3,,mqh~ bwdb smy (Owner),https://www.google.com/maps/contrib/118298620967184154547,https://lh5.googleusercontent.com/p/AF1QipO-sn2A5B16Td9NzLlfd9G_RElyWX6JaQCKuNaB=w408-h307-k-no,Coffee shop,Coffee shop,4.7,3:30 AM-11 PM,Open All Days,+213 783 99 17 17,"V3CX+526 mqh~ bwdb smy, Oum El Bouaghi, Algeria",,https://www.google.com/maps/place/%D9%85%D9%82%D9%87%D9%89+%D8%A8%D9%88%D8%AF%D8%A7%D8%A8+%D8%B3%D8%A7%D9%85%D9%8A%E2%80%AD/data=!4m7!3m6!1s0x12f0d74fb030a3ff:0x95814e851c225685!8m2!3d35.8704067!4d7.0975101!16s%2Fg%2F11k4k5vl2m!19sChIJ_6MwsE_X8BIRhVYiHIVOgZU?authuser=0&hl=en&rclk=1,Open  Closes 11 PM,,0,0,0,1,2,,https://search.google.com/local/reviews?placeid=ChIJ_6MwsE_X8BIRhVYiHIVOgZU&q=%D9%85%D9%82%D9%87%D9%89+%D8%A8%D9%88%D8%AF%D8%A7%D8%A8+%D8%B3%D8%A7%D9%85%D9%8A%E2%80%AD&authuser=0&hl=en&gl=DZ,"35.8704067,7.0975101",,Oum El Bouaghi,V3CX+526,Oum El Bouaghi,,,DZ,Africa/Algiers,10772978117256566405,0x12f0d74fb030a3ff:0x95814e851c225685,,,,Coffee,,"Monday: 3:30 AM-11 PM
Tuesday: 3:30 AM-11 PM
Wednesday: 3:30 AM-11 PM
Thursday: 3:30 AM-11 PM
Friday: 3:30 AM-11 PM
Saturday: 3:30 AM-11 PM
Sunday: 3:30 AM-11 PM","10 AM, 9 PM, 9 AM
---
Time Label: 10 AM
Average Popularity: 38.57142857142857

Time Label: 9 PM
Average Popularity: 34.285714285714285

Time Label: 9 AM
Average Popularity: 32.857142857142854","Monday:
    2 AM: 0% | Idle
    3 AM: 40% | Usually not too busy
    4 AM: 0% | Idle
    5 AM: 0% | Idle
    6 AM: 0% | Idle
    7 AM: 10% | Usually not busy
    8 AM: 30% | Usually not too busy
    9 AM: 30% | Usually not too busy
    10 AM: 10% | Usually not busy
    11 AM: 0% | Idle
    12 PM: 0% | Idle
    1 PM: 0% | Idle
    2 PM: 0% | Idle
    3 PM: 0% | Idle
    4 PM: 0% | Idle
    5 PM: 0% | Idle
    6 PM: 0% | Idle
    7 PM: 0% | Idle
    8 PM: 0% | Idle
    9 PM: 0% | Idle
    10 PM: 10% | Usually not busy

Tuesday:
    2 AM: 0% | Idle
    3 AM: 10% | Usually not busy
    4 AM: 40% | Usually not too busy
    5 AM: 20% | Usually not busy
    6 AM: 10% | Usually not busy
    7 AM: 0% | Idle
    8 AM: 10% | Usually not busy
    9 AM: 30% | Usually not too busy
    10 AM: 10% | Usually not busy
    11 AM: 0% | Idle
    12 PM: 0% | Idle
    1 PM: 10% | Usually not busy
    2 PM: 0% | Idle
    3 PM: 10% | Usually not busy
    4 PM: 0% | Idle
    5 PM: 0% | Idle
    6 PM: 0% | Idle
    7 PM: 0% | Idle
    8 PM: 0% | Idle
    9 PM: 10% | Usually not busy
    10 PM: 20% | Usually not busy

Wednesday:
    2 AM: 0% | Idle
    3 AM: 30% | Usually not too busy
    4 AM: 10% | Usually not busy
    5 AM: 0% | Idle
    6 AM: 0% | Idle
    7 AM: 10% | Usually not busy
    8 AM: 0% | Idle
    9 AM: 10% | Usually not busy
    10 AM: 20% | Usually not busy
    11 AM: 20% | Usually not busy
    12 PM: 20% | Usually not busy
    1 PM: 20% | Usually not busy
    2 PM: 20% | Usually not busy
    3 PM: 10% | Usually not busy
    4 PM: 10% | Usually not busy
    5 PM: 20% | Usually not busy
    6 PM: 50% | Usually not too busy
    7 PM: 40% | Usually not too busy
    8 PM: 20% | Usually not busy
    9 PM: 0% | Idle
    10 PM: 0% | Idle

Thursday:
    2 AM: 0% | Idle
    3 AM: 30% | Usually not too busy
    4 AM: 0% | Idle
    5 AM: 0% | Idle
    6 AM: 0% | Idle
    7 AM: 10% | Usually not busy
    8 AM: 50% | Usually not too busy
    9 AM: 60% | Usually a little busy
    10 AM: 70% | Usually a little busy
    11 AM: 30% | Usually not too busy
    12 PM: 10% | Usually not busy
    1 PM: 0% | Idle
    2 PM: 10% | Usually not busy
    3 PM: 20% | Usually not busy
    4 PM: 40% | Usually not too busy
    5 PM: 40% | Usually not too busy
    6 PM: 30% | Usually not too busy
    7 PM: 50% | Usually not too busy
    8 PM: 50% | Usually not too busy
    9 PM: 70% | Usually a little busy
    10 PM: 30% | Usually not too busy

Friday:
    2 AM: 0% | Idle
    3 AM: 0% | Idle
    4 AM: 0% | Idle
    5 AM: 0% | Idle
    6 AM: 10% | Usually not busy
    7 AM: 30% | Usually not too busy
    8 AM: 50% | Usually not too busy
    9 AM: 40% | Usually not too busy
    10 AM: 30% | Usually not too busy
    11 AM: 20% | Usually not busy
    12 PM: 40% | Usually not too busy
    1 PM: 20% | Usually not busy
    2 PM: 10% | Usually not busy
    3 PM: 0% | Idle
    4 PM: 0% | Idle
    5 PM: 0% | Idle
    6 PM: 10% | Usually not busy
    7 PM: 20% | Usually not busy
    8 PM: 10% | Usually not busy
    9 PM: 10% | Usually not busy
    10 PM: 20% | Usually not busy

Saturday:
    2 AM: 0% | Idle
    3 AM: 0% | Idle
    4 AM: 10% | Usually not busy
    5 AM: 20% | Usually not busy
    6 AM: 50% | Usually not too busy
    7 AM: 20% | Usually not busy
    8 AM: 10% | Usually not busy
    9 AM: 10% | Usually not busy
    10 AM: 30% | Usually not too busy
    11 AM: 20% | Usually not busy
    12 PM: 20% | Usually not busy
    1 PM: 40% | Usually not too busy
    2 PM: 20% | Usually not busy
    3 PM: 10% | Usually not busy
    4 PM: 0% | Idle
    5 PM: 10% | Usually not busy
    6 PM: 20% | Usually not busy
    7 PM: 60% | Usually a little busy
    8 PM: 60% | Usually a little busy
    9 PM: 70% | Usually a little busy
    10 PM: 20% | Usually not busy

Sunday:
    2 AM: 0% | Idle
    3 AM: 0% | Idle
    4 AM: 60% | Usually a little busy
    5 AM: 80% | Usually a little busy
    6 AM: 50% | Usually not too busy
    7 AM: 20% | Usually not busy
    8 AM: 20% | Usually not busy
    9 AM: 50% | Usually not too busy
    10 AM: 100% | Usually as busy as it gets
    11 AM: 70% | Usually a little busy
    12 PM: 30% | Usually not too busy
    1 PM: 0% | Idle
    2 PM: 0% | Idle
    3 PM: 0% | Idle
    4 PM: 10% | Usually not busy
    5 PM: 0% | Idle
    6 PM: 0% | Idle
    7 PM: 20% | Usually not busy
    8 PM: 50% | Usually not too busy
    9 PM: 80% | Usually a little busy
    10 PM: 60% | Usually a little busy",,,"Lunch, Dessert",,Restroom,,,,Groups,,,,Dine-in,,,
ChIJT40LSMbX8BIRKOInQOljlhI,Patisserie sirine,,False,"Name: nSry mlk
link: https://www.google.com/maps/search/%D9%86%D8%A7%D8%B5%D8%B1%D9%8A+%D9%85%D8%A7%D9%84%D9%83/@35.869268,7.0966306?authuser=0&hl=en&entry=ttu
Reviews: 4 reviews

Name: Nuttela pluse+
link: https://www.google.com/maps/search/Nuttela+pluse%2B/@35.8707411,7.1131303?authuser=0&hl=en&entry=ttu
Reviews: 1 reviews",2,,Patisserie sirine (Owner),,https://lh5.googleusercontent.com/p/AF1QipP6LydR1kpwfDtPYPaWE54SQ6UAR4yxkrab5yBY=w408-h306-k-no,Coffee shop,Coffee shop,4.5,Open 24 hours,Friday,+213 671 96 01 92,"V3CW+2X3 Patisserie sirine, Unnamed Road, Oum El Bouaghi, Algeria",,https://www.google.com/maps/place/P%C3%A2tisserie+sirine/data=!4m7!3m6!1s0x12f0d7c6480b8d4f:0x129663e94027e228!8m2!3d35.8700145!4d7.0974144!16s%2Fg%2F11np0gtcvc!19sChIJT40LSMbX8BIRKOInQOljlhI?authuser=0&hl=en&rclk=1,Open 24 hours,,0,0,0,1,1,,https://search.google.com/local/reviews?placeid=ChIJT40LSMbX8BIRKOInQOljlhI&q=P%C3%A2tisserie+sirine&authuser=0&hl=en&gl=DZ,"35.870014499999996,7.0974144",,Oum El Bouaghi,"V3CW+2X3, Unnamed Road",Oum El Bouaghi,,,DZ,Africa/Algiers,1339367792644186664,0x12f0d7c6480b8d4f:0x129663e94027e228,,,,"Coffee, Small plates",,"Monday: Open 24 hours
Tuesday: Open 24 hours
Wednesday: Open 24 hours
Thursday: Open 24 hours
Friday: Closed
Saturday: Open 24 hours
Sunday: Open 24 hours","12 PM, 10 AM, 11 AM
---
Time Label: 12 PM
Average Popularity: 40.0

Time Label: 10 AM
Average Popularity: 35.0

Time Label: 11 AM
Average Popularity: 35.0","Monday:
    12 AM: 0% | Idle
    1 AM: 0% | Idle
    2 AM: 10% | Usually not busy
    3 AM: 0% | Idle
    4 AM: 20% | Usually not busy
    5 AM: 30% | Usually not too busy
    6 AM: 40% | Usually not too busy
    7 AM: 10% | Usually not busy
    8 AM: 10% | Usually not busy
    9 AM: 30% | Usually not too busy
    10 AM: 40% | Usually not too busy
    11 AM: 10% | Usually not busy
    12 PM: 10% | Usually not busy
    1 PM: 20% | Usually not busy
    2 PM: 10% | Usually not busy
    3 PM: 0% | Idle
    4 PM: 0% | Idle
    5 PM: 10% | Usually not busy
    6 PM: 20% | Usually not busy
    7 PM: 20% | Usually not busy
    8 PM: 20% | Usually not busy
    9 PM: 10% | Usually not busy
    10 PM: 0% | Idle
    11 PM: 0% | Idle

Tuesday:
    12 AM: 0% | Idle
    1 AM: 0% | Idle
    2 AM: 20% | Usually not busy
    3 AM: 20% | Usually not busy
    4 AM: 10% | Usually not busy
    5 AM: 30% | Usually not too busy
    6 AM: 10% | Usually not busy
    7 AM: 0% | Idle
    8 AM: 20% | Usually not busy
    9 AM: 60% | Usually a little busy
    10 AM: 70% | Usually a little busy
    11 AM: 40% | Usually not too busy
    12 PM: 30% | Usually not too busy
    1 PM: 20% | Usually not busy
    2 PM: 20% | Usually not busy
    3 PM: 20% | Usually not busy
    4 PM: 20% | Usually not busy
    5 PM: 10% | Usually not busy
    6 PM: 20% | Usually not busy
    7 PM: 50% | Usually not too busy
    8 PM: 50% | Usually not too busy
    9 PM: 30% | Usually not too busy
    10 PM: 30% | Usually not too busy
    11 PM: 50% | Usually not too busy

Wednesday:
    12 AM: 60% | Usually a little busy
    1 AM: 40% | Usually not too busy
    2 AM: 10% | Usually not busy
    3 AM: 0% | Idle
    4 AM: 30% | Usually not too busy
    5 AM: 10% | Usually not busy
    6 AM: 0% | Idle
    7 AM: 10% | Usually not busy
    8 AM: 20% | Usually not busy
    9 AM: 10% | Usually not busy
    10 AM: 20% | Usually not busy
    11 AM: 50% | Usually not too busy
    12 PM: 90% | Usually as busy as it gets
    1 PM: 50% | Usually not too busy
    2 PM: 60% | Usually a little busy
    3 PM: 50% | Usually not too busy
    4 PM: 70% | Usually a little busy
    5 PM: 30% | Usually not too busy
    6 PM: 10% | Usually not busy
    7 PM: 10% | Usually not busy
    8 PM: 30% | Usually not too busy
    9 PM: 60% | Usually a little busy
    10 PM: 40% | Usually not too busy
    11 PM: 30% | Usually not too busy

Thursday:
    12 AM: 50% | Usually not too busy
    1 AM: 20% | Usually not busy
    2 AM: 20% | Usually not busy
    3 AM: 30% | Usually not too busy
    4 AM: 30% | Usually not too busy
    5 AM: 40% | Usually not too busy
    6 AM: 20% | Usually not busy
    7 AM: 10% | Usually not busy
    8 AM: 0% | Idle
    9 AM: 0% | Idle
    10 AM: 10% | Usually not busy
    11 AM: 30% | Usually not too busy
    12 PM: 50% | Usually not too busy
    1 PM: 20% | Usually not busy
    2 PM: 20% | Usually not busy
    3 PM: 30% | Usually not too busy
    4 PM: 10% | Usually not busy
    5 PM: 0% | Idle
    6 PM: 10% | Usually not busy
    7 PM: 30% | Usually not too busy
    8 PM: 70% | Usually a little busy
    9 PM: 60% | Usually a little busy
    10 PM: 20% | Usually not busy
    11 PM: 10% | Usually not busy

Saturday:
    12 AM: 60% | Usually a little busy
    1 AM: 30% | Usually not too busy
    2 AM: 0% | Idle
    3 AM: 10% | Usually not busy
    4 AM: 10% | Usually not busy
    5 AM: 0% | Idle
    6 AM: 0% | Idle
    7 AM: 0% | Idle
    8 AM: 0% | Idle
    9 AM: 0% | Idle
    10 AM: 10% | Usually not busy
    11 AM: 20% | Usually not busy
    12 PM: 40% | Usually not too busy
    1 PM: 30% | Usually not too busy
    2 PM: 20% | Usually not busy
    3 PM: 0% | Idle
    4 PM: 0% | Idle
    5 PM: 0% | Idle
    6 PM: 10% | Usually not busy
    7 PM: 20% | Usually not busy
    8 PM: 10% | Usually not busy
    9 PM: 10% | Usually not busy
    10 PM: 20% | Usually not busy
    11 PM: 10% | Usually not busy

Sunday:
    12 AM: 0% | Idle
    1 AM: 10% | Usually not busy
    2 AM: 0% | Idle
    3 AM: 0% | Idle
    4 AM: 0% | Idle
    5 AM: 0% | Idle
    6 AM: 0% | Idle
    7 AM: 30% | Usually not too busy
    8 AM: 60% | Usually a little busy
    9 AM: 100% | Usually as busy as it gets
    10 AM: 60% | Usually a little busy
    11 AM: 60% | Usually a little busy
    12 PM: 20% | Usually not busy
    1 PM: 10% | Usually not busy
    2 PM: 0% | Idle
    3 PM: 0% | Idle
    4 PM: 10% | Usually not busy
    5 PM: 10% | Usually not busy
    6 PM: 0% | Idle
    7 PM: 10% | Usually not busy
    8 PM: 30% | Usually not too busy
    9 PM: 20% | Usually not busy
    10 PM: 0% | Idle
    11 PM: 0% | Idle","Wheelchair accessible parking lot, Wheelchair accessible seating",,"Breakfast, Brunch, Lunch, Dinner, Dessert",,Restroom,,Cozy,,Groups,,Good for kids,,Dine-in,,,
ChIJt4hCkjXX8BIR_1RSHX8cqpw,Nuttela pluse+,,False,"Name: Patisserie Orientale
link: https://www.google.com/maps/search/P%C3%A2tisserie+Orientale/@35.8703548,7.1139337?authuser=0&hl=en&entry=ttu
Reviews: 4 reviews

Name: nSry mlk
link: https://www.google.com/maps/search/%D9%86%D8%A7%D8%B5%D8%B1%D9%8A+%D9%85%D8%A7%D9%84%D9%83/@35.869268,7.0966306?authuser=0&hl=en&entry=ttu
Reviews: 4 reviews

Name: Patisserie sirine
link: https://www.google.com/maps/search/P%C3%A2tisserie+sirine/@35.870014499999996,7.0974144?authuser=0&hl=en&entry=ttu
Reviews: 2 reviews

Name: Delice
link: https://www.google.com/maps/search/D%C3%A9lice/@35.8660382,7.11478?authuser=0&hl=en&entry=ttu
Reviews: 2 reviews

Name: Delice Mama
link: https://www.google.com/maps/search/D%C3%A9lice+Mama/@35.8731653,7.1172949?authuser=0&hl=en&entry=ttu
Reviews: 0 reviews",1,,Nuttela pluse+ (Owner),https://www.google.com/maps/contrib/101793215270699387697,,Coffee shop,Coffee shop,5,8 AM-7 PM,Friday,+213 675 54 82 05,"Nuttela pluse+, La cite, Oum El Bouaghi 04000, Algeria",,https://www.google.com/maps/place/Nuttela+pluse%2B/data=!4m7!3m6!1s0x12f0d735924288b7:0x9caa1c7f1d5254ff!8m2!3d35.8707411!4d7.1131303!16s%2Fg%2F11q3tj1n4q!19sChIJt4hCkjXX8BIR_1RSHX8cqpw?authuser=0&hl=en&rclk=1,Open  Closes 7 PM,,0,0,0,0,1,,https://search.google.com/local/reviews?placeid=ChIJt4hCkjXX8BIR_1RSHX8cqpw&q=Nuttela+pluse%2B&authuser=0&hl=en&gl=DZ,"35.8707411,7.1131303","V4C7+77 Oum El Bouaghi, Algeria",Oum El Bouaghi,La cite,Oum El Bouaghi,04000,,DZ,Africa/Algiers,11288866748235928831,0x12f0d735924288b7:0x9caa1c7f1d5254ff,,,,Coffee,,"Monday: 8 AM-7 PM
Tuesday: 8 AM-7 PM
Wednesday: 8 AM-7 PM
Thursday: 8 AM-7 PM
Friday: Closed
Saturday: 8 AM-7 PM
Sunday: 8 AM-7 PM",Not Present,Not Present,,,,,,,,,Groups,,Good for kids,,Takeout,,,
ChIJQ2AVVJbX8BIRFNj_0ms8fO0,Koisque kalli,,False,,1,,Koisque kalli (Owner),,,Coffee shop,Coffee shop,5,,Open All Days,,"V4G7+7XP Koisque kalli, Rue Meriso, Oum El Bouaghi 04000, Algeria",,https://www.google.com/maps/place/Koisque+kalli/data=!4m7!3m6!1s0x12f0d79654156043:0xed7c3c6bd2ffd814!8m2!3d35.8757142!4d7.1149514!16s%2Fg%2F11kq2zljt_!19sChIJQ2AVVJbX8BIRFNj_0ms8fO0?authuser=0&hl=en&rclk=1,,,0,0,0,0,1,,https://search.google.com/local/reviews?placeid=ChIJQ2AVVJbX8BIRFNj_0ms8fO0&q=Koisque+kalli&authuser=0&hl=en&gl=US,"35.8757142,7.1149514",,Oum El Bouaghi,"V4G7+7XP, Rue Meriso",Oum El Bouaghi,04000,,DZ,Africa/Algiers,17112619117900191764,0x12f0d79654156043:0xed7c3c6bd2ffd814,,,,"Coffee, Small plates",,,Not Present,Not Present,,,"Lunch, Dinner, Catering, Dessert",,Restroom,,Cozy,,Groups,,Good for kids,,"Takeout, Dine-in",,Accepts reservations,
ChIJlck30JzX8BIRoo8m1YrmbWk,Caferia la roseraie,,False,"Name: Salah
link: https://www.google.com/maps/search/Salah/@35.8688789,7.110826599999999?authuser=0&hl=en&entry=ttu
Reviews: 1 reviews",1,,Caferia la roseraie (Owner),,https://lh5.googleusercontent.com/p/AF1QipPbM2fJpHGuTWlBxIzjarzoYl-PyrRIGZYpJO6p=w426-h240-k-no,Coffee shop,Coffee shop,5,6 AM-8 PM,Open All Days,,"V39V+RF6 Caferia la roseraie, Oum El Bouaghi, Algeria",,https://www.google.com/maps/place/Caferia+la+roseraie/data=!4m7!3m6!1s0x12f0d79cd037c995:0x696de68ad5268fa2!8m2!3d35.8695911!4d7.0936903!16s%2Fg%2F11srxv1jx1!19sChIJlck30JzX8BIRoo8m1YrmbWk?authuser=0&hl=en&rclk=1,Open  Closes 8 PM,,0,0,0,0,1,,https://search.google.com/local/reviews?placeid=ChIJlck30JzX8BIRoo8m1YrmbWk&q=Caferia+la+roseraie&authuser=0&hl=en&gl=DZ,"35.8695911,7.0936903",,Oum El Bouaghi,V39V+RF6,Oum El Bouaghi,,,DZ,Africa/Algiers,7596981630399844258,0x12f0d79cd037c995:0x696de68ad5268fa2,,,,Coffee,,"Monday: 6 AM-8 PM
Tuesday: 6 AM-8 PM
Wednesday: 6 AM-8 PM
Thursday: 6 AM-8 PM
Friday: 6 AM-8 PM
Saturday: 6 AM-8 PM
Sunday: 6 AM-8 PM","3 PM, 2 PM, 7 AM
---
Time Label: 3 PM
Average Popularity: 40.857142857142854

Time Label: 2 PM
Average Popularity: 39.0

Time Label: 7 AM
Average Popularity: 35.57142857142857","Monday:
    5 AM: 0% | Idle
    6 AM: 0% | Idle
    7 AM: 12% | Usually not busy
    8 AM: 25% | Usually not too busy
    9 AM: 50% | Usually not too busy
    10 AM: 25% | Usually not too busy
    11 AM: 25% | Usually not too busy
    12 PM: 37% | Usually not too busy
    1 PM: 87% | Usually as busy as it gets
    2 PM: 87% | Usually as busy as it gets
    3 PM: 62% | Usually a little busy
    4 PM: 75% | Usually a little busy
    5 PM: 37% | Usually not too busy
    6 PM: 37% | Usually not too busy
    7 PM: 50% | Usually not too busy
    8 PM: 0% | Idle
    9 PM: 0% | Idle
    10 PM: 0% | Idle

Tuesday:
    5 AM: 0% | Idle
    6 AM: 25% | Usually not too busy
    7 AM: 50% | Usually not too busy
    8 AM: 37% | Usually not too busy
    9 AM: 37% | Usually not too busy
    10 AM: 37% | Usually not too busy
    11 AM: 25% | Usually not too busy
    12 PM: 12% | Usually not busy
    1 PM: 0% | Idle
    2 PM: 0% | Idle
    3 PM: 0% | Idle
    4 PM: 0% | Idle
    5 PM: 12% | Usually not busy
    6 PM: 37% | Usually not too busy
    7 PM: 37% | Usually not too busy
    8 PM: 0% | Idle
    9 PM: 0% | Idle
    10 PM: 0% | Idle

Wednesday:
    5 AM: 0% | Idle
    6 AM: 25% | Usually not too busy
    7 AM: 50% | Usually not too busy
    8 AM: 75% | Usually a little busy
    9 AM: 25% | Usually not too busy
    10 AM: 25% | Usually not too busy
    11 AM: 37% | Usually not too busy
    12 PM: 37% | Usually not too busy
    1 PM: 37% | Usually not too busy
    2 PM: 50% | Usually not too busy
    3 PM: 100% | Usually as busy as it gets
    4 PM: 50% | Usually not too busy
    5 PM: 25% | Usually not too busy
    6 PM: 0% | Idle
    7 PM: 12% | Usually not busy
    8 PM: 0% | Idle
    9 PM: 0% | Idle
    10 PM: 0% | Idle

Thursday:
    5 AM: 0% | Idle
    6 AM: 0% | Idle
    7 AM: 12% | Usually not busy
    8 AM: 25% | Usually not too busy
    9 AM: 12% | Usually not busy
    10 AM: 0% | Idle
    11 AM: 0% | Idle
    12 PM: 0% | Idle
    1 PM: 0% | Idle
    2 PM: 12% | Usually not busy
    3 PM: 12% | Usually not busy
    4 PM: 37% | Usually not too busy
    5 PM: 12% | Usually not busy
    6 PM: 0% | Idle
    7 PM: 0% | Idle
    8 PM: 0% | Idle
    9 PM: 0% | Idle
    10 PM: 0% | Idle

Friday:
    5 AM: 0% | Idle
    6 AM: 0% | Idle
    7 AM: 25% | Usually not too busy
    8 AM: 37% | Usually not too busy
    9 AM: 75% | Usually a little busy
    10 AM: 87% | Usually as busy as it gets
    11 AM: 62% | Usually a little busy
    12 PM: 62% | Usually a little busy
    1 PM: 25% | Usually not too busy
    2 PM: 12% | Usually not busy
    3 PM: 0% | Idle
    4 PM: 0% | Idle
    5 PM: 0% | Idle
    6 PM: 25% | Usually not too busy
    7 PM: 50% | Usually not too busy
    8 PM: 0% | Idle
    9 PM: 0% | Idle
    10 PM: 0% | Idle

Saturday:
    5 AM: 0% | Idle
    6 AM: 12% | Usually not busy
    7 AM: 25% | Usually not too busy
    8 AM: 12% | Usually not busy
    9 AM: 12% | Usually not busy
    10 AM: 37% | Usually not too busy
    11 AM: 12% | Usually not busy
    12 PM: 12% | Usually not busy
    1 PM: 50% | Usually not too busy
    2 PM: 87% | Usually as busy as it gets
    3 PM: 50% | Usually not too busy
    4 PM: 62% | Usually a little busy
    5 PM: 37% | Usually not too busy
    6 PM: 12% | Usually not busy
    7 PM: 25% | Usually not too busy
    8 PM: 0% | Idle
    9 PM: 0% | Idle
    10 PM: 0% | Idle

Sunday:
    5 AM: 0% | Idle
    6 AM: 62% | Usually a little busy
    7 AM: 75% | Usually a little busy
    8 AM: 25% | Usually not too busy
    9 AM: 12% | Usually not busy
    10 AM: 12% | Usually not busy
    11 AM: 37% | Usually not too busy
    12 PM: 12% | Usually not busy
    1 PM: 12% | Usually not busy
    2 PM: 25% | Usually not too busy
    3 PM: 62% | Usually a little busy
    4 PM: 25% | Usually not too busy
    5 PM: 12% | Usually not busy
    6 PM: 0% | Idle
    7 PM: 0% | Idle
    8 PM: 0% | Idle
    9 PM: 0% | Idle
    10 PM: 0% | Idle",,,,,Restroom,,Cozy,,Groups,,Good for kids,,,,,
ChIJVcrrs7nX8BIR0WtTC27VODw,Salah,,False,"Name: Superette salah
link: https://www.google.com/maps/search/Sup%C3%A9rette+salah/@35.8703605,7.1291861999999995?authuser=0&hl=en&entry=ttu
Reviews: 2 reviews

Name: mT`m SlH Gwql
link: https://www.google.com/maps/search/%D9%85%D8%B7%D8%B9%D9%85+%D8%B5%D9%84%D8%A7%D8%AD+%D8%BA%D9%88%D9%82%D8%A7%D9%84/@35.8632957,7.1086024000000005?authuser=0&hl=en&entry=ttu
Reviews: 2 reviews",1,,Salah (Owner),,,Coffee shop,Coffee shop,5,,Open All Days,,"V496+H84 Salah, Oum El Bouaghi, Algeria",,https://www.google.com/maps/place/Salah/data=!4m7!3m6!1s0x12f0d7b9b3ebca55:0x3c38d56e0b536bd1!8m2!3d35.8688789!4d7.1108266!16s%2Fg%2F11rnt0c55g!19sChIJVcrrs7nX8BIR0WtTC27VODw?authuser=0&hl=en&rclk=1,,,0,0,0,0,1,,https://search.google.com/local/reviews?placeid=ChIJVcrrs7nX8BIR0WtTC27VODw&q=Salah&authuser=0&hl=en&gl=DZ,"35.8688789,7.110826599999999",,Oum El Bouaghi,V496+H84,Oum El Bouaghi,,,DZ,Africa/Algiers,4339452909584608209,0x12f0d7b9b3ebca55:0x3c38d56e0b536bd1,,,,Coffee,,,Not Present,Not Present,,,Breakfast,,Restroom,,Cozy,,Groups,,Good for kids,,,,,
ChIJJ-fdKN7X8BIR8cLRZa5OHSc,shy w mksrt Ripa,,False,"Name: Cafeteria & Cremerie
link: https://www.google.com/maps/search/Caf%C3%A9t%C3%A9ria+%26+Cr%C3%A8merie/@35.8744057,7.1062807999999995?authuser=0&hl=en&entry=ttu
Reviews: 4 reviews

Name: Salah
link: https://www.google.com/maps/search/Salah/@35.8688789,7.110826599999999?authuser=0&hl=en&entry=ttu
Reviews: 1 reviews

Name: Caferia la roseraie
link: https://www.google.com/maps/search/Caferia+la+roseraie/@35.8695911,7.0936903?authuser=0&hl=en&entry=ttu
Reviews: 1 reviews

Name: The Traditionnel
link: https://www.google.com/maps/search/Th%C3%A9+Traditionnel/@35.8732878,7.105695?authuser=0&hl=en&entry=ttu
Reviews: 0 reviews",1,,shy w mksrt Ripa (Owner),,https://lh5.googleusercontent.com/p/AF1QipOaBS21j7V-IWcPzgkh_MtnDRA4zLBzaLP5On_I=w426-h240-k-no,Coffee shop,Coffee shop,5,,Open All Days,+213 671 07 93 72,"V4F4+79R shy w mksrt Ripa, Oum El Bouaghi, Algeria",,https://www.google.com/maps/place/%D8%B4%D8%A7%D9%8A+%D9%88+%D9%85%D9%83%D8%B3%D8%B1%D8%A7%D8%AA+Ripa%E2%80%AD/data=!4m7!3m6!1s0x12f0d7de28dde727:0x271d4eae65d1c2f1!8m2!3d35.8732277!4d7.1059043!16s%2Fg%2F11t1hc5rxr!19sChIJJ-fdKN7X8BIR8cLRZa5OHSc?authuser=0&hl=en&rclk=1,,,0,0,0,0,1,,https://search.google.com/local/reviews?placeid=ChIJJ-fdKN7X8BIR8cLRZa5OHSc&q=%D8%B4%D8%A7%D9%8A+%D9%88+%D9%85%D9%83%D8%B3%D8%B1%D8%A7%D8%AA+Ripa%E2%80%AD&authuser=0&hl=en&gl=US,"35.8732277,7.1059043",,Oum El Bouaghi,V4F4+79R,Oum El Bouaghi,,,DZ,Africa/Algiers,2818495452743320305,0x12f0d7de28dde727:0x271d4eae65d1c2f1,,,,Coffee,,,Not Present,Not Present,,,"Breakfast, Dessert",,Restroom,,Cozy,,Groups,,Good for kids,,Takeout,,,
ChIJgwBAsv7X8BIRtqx6mMihmGE,Coffee Ziko,,False,,1,,Coffee Ziko (Owner),,,Coffee shop,Coffee shop,5,,Open All Days,,"V47C+5C5 Coffee Ziko, Oum El Bouaghi 04000, Algeria",,https://www.google.com/maps/place/Coffee+Ziko/data=!4m7!3m6!1s0x12f0d7feb2400083:0x6198a1c8987aacb6!8m2!3d35.862913!4d7.1209689!16s%2Fg%2F11kc3kz9d1!19sChIJgwBAsv7X8BIRtqx6mMihmGE?authuser=0&hl=en&rclk=1,,,0,0,0,0,1,,https://search.google.com/local/reviews?placeid=ChIJgwBAsv7X8BIRtqx6mMihmGE&q=Coffee+Ziko&authuser=0&hl=en&gl=DZ,"35.862913,7.120968899999999",,Oum El Bouaghi,V47C+5C5,Oum El Bouaghi,04000,,DZ,Africa/Algiers,7032548701062737078,0x12f0d7feb2400083:0x6198a1c8987aacb6,,,,"Coffee, Late-night food, Small plates",,,Not Present,Not Present,"Wheelchair accessible entrance, Wheelchair accessible parking lot, Wheelchair accessible restroom, Wheelchair accessible seating",,"Breakfast, Brunch, Lunch, Dinner, Catering, Dessert",,Restroom,,Cozy,,Groups,,Good for kids,,"Takeout, Dine-in",,Accepts reservations,
ChIJZ9fIDNzX8BIRX1yO3Xh7XuQ,mqh~ 'm drmn,,False,"Name: Cafeteria Of The East
link: https://www.google.com/maps/search/Cafeteria+Of+The+East/@35.8702191,7.1226185?authuser=0&hl=en&entry=ttu
Reviews: 1 reviews

Name: Cafe Meziane
link: https://www.google.com/maps/search/Caf%C3%A9+Meziane/@35.875572,7.119218?authuser=0&hl=en&entry=ttu
Reviews: 1 reviews",,,mqh~ 'm drmn (Owner),,https://lh5.googleusercontent.com/p/AF1QipMvr8yca8ow3oV_iXJrRncs0aEp2hIYsJFbdWVL=w408-h306-k-no,Coffee shop,Coffee shop,,6:35 AM-11:35 PM,Open All Days,+213 656 89 79 88,"V4GF+QWF mqh~ 'm drmn, Petonse Nord, Oum El Bouaghi, Algeria",,https://www.google.com/maps/place/%D9%85%D9%82%D9%87%D9%89+%D8%A3%D9%85+%D8%AF%D8%B1%D9%85%D8%A7%D9%86%E2%80%AD/data=!4m7!3m6!1s0x12f0d7dc0cc8d767:0xe45e7b78dd8e5c5f!8m2!3d35.8768385!4d7.1247606!16s%2Fg%2F11trq4rmh7!19sChIJZ9fIDNzX8BIRX1yO3Xh7XuQ?authuser=0&hl=en&rclk=1,Open  Closes 11:35 PM,,,,,,,,https://search.google.com/local/reviews?placeid=ChIJZ9fIDNzX8BIRX1yO3Xh7XuQ&q=%D9%85%D9%82%D9%87%D9%89+%D8%A3%D9%85+%D8%AF%D8%B1%D9%85%D8%A7%D9%86%E2%80%AD&authuser=0&hl=en&gl=DZ,"35.8768385,7.1247606",,Oum El Bouaghi,"V4GF+QWF, Petonse Nord",Oum El Bouaghi,,,DZ,Africa/Algiers,16455725847501757535,0x12f0d7dc0cc8d767:0xe45e7b78dd8e5c5f,,,,"Coffee, Small plates",,"Monday: 6:34 AM-11:34 PM
Tuesday: 6:35 AM-11:35 PM
Wednesday: 6:35 AM-11:35 PM
Thursday: 6:35 AM-11:35 PM
Friday: 6:35 AM-12:10 PM, 2:05-11:36 PM
Saturday: 6:35 AM-11:35 PM
Sunday: 6:35 AM-11:35 PM","5 PM, 7 AM, 11 PM
---
Time Label: 5 PM
Average Popularity: 30.0

Time Label: 7 AM
Average Popularity: 29.142857142857142

Time Label: 11 PM
Average Popularity: 28.0","Monday:
    5 AM: 0% | Idle
    6 AM: 18% | Usually not busy
    7 AM: 6% | Usually not busy
    8 AM: 0% | Idle
    9 AM: 6% | Usually not busy
    10 AM: 12% | Usually not busy
    11 AM: 6% | Usually not busy
    12 PM: 6% | Usually not busy
    1 PM: 12% | Usually not busy
    2 PM: 6% | Usually not busy
    3 PM: 0% | Idle
    4 PM: 12% | Usually not busy
    5 PM: 37% | Usually not too busy
    6 PM: 75% | Usually a little busy
    7 PM: 56% | Usually a little busy
    8 PM: 37% | Usually not too busy
    9 PM: 18% | Usually not busy
    10 PM: 25% | Usually not too busy
    11 PM: 12% | Usually not busy

Tuesday:
    5 AM: 0% | Idle
    6 AM: 25% | Usually not too busy
    7 AM: 25% | Usually not too busy
    8 AM: 25% | Usually not too busy
    9 AM: 6% | Usually not busy
    10 AM: 0% | Idle
    11 AM: 6% | Usually not busy
    12 PM: 12% | Usually not busy
    1 PM: 25% | Usually not too busy
    2 PM: 12% | Usually not busy
    3 PM: 12% | Usually not busy
    4 PM: 18% | Usually not busy
    5 PM: 43% | Usually not too busy
    6 PM: 18% | Usually not busy
    7 PM: 6% | Usually not busy
    8 PM: 0% | Idle
    9 PM: 0% | Idle
    10 PM: 6% | Usually not busy
    11 PM: 12% | Usually not busy

Wednesday:
    5 AM: 0% | Idle
    6 AM: 37% | Usually not too busy
    7 AM: 31% | Usually not too busy
    8 AM: 18% | Usually not busy
    9 AM: 18% | Usually not busy
    10 AM: 31% | Usually not too busy
    11 AM: 43% | Usually not too busy
    12 PM: 25% | Usually not too busy
    1 PM: 25% | Usually not too busy
    2 PM: 37% | Usually not too busy
    3 PM: 18% | Usually not busy
    4 PM: 6% | Usually not busy
    5 PM: 0% | Idle
    6 PM: 0% | Idle
    7 PM: 6% | Usually not busy
    8 PM: 18% | Usually not busy
    9 PM: 18% | Usually not busy
    10 PM: 12% | Usually not busy
    11 PM: 18% | Usually not busy

Thursday:
    5 AM: 0% | Idle
    6 AM: 25% | Usually not too busy
    7 AM: 37% | Usually not too busy
    8 AM: 25% | Usually not too busy
    9 AM: 31% | Usually not too busy
    10 AM: 18% | Usually not busy
    11 AM: 31% | Usually not too busy
    12 PM: 37% | Usually not too busy
    1 PM: 37% | Usually not too busy
    2 PM: 31% | Usually not too busy
    3 PM: 12% | Usually not busy
    4 PM: 0% | Idle
    5 PM: 0% | Idle
    6 PM: 6% | Usually not busy
    7 PM: 25% | Usually not too busy
    8 PM: 31% | Usually not too busy
    9 PM: 56% | Usually a little busy
    10 PM: 50% | Usually not too busy
    11 PM: 31% | Usually not too busy

Friday:
    5 AM: 0% | Idle
    6 AM: 12% | Usually not busy
    7 AM: 31% | Usually not too busy
    8 AM: 25% | Usually not too busy
    9 AM: 12% | Usually not busy
    10 AM: 0% | Idle
    11 AM: 0% | Idle
    12 PM: 0% | Idle
    1 PM: 0% | Idle
    2 PM: 6% | Usually not busy
    3 PM: 0% | Idle
    4 PM: 6% | Usually not busy
    5 PM: 12% | Usually not busy
    6 PM: 12% | Usually not busy
    7 PM: 18% | Usually not busy
    8 PM: 31% | Usually not too busy
    9 PM: 50% | Usually not too busy
    10 PM: 68% | Usually a little busy
    11 PM: 93% | Usually as busy as it gets

Saturday:
    5 AM: 0% | Idle
    6 AM: 50% | Usually not too busy
    7 AM: 43% | Usually not too busy
    8 AM: 18% | Usually not busy
    9 AM: 6% | Usually not busy
    10 AM: 0% | Idle
    11 AM: 0% | Idle
    12 PM: 6% | Usually not busy
    1 PM: 6% | Usually not busy
    2 PM: 25% | Usually not too busy
    3 PM: 43% | Usually not too busy
    4 PM: 43% | Usually not too busy
    5 PM: 18% | Usually not busy
    6 PM: 6% | Usually not busy
    7 PM: 0% | Idle
    8 PM: 0% | Idle
    9 PM: 6% | Usually not busy
    10 PM: 0% | Idle
    11 PM: 12% | Usually not busy

Sunday:
    5 AM: 0% | Idle
    6 AM: 18% | Usually not busy
    7 AM: 31% | Usually not too busy
    8 AM: 12% | Usually not busy
    9 AM: 6% | Usually not busy
    10 AM: 0% | Idle
    11 AM: 6% | Usually not busy
    12 PM: 12% | Usually not busy
    1 PM: 12% | Usually not busy
    2 PM: 18% | Usually not busy
    3 PM: 43% | Usually not too busy
    4 PM: 100% | Usually as busy as it gets
    5 PM: 100% | Usually as busy as it gets
    6 PM: 68% | Usually a little busy
    7 PM: 62% | Usually a little busy
    8 PM: 50% | Usually not too busy
    9 PM: 31% | Usually not too busy
    10 PM: 31% | Usually not too busy
    11 PM: 18% | Usually not busy",,,,,Restroom,,Cozy,,Groups,,,,,,,
ChIJ-T39BbfZ8BIRjukcGRQOwdQ,mqh~ wdhny twfyq,,False,"Name: mqh~ zytwny
link: https://www.google.com/maps/search/%D9%85%D9%82%D9%87%D9%89+%D8%B2%D9%8A%D8%AA%D9%88%D9%86%D9%8A/@35.882848300000006,7.1014465?authuser=0&hl=en&entry=ttu
Reviews: 0 reviews",,,mqh~ wdhny twfyq (Owner),,,Coffee shop,Coffee shop,,,Open All Days,,"V5V5+996 mqh~ wdhny twfyq, N32, Oum El Bouaghi, Algeria",,https://www.google.com/maps/place/%D9%85%D9%82%D9%87%D9%89+%D9%88%D8%B0%D9%86%D9%8A+%D8%AA%D9%88%D9%81%D9%8A%D9%82%E2%80%AD/data=!4m7!3m6!1s0x12f0d9b705fd3df9:0xd4c10e14191ce98e!8m2!3d35.8934241!4d7.1583967!16s%2Fg%2F11mx4fbtsh!19sChIJ-T39BbfZ8BIRjukcGRQOwdQ?authuser=0&hl=en&rclk=1,,,,,,,,,https://search.google.com/local/reviews?placeid=ChIJ-T39BbfZ8BIRjukcGRQOwdQ&q=%D9%85%D9%82%D9%87%D9%89+%D9%88%D8%B0%D9%86%D9%8A+%D8%AA%D9%88%D9%81%D9%8A%D9%82%E2%80%AD&authuser=0&hl=en&gl=DZ,"35.8934241,7.1583967",,Bir Khechba,"V5V5+996, N32",Oum El Bouaghi,,,DZ,Africa/Algiers,15330550086029339022,0x12f0d9b705fd3df9:0xd4c10e14191ce98e,,,,"Coffee, Small plates",,,Not Present,Not Present,"Wheelchair accessible restroom, Wheelchair accessible seating",,"Lunch, Dessert",,Restroom,,Cozy,,Groups,,,,,,,
ChIJM4yepjbX8BIRrvKBq99FU70,Caffeine Oeb,,False,,,,Caffeine Oeb (Owner),,,Coffee shop,Coffee shop,,,Open All Days,,"V4C7+5H2 Caffeine Oeb, Oum El Bouaghi, Algeria",,https://www.google.com/maps/place/Caffeine+Oeb/data=!4m7!3m6!1s0x12f0d736a69e8c33:0xbd5345dfab81f2ae!8m2!3d35.8703959!4d7.1139033!16s%2Fg%2F11kr2tg2rn!19sChIJM4yepjbX8BIRrvKBq99FU70?authuser=0&hl=en&rclk=1,,,,,,,,,https://search.google.com/local/reviews?placeid=ChIJM4yepjbX8BIRrvKBq99FU70&q=Caffeine+Oeb&authuser=0&hl=en&gl=DZ,"35.8703959,7.1139033",,Oum El Bouaghi,V4C7+5H2,Oum El Bouaghi,,,DZ,Africa/Algiers,13642324523192808110,0x12f0d736a69e8c33:0xbd5345dfab81f2ae,,,,"Coffee, Small plates",,,Not Present,Not Present,,,Dinner,,Restroom,,Cozy,,Groups,,Good for kids,,Takeout,,,
ChIJ2_98WczX8BIRnLab6-0nFDg,qhw@ sy mwH sqhw w rwH,,False,,,,qhw@ sy mwH sqhw w rwH (Owner),,,Coffee shop,Coffee shop,,,Open All Days,,"V48C+GP4 qhw@ sy mwH sqhw w rwH, Oum El Bouaghi, Algeria",,https://www.google.com/maps/place/%D9%82%D9%87%D9%88%D8%A9+%D8%B3%D9%8A+%D9%85%D9%88%D8%AD+%D8%A7%D8%B3%D9%82%D9%87%D9%88%D8%A7+%D9%88+%D8%B1%D9%88%D8%AD%E2%80%AD/data=!4m7!3m6!1s0x12f0d7cc597cffdb:0x381427edeb9bb69c!8m2!3d35.8662347!4d7.1217684!16s%2Fg%2F11vf8nklb0!19sChIJ2_98WczX8BIRnLab6-0nFDg?authuser=0&hl=en&rclk=1,,,,,,,,,https://search.google.com/local/reviews?placeid=ChIJ2_98WczX8BIRnLab6-0nFDg&q=%D9%82%D9%87%D9%88%D8%A9+%D8%B3%D9%8A+%D9%85%D9%88%D8%AD+%D8%A7%D8%B3%D9%82%D9%87%D9%88%D8%A7+%D9%88+%D8%B1%D9%88%D8%AD%E2%80%AD&authuser=0&hl=en&gl=DZ,"35.8662347,7.1217684",,Oum El Bouaghi,V48C+GP4,Oum El Bouaghi,,,DZ,Africa/Algiers,4040898668471760540,0x12f0d7cc597cffdb:0x381427edeb9bb69c,,,,Coffee,,,Not Present,Not Present,,,,,,,Cozy,,Groups,,Good for kids,,,,,
ChIJM34s8K_X8BIRLFziONKcqa0,Cafeteria classico,,False,"Name: Cafe Classique
link: https://www.google.com/maps/search/Caf%C3%A9+Classique/@35.8762446,7.114103?authuser=0&hl=en&entry=ttu
Reviews: 2 reviews

Name: Cafe Majestic
link: https://www.google.com/maps/search/Caf%C3%A9+Majestic/@35.8700586,7.0974691?authuser=0&hl=en&entry=ttu
Reviews: 2 reviews

Name: Boudiaf Coffee
link: https://www.google.com/maps/search/Boudiaf+Coffee/@35.8708874,7.111150299999999?authuser=0&hl=en&entry=ttu
Reviews: 0 reviews",,,Cafeteria classico (Owner),,,Coffee shop,Coffee shop,,,Open All Days,,"Cafeteria classico, 777 Bd Houari Boumediene, Oum El Bouaghi, Algeria",,https://www.google.com/maps/place/Cafeteria+classico/data=!4m7!3m6!1s0x12f0d7aff02c7e33:0xada99cd238e25c2c!8m2!3d35.867878!4d7.0960768!16s%2Fg%2F11tww3gm7f!19sChIJM34s8K_X8BIRLFziONKcqa0?authuser=0&hl=en&rclk=1,,,,,,,,,https://search.google.com/local/reviews?placeid=ChIJM34s8K_X8BIRLFziONKcqa0&q=Cafeteria+classico&authuser=0&hl=en&gl=DZ,"35.867878,7.0960768","V39W+5C Oum El Bouaghi, Algeria",Oum El Bouaghi,777 Bd Houari Boumediene,Oum El Bouaghi,,,DZ,Africa/Algiers,12513705466337057836,0x12f0d7aff02c7e33:0xada99cd238e25c2c,,,,Coffee,,,Not Present,Not Present,Wheelchair accessible restroom,,,,Restroom,,Cozy,,Groups,,Good for kids,,,,,
ChIJO9IVSTDX8BIRlLheBa17grs,BilkMal,,False,,,,BilkMal (Owner),,,Coffee shop,Coffee shop,,7 AM-7 PM,Open All Days,+213 773 96 59 74,"V4G7+FMJ BilkMal, Oum El Bouaghi, Algeria",,https://www.google.com/maps/place/BilkMal/data=!4m7!3m6!1s0x12f0d7304915d23b:0xbb827bad055eb894!8m2!3d35.8762078!4d7.1141374!16s%2Fg%2F11l5dll7j_!19sChIJO9IVSTDX8BIRlLheBa17grs?authuser=0&hl=en&rclk=1,Open  Closes 7 PM,,,,,,,,https://search.google.com/local/reviews?placeid=ChIJO9IVSTDX8BIRlLheBa17grs&q=BilkMal&authuser=0&hl=en&gl=DZ,"35.876207799999996,7.1141374",,Oum El Bouaghi,V4G7+FMJ,Oum El Bouaghi,,,DZ,Africa/Algiers,13511497815114561684,0x12f0d7304915d23b:0xbb827bad055eb894,,,,Coffee,,"Monday: 7 AM-7 PM
Tuesday: 7 AM-7 PM
Wednesday: 7 AM-7 PM
Thursday: 7 AM-7 PM
Friday: 7 AM-7 PM
Saturday: 7 AM-7 PM
Sunday: 7 AM-7 PM",Not Present,Not Present,,,,,,,Cozy,,Groups,,Good for kids,,,,,
ChIJozo3BHbX8BIRMtU0lQ17rC0,mqh~ lHsn,,False,,,,mqh~ lHsn (Owner),,,Coffee shop,Coffee shop,,,Open All Days,,"V479+8FQ mqh~ lHsn, Oum El Bouaghi, Algeria",,https://www.google.com/maps/place/%D9%85%D9%82%D9%87%D9%89+%D8%A7%D9%84%D8%A7%D8%AD%D8%B3%D8%A7%D9%86%E2%80%AD/data=!4m7!3m6!1s0x12f0d77604373aa3:0x2dac7b0d9534d532!8m2!3d35.8633205!4d7.1187853!16s%2Fg%2F11v0969vwr!19sChIJozo3BHbX8BIRMtU0lQ17rC0?authuser=0&hl=en&rclk=1,,,,,,,,,https://search.google.com/local/reviews?placeid=ChIJozo3BHbX8BIRMtU0lQ17rC0&q=%D9%85%D9%82%D9%87%D9%89+%D8%A7%D9%84%D8%A7%D8%AD%D8%B3%D8%A7%D9%86%E2%80%AD&authuser=0&hl=en&gl=DZ,"35.8633205,7.1187853",,Oum El Bouaghi,V479+8FQ,Oum El Bouaghi,,,DZ,Africa/Algiers,3291140725969048882,0x12f0d77604373aa3:0x2dac7b0d9534d532,,,,"Coffee, Small plates",,,Not Present,Not Present,"Wheelchair accessible entrance, Wheelchair accessible parking lot, Wheelchair accessible restroom, Wheelchair accessible seating",,"Breakfast, Brunch, Lunch, Dinner, Dessert",,Restroom,,"Casual, Cozy",,Groups,,Good for kids,,"Takeout, Dine-in",,Accepts reservations,
ChIJhwvsph7Z8BIRJ2BZZpydDvk,mqh~ zytwny,,False,"Name: mqh~ bwzyd `ys~
link: https://www.google.com/maps/search/%D9%85%D9%82%D9%87%D9%89+%D8%A8%D9%88%D8%B2%D9%8A%D8%AF+%D8%B9%D9%8A%D8%B3%D9%89/@35.8748226,7.118611899999999?authuser=0&hl=en&entry=ttu
Reviews: 0 reviews",,,mqh~ zytwny (Owner),,,Coffee shop,Coffee shop,,,Open All Days,,"V4M2+4HP mqh~ zytwny, Oum El Bouaghi, Algeria",,https://www.google.com/maps/place/%D9%85%D9%82%D9%87%D9%89+%D8%B2%D9%8A%D8%AA%D9%88%D9%86%D9%8A%E2%80%AD/data=!4m7!3m6!1s0x12f0d91ea6ec0b87:0xf90e9d9c66596027!8m2!3d35.8828483!4d7.1014465!16s%2Fg%2F11k9st792q!19sChIJhwvsph7Z8BIRJ2BZZpydDvk?authuser=0&hl=en&rclk=1,,,,,,,,,https://search.google.com/local/reviews?placeid=ChIJhwvsph7Z8BIRJ2BZZpydDvk&q=%D9%85%D9%82%D9%87%D9%89+%D8%B2%D9%8A%D8%AA%D9%88%D9%86%D9%8A%E2%80%AD&authuser=0&hl=en&gl=DZ,"35.8828483,7.1014465",,Oum El Bouaghi,V4M2+4HP,Oum El Bouaghi,,,DZ,Africa/Algiers,17946454860175597607,0x12f0d91ea6ec0b87:0xf90e9d9c66596027,,,,Coffee,,,Not Present,Not Present,,,Breakfast,,Restroom,,Cozy,,Groups,,,,,,,
ChIJQdTWTqjX8BIRXU5AMEatoe0,mqh~ bwzyd `ys~,,False,"Name: Cafe Heyouta .
link: https://www.google.com/maps/search/Caf%C3%A9+Heyouta+./@35.875118199999996,7.1213102?authuser=0&hl=en&entry=ttu
Reviews: 46 reviews

Name: Cafe Classique
link: https://www.google.com/maps/search/Caf%C3%A9+Classique/@35.8762446,7.114103?authuser=0&hl=en&entry=ttu
Reviews: 2 reviews

Name: Boudiaf Coffee
link: https://www.google.com/maps/search/Boudiaf+Coffee/@35.8708874,7.111150299999999?authuser=0&hl=en&entry=ttu
Reviews: 0 reviews",,,mqh~ bwzyd `ys~ (Owner),,,Coffee shop,Coffee shop,,,Open All Days,,"V4F9+WF5 mqh~ bwzyd `ys~, Oum El Bouaghi, Algeria",,https://www.google.com/maps/place/%D9%85%D9%82%D9%87%D9%89+%D8%A8%D9%88%D8%B2%D9%8A%D8%AF+%D8%B9%D9%8A%D8%B3%D9%89%E2%80%AD/data=!4m7!3m6!1s0x12f0d7a84ed6d441:0xeda1ad4630404e5d!8m2!3d35.8748226!4d7.1186119!16s%2Fg%2F11s_zv5wgv!19sChIJQdTWTqjX8BIRXU5AMEatoe0?authuser=0&hl=en&rclk=1,,,,,,,,,https://search.google.com/local/reviews?placeid=ChIJQdTWTqjX8BIRXU5AMEatoe0&q=%D9%85%D9%82%D9%87%D9%89+%D8%A8%D9%88%D8%B2%D9%8A%D8%AF+%D8%B9%D9%8A%D8%B3%D9%89%E2%80%AD&authuser=0&hl=en&gl=DZ,"35.8748226,7.118611899999999",,Oum El Bouaghi,V4F9+WF5,Oum El Bouaghi,,,DZ,Africa/Algiers,17123157775208173149,0x12f0d7a84ed6d441:0xeda1ad4630404e5d,,,,Coffee,,,Not Present,Not Present,,,Breakfast,,Restroom,,Cozy,,Groups,,,,,,,
ChIJQ9sSM2LX8BIRC5ohCYdNW28,shy wmksrt,,False,,,,shy wmksrt (Owner),,,Coffee shop,Coffee shop,,,Open All Days,,"V39W+P8V shy wmksrt, Oum El Bouaghi, Algeria",,https://www.google.com/maps/place/%D8%B4%D8%A7%D9%8A+%D9%88%D9%85%D9%83%D8%B3%D8%B1%D8%A7%D8%AA%E2%80%AD/data=!4m7!3m6!1s0x12f0d7623312db43:0x6f5b4d8709219a0b!8m2!3d35.8693655!4d7.0957849!16s%2Fg%2F11vl8kr0_9!19sChIJQ9sSM2LX8BIRC5ohCYdNW28?authuser=0&hl=en&rclk=1,,,,,,,,,https://search.google.com/local/reviews?placeid=ChIJQ9sSM2LX8BIRC5ohCYdNW28&q=%D8%B4%D8%A7%D9%8A+%D9%88%D9%85%D9%83%D8%B3%D8%B1%D8%A7%D8%AA%E2%80%AD&authuser=0&hl=en&gl=DZ,"35.8693655,7.0957849",,Oum El Bouaghi,V39W+P8V,Oum El Bouaghi,,,DZ,Africa/Algiers,8024092403459791371,0x12f0d7623312db43:0x6f5b4d8709219a0b,,,,Coffee,,,Not Present,Not Present,,,,,,,"Casual, Cozy",,Groups,,Good for kids,,,,,
ChIJ8XaUij_X8BIR7QYDnr2tSzE,Patisserie sirine,,False,"Name: Delice
link: https://www.google.com/maps/search/D%C3%A9lice/@35.8660382,7.11478?authuser=0&hl=en&entry=ttu
Reviews: 2 reviews

Name: Nuttela pluse+
link: https://www.google.com/maps/search/Nuttela+pluse%2B/@35.8707411,7.1131303?authuser=0&hl=en&entry=ttu
Reviews: 1 reviews

Name: Meilleures crepes sucrees
link: https://www.google.com/maps/search/Meilleures+cr%C3%AApes+sucr%C3%A9es/@35.8724798,7.1237416?authuser=0&hl=en&entry=ttu
Reviews: 0 reviews

Name: mkhbz@ boulangerie
link: https://www.google.com/maps/search/%D9%85%D8%AE%D8%A8%D8%B2%D8%A9+boulangerie/@35.8684794,7.121759099999999?authuser=0&hl=en&entry=ttu
Reviews: 0 reviews

Name: mT`m lshwy@
link: https://www.google.com/maps/search/%D9%85%D8%B7%D8%B9%D9%85+%D8%A7%D9%84%D8%B4%D8%A7%D9%88%D9%8A%D8%A9/@35.8718062,7.1120509?authuser=0&hl=en&entry=ttu
Reviews: 0 reviews",,,Patisserie sirine (Owner),,,Coffee shop,Coffee shop,,,Open All Days,,"Patisserie sirine, Nouvelle Cite, Oum El Bouaghi 04000, Algeria",,https://www.google.com/maps/place/P%C3%A2tisserie+sirine/data=!4m7!3m6!1s0x12f0d73f8a9476f1:0x314badbd9e0306ed!8m2!3d35.8643029!4d7.1216371!16s%2Fg%2F11np0fr1t1!19sChIJ8XaUij_X8BIR7QYDnr2tSzE?authuser=0&hl=en&rclk=1,,,,,,,,,https://search.google.com/local/reviews?placeid=ChIJ8XaUij_X8BIR7QYDnr2tSzE&q=P%C3%A2tisserie+sirine&authuser=0&hl=en&gl=DZ,"35.8643029,7.1216371","V47C+PM Oum El Bouaghi, Algeria",Oum El Bouaghi,Nouvelle Cite,Oum El Bouaghi,04000,,DZ,Africa/Algiers,3552123761023190765,0x12f0d73f8a9476f1:0x314badbd9e0306ed,,,,Coffee,,,Not Present,Not Present,,,,,,,,,,,,,,,,
ChIJZfbMkIvX8BIRY-MzZwsgXzY,Maison,,False,"Name: Patisserie sirine
link: https://www.google.com/maps/search/P%C3%A2tisserie+sirine/@35.870014499999996,7.0974144?authuser=0&hl=en&entry=ttu
Reviews: 2 reviews

Name: Cafeteria Of The East
link: https://www.google.com/maps/search/Cafeteria+Of+The+East/@35.8702191,7.1226185?authuser=0&hl=en&entry=ttu
Reviews: 1 reviews

Name: mqh~ lHj qd@
link: https://www.google.com/maps/search/%D9%85%D9%82%D9%87%D9%89+%D8%A7%D9%84%D8%AD%D8%A7%D8%AC+%D9%82%D8%A7%D8%AF%D8%A9/@35.8744479,7.1308767?authuser=0&hl=en&entry=ttu
Reviews: 1 reviews",,,Maison (Owner),,,Coffee shop,Coffee shop,,,Open All Days,,"V3HW+Q23 Maison, Oum El Bouaghi, Algeria",,https://www.google.com/maps/place/Maison/data=!4m7!3m6!1s0x12f0d78b90ccf665:0x365f200b6733e363!8m2!3d35.879378!4d7.0950604!16s%2Fg%2F11nnr38p3g!19sChIJZfbMkIvX8BIRY-MzZwsgXzY?authuser=0&hl=en&rclk=1,,,,,,,,,https://search.google.com/local/reviews?placeid=ChIJZfbMkIvX8BIRY-MzZwsgXzY&q=Maison&authuser=0&hl=en&gl=DZ,"35.879377999999996,7.0950603999999995",,Oum El Bouaghi,V3HW+Q23,Oum El Bouaghi,,,DZ,Africa/Algiers,3917885434183803747,0x12f0d78b90ccf665:0x365f200b6733e363,,,,Coffee,,,Not Present,Not Present,,,,,,,,,,,,,,,,
