place_id,name,description,is_spending_on_ads,competitors,reviews,website,owner_name,owner_profile_link,featured_image,main_category,categories,rating,workday_timing,closed_on,phone,address,review_keywords,link,status,price_range,reviews_per_rating_1,reviews_per_rating_2,reviews_per_rating_3,reviews_per_rating_4,reviews_per_rating_5,featured_question,reviews_link,coordinates,plus_code,address_ward,address_street,address_city,address_postal_code,address_state,address_country_code,time_zone,cid,data_id,menu_link,reservations,order_online_links,offerings_enabled,offerings_disabled,amenities_enabled,amenities_disabled,atmosphere_enabled,atmosphere_disabled,crowd_enabled,crowd_disabled,hours,most_popular_times,popular_times,service_options_enabled,service_options_disabled,dining_options_enabled,dining_options_disabled,accessibility_enabled,accessibility_disabled,children_enabled,children_disabled,planning_enabled,planning_disabled
ChIJsZZOm8t8-hIROrH3wPpH5II,Cafe IFRIQUIA,,False,"Name: mqh~ frwq
link: https://www.google.com/maps/search/%D9%85%D9%82%D9%87%D9%89+%D9%81%D8%A7%D8%B1%D9%88%D9%82/@36.2874768,7.981499299999999?authuser=0&hl=en&entry=ttu
Reviews: 2 reviews",17,,Cafe IFRIQUIA (Owner),,https://lh5.googleusercontent.com/p/AF1QipNI3JPvLYIl2EWpiEHKYp32m7-9a3btOOvqalNL=w408-h306-k-no,Coffee shop,Coffee shop,3.6,5 AM-12 AM,Open All Days,+213 771 32 79 64,"7XM4+QF8 Cafe IFRIQUIA, Place de l'independance ex place thagaste, Ex Rue Victor Hugo, Souk Ahras 41000, Algeria",,https://www.google.com/maps/place/Caf%C3%A9+IFRIQUIA/data=!4m7!3m6!1s0x12fa7ccb9b4e96b1:0x82e447fac0f7b13a!8m2!3d36.2844081!4d7.9561912!16s%2Fg%2F1hm4rcqp9!19sChIJsZZOm8t8-hIROrH3wPpH5II?authuser=0&hl=en&rclk=1,Open  Closes 12 AM,,3,2,1,4,7,,https://search.google.com/local/reviews?placeid=ChIJsZZOm8t8-hIROrH3wPpH5II&q=Caf%C3%A9+IFRIQUIA&authuser=0&hl=en&gl=DZ,"36.2844081,7.956191199999999",,Souk Ahras,"7XM4+QF8, Place de l'independance ex place thagaste, Ex Rue Victor Hugo",Souk Ahras,41000,,DZ,Africa/Algiers,9431742661925515578,0x12fa7ccb9b4e96b1:0x82e447fac0f7b13a,,,,Coffee,,Restroom,,Cozy,,Groups,,"Monday: 5 AM-12 AM
Tuesday: 5 AM-12 AM
Wednesday: 5 AM-12 AM
Thursday: 5 AM-12 AM
Friday: 5 AM-12 AM
Saturday: 5 AM-12 AM
Sunday: 5 AM-12 AM","6 PM, 5 PM, 5 AM
---
Time Label: 6 PM
Average Popularity: 31.714285714285715

Time Label: 5 PM
Average Popularity: 30.571428571428573

Time Label: 5 AM
Average Popularity: 28.285714285714285","Monday:
    4 AM: 0% | Idle
    5 AM: 100% | Usually as busy as it gets
    6 AM: 50% | Usually not too busy
    7 AM: 25% | Usually not too busy
    8 AM: 8% | Usually not busy
    9 AM: 16% | Usually not busy
    10 AM: 8% | Usually not busy
    11 AM: 0% | Idle
    12 PM: 8% | Usually not busy
    1 PM: 33% | Usually not too busy
    2 PM: 33% | Usually not too busy
    3 PM: 50% | Usually not too busy
    4 PM: 33% | Usually not too busy
    5 PM: 25% | Usually not too busy
    6 PM: 16% | Usually not busy
    7 PM: 25% | Usually not too busy
    8 PM: 16% | Usually not busy
    9 PM: 16% | Usually not busy
    10 PM: 16% | Usually not busy
    11 PM: 0% | Idle

Tuesday:
    4 AM: 0% | Idle
    5 AM: 8% | Usually not busy
    6 AM: 16% | Usually not busy
    7 AM: 33% | Usually not too busy
    8 AM: 50% | Usually not too busy
    9 AM: 25% | Usually not too busy
    10 AM: 41% | Usually not too busy
    11 AM: 33% | Usually not too busy
    12 PM: 16% | Usually not busy
    1 PM: 33% | Usually not too busy
    2 PM: 50% | Usually not too busy
    3 PM: 25% | Usually not too busy
    4 PM: 8% | Usually not busy
    5 PM: 0% | Idle
    6 PM: 8% | Usually not busy
    7 PM: 16% | Usually not busy
    8 PM: 8% | Usually not busy
    9 PM: 0% | Idle
    10 PM: 0% | Idle
    11 PM: 0% | Idle

Wednesday:
    4 AM: 0% | Idle
    5 AM: 41% | Usually not too busy
    6 AM: 25% | Usually not too busy
    7 AM: 25% | Usually not too busy
    8 AM: 33% | Usually not too busy
    9 AM: 50% | Usually not too busy
    10 AM: 50% | Usually not too busy
    11 AM: 41% | Usually not too busy
    12 PM: 33% | Usually not too busy
    1 PM: 25% | Usually not too busy
    2 PM: 8% | Usually not busy
    3 PM: 8% | Usually not busy
    4 PM: 25% | Usually not too busy
    5 PM: 58% | Usually a little busy
    6 PM: 41% | Usually not too busy
    7 PM: 16% | Usually not busy
    8 PM: 8% | Usually not busy
    9 PM: 33% | Usually not too busy
    10 PM: 58% | Usually a little busy
    11 PM: 41% | Usually not too busy

Thursday:
    4 AM: 0% | Idle
    5 AM: 16% | Usually not busy
    6 AM: 16% | Usually not busy
    7 AM: 41% | Usually not too busy
    8 AM: 33% | Usually not too busy
    9 AM: 50% | Usually not too busy
    10 AM: 16% | Usually not busy
    11 AM: 8% | Usually not busy
    12 PM: 8% | Usually not busy
    1 PM: 25% | Usually not too busy
    2 PM: 33% | Usually not too busy
    3 PM: 8% | Usually not busy
    4 PM: 8% | Usually not busy
    5 PM: 33% | Usually not too busy
    6 PM: 25% | Usually not too busy
    7 PM: 8% | Usually not busy
    8 PM: 0% | Idle
    9 PM: 0% | Idle
    10 PM: 0% | Idle
    11 PM: 0% | Idle

Friday:
    4 AM: 0% | Idle
    5 AM: 25% | Usually not too busy
    6 AM: 8% | Usually not busy
    7 AM: 0% | Idle
    8 AM: 0% | Idle
    9 AM: 8% | Usually not busy
    10 AM: 0% | Idle
    11 AM: 8% | Usually not busy
    12 PM: 16% | Usually not busy
    1 PM: 33% | Usually not too busy
    2 PM: 16% | Usually not busy
    3 PM: 8% | Usually not busy
    4 PM: 8% | Usually not busy
    5 PM: 16% | Usually not busy
    6 PM: 8% | Usually not busy
    7 PM: 8% | Usually not busy
    8 PM: 16% | Usually not busy
    9 PM: 33% | Usually not too busy
    10 PM: 16% | Usually not busy
    11 PM: 16% | Usually not busy

Saturday:
    4 AM: 0% | Idle
    5 AM: 0% | Idle
    6 AM: 0% | Idle
    7 AM: 8% | Usually not busy
    8 AM: 16% | Usually not busy
    9 AM: 16% | Usually not busy
    10 AM: 33% | Usually not too busy
    11 AM: 66% | Usually a little busy
    12 PM: 83% | Usually as busy as it gets
    1 PM: 41% | Usually not too busy
    2 PM: 25% | Usually not too busy
    3 PM: 16% | Usually not busy
    4 PM: 50% | Usually not too busy
    5 PM: 66% | Usually a little busy
    6 PM: 91% | Usually as busy as it gets
    7 PM: 75% | Usually a little busy
    8 PM: 58% | Usually a little busy
    9 PM: 83% | Usually as busy as it gets
    10 PM: 50% | Usually not too busy
    11 PM: 58% | Usually a little busy

Sunday:
    4 AM: 0% | Idle
    5 AM: 8% | Usually not busy
    6 AM: 0% | Idle
    7 AM: 0% | Idle
    8 AM: 0% | Idle
    9 AM: 8% | Usually not busy
    10 AM: 16% | Usually not busy
    11 AM: 41% | Usually not too busy
    12 PM: 16% | Usually not busy
    1 PM: 8% | Usually not busy
    2 PM: 0% | Idle
    3 PM: 8% | Usually not busy
    4 PM: 8% | Usually not busy
    5 PM: 16% | Usually not busy
    6 PM: 33% | Usually not too busy
    7 PM: 25% | Usually not too busy
    8 PM: 25% | Usually not too busy
    9 PM: 33% | Usually not too busy
    10 PM: 25% | Usually not too busy
    11 PM: 25% | Usually not too busy",,,,,,,,,,
ChIJJ5d6YB59-hIR7Xo3dimgDRQ,Vienna coffee shop,,False,"Name: cafe 3001
link: https://www.google.com/maps/search/cafe+3001/@36.2875201,7.9421138000000004?authuser=0&hl=en&entry=ttu
Reviews: 19 reviews

Name: Fastfood et cafeteria
link: https://www.google.com/maps/search/Fastfood+et+caf%C3%A9t%C3%A9ria/@36.2982891,7.933558799999999?authuser=0&hl=en&entry=ttu
Reviews: 0 reviews

Name: Cafe Baboun
link: https://www.google.com/maps/search/Caf%C3%A9+Baboun/@36.279191,7.9379374999999985?authuser=0&hl=en&entry=ttu
Reviews: 0 reviews

Name: mqh~ bn `wr@ fryd
link: https://www.google.com/maps/search/%D9%85%D9%82%D9%87%D9%89+%D8%A8%D9%86+%D8%B9%D9%88%D8%B1%D8%A9+%D9%81%D8%B1%D9%8A%D8%AF/@36.2874085,7.982556099999999?authuser=0&hl=en&entry=ttu
Reviews: 0 reviews",10,,Vienna coffee shop (Owner),,https://lh5.googleusercontent.com/p/AF1QipMYdj40eA049WwHPfotI1_zXKgD1Ugx15jNFZA=w408-h357-k-no,Coffee shop,Coffee shop,4.3,2-7:30 PM,Open All Days,,"7WRM+J8R Vienna coffee shop, Souk-Ahras, Algeria",,https://www.google.com/maps/place/Vienna+coffee+shop/data=!4m7!3m6!1s0x12fa7d1e607a9727:0x140da02976377aed!8m2!3d36.2914393!4d7.9331757!16s%2Fg%2F11s2lfbz_4!19sChIJJ5d6YB59-hIR7Xo3dimgDRQ?authuser=0&hl=en&rclk=1,Closed  Opens 2 PM,,1,0,1,1,7,,https://search.google.com/local/reviews?placeid=ChIJJ5d6YB59-hIR7Xo3dimgDRQ&q=Vienna+coffee+shop&authuser=0&hl=en&gl=DZ,"36.2914393,7.9331757",,Souk Ahras,7WRM+J8R,Souk Ahras,,,DZ,Africa/Algiers,1444987155393247981,0x12fa7d1e607a9727:0x140da02976377aed,,,,"Coffee, Small plates",,Restroom,,Cozy,,Groups,,"Monday: 2-7:30 PM
Tuesday: 2-7:30 PM
Wednesday: 2-7:30 PM
Thursday: 2-7:30 PM
Friday: 3-11 PM
Saturday: 8:30-11:30 AM, 2-7:30 PM
Sunday: 2-7:30 PM",Not Present,Not Present,"Takeout, Dine-in",,"Lunch, Dinner, Dessert",,,,,,,
ChIJVcEcydd9-hIRJPu8i7SltQ4,Flamingo Cafe,,False,"Name: mqh~ lfnwn wlHrf - bw`lQ
link: https://www.google.com/maps/search/%D9%85%D9%82%D9%87%D9%89+%D8%A7%D9%84%D9%81%D9%86%D9%88%D9%86+%D9%88%D8%A7%D9%84%D8%AD%D8%B1%D9%81+-+%D8%A8%D9%88%D8%B9%D9%84%D8%A7%DA%A8/@36.284859499999996,7.953571899999999?authuser=0&hl=en&entry=ttu
Reviews: 3 reviews

Name: Cafe des princes
link: https://www.google.com/maps/search/Caf%C3%A9+des+princes/@36.283763,7.958430399999999?authuser=0&hl=en&entry=ttu
Reviews: 2 reviews

Name: caffe oasis
link: https://www.google.com/maps/search/caffe+oasis/@36.282937499999996,7.9539947?authuser=0&hl=en&entry=ttu
Reviews: 1 reviews",5,,Flamingo Cafe (Owner),,https://lh5.googleusercontent.com/p/AF1QipOimKXZyVKuQi9RGmDhb9tTStx-jBrqrjZ8Umi9=w408-h408-k-no,Coffee shop,Coffee shop,2,,Open All Days,,"Flamingo Cafe, 5 Rue Cheriet Lazhar, Souk Ahras, Algeria",,https://www.google.com/maps/place/Flamingo+Caf%C3%A9/data=!4m7!3m6!1s0x12fa7dd7c91cc155:0xeb5a5b48bbcfb24!8m2!3d36.2846826!4d7.9571033!16s%2Fg%2F11t7z8g7jj!19sChIJVcEcydd9-hIRJPu8i7SltQ4?authuser=0&hl=en&rclk=1,,,3,1,0,0,1,,https://search.google.com/local/reviews?placeid=ChIJVcEcydd9-hIRJPu8i7SltQ4&q=Flamingo+Caf%C3%A9&authuser=0&hl=en&gl=DZ,"36.2846826,7.9571033","7XM4+VR Souk Ahras, Algeria",Souk Ahras,5 Rue Cheriet Lazhar,Souk Ahras,,,DZ,Africa/Algiers,1059935482172734244,0x12fa7dd7c91cc155:0xeb5a5b48bbcfb24,,,,"Coffee, Small plates",,Restroom,,Cozy,,Groups,,,Not Present,Not Present,Dine-in,,"Breakfast, Lunch, Dessert",,Wheelchair accessible restroom,,Good for kids,,,
ChIJre6J0kd9-hIRwQESutwm2tQ,OZ CAFE,,False,"Name: COZY
link: https://www.google.com/maps/search/COZY/@36.2864644,7.9409946?authuser=0&hl=en&entry=ttu
Reviews: 13 reviews

Name: Cafe Coupe
link: https://www.google.com/maps/search/Caf%C3%A9+Coupe/@36.2818013,7.9478675999999995?authuser=0&hl=en&entry=ttu
Reviews: 2 reviews

Name: Fastfood et cafeteria
link: https://www.google.com/maps/search/Fastfood+et+caf%C3%A9t%C3%A9ria/@36.2982891,7.933558799999999?authuser=0&hl=en&entry=ttu
Reviews: 0 reviews",4,,OZ CAFE (Owner),,https://lh5.googleusercontent.com/p/AF1QipO3W2bDgJdNQ4V1O6PjhI0BlWKRZoxUClGc2IoZ=w408-h408-k-no,Coffee shop,Coffee shop,4.3,,Open All Days,,"7WRM+XCV OZ CAFE, Souk-Ahras, Algeria",,https://www.google.com/maps/place/OZ+CAF%C3%89/data=!4m7!3m6!1s0x12fa7d47d289eead:0xd4da26dcba1201c1!8m2!3d36.2924325!4d7.9335149!16s%2Fg%2F11rng2rmd3!19sChIJre6J0kd9-hIRwQESutwm2tQ?authuser=0&hl=en&rclk=1,,,0,1,0,0,3,,https://search.google.com/local/reviews?placeid=ChIJre6J0kd9-hIRwQESutwm2tQ&q=OZ+CAF%C3%89&authuser=0&hl=en&gl=DZ,"36.2924325,7.9335149",,Souk Ahras,7WRM+XCV,Souk Ahras,,,DZ,Africa/Algiers,15337614210420048321,0x12fa7d47d289eead:0xd4da26dcba1201c1,,,,Coffee,,Restroom,,Cozy,,Groups,,,Not Present,Not Present,,,"Breakfast, Lunch",,,,,,,
ChIJy4n1VwB9-hIRbTtgc32gAhw,Cafe Mecelti,,False,"Name: Delicia
link: https://www.google.com/maps/search/Delicia/@36.2772885,7.942874199999999?authuser=0&hl=en&entry=ttu
Reviews: 1 reviews

Name: Coffee Shop L'olivier
link: https://www.google.com/maps/search/Coffee+Shop+L%27olivier/@36.2840127,7.9582848?authuser=0&hl=en&entry=ttu
Reviews: 1 reviews

Name: Cafe el hadj mahmoud ( chahrazed)
link: https://www.google.com/maps/search/Caf%C3%A9+el+hadj+mahmoud+%28+chahrazed%29/@36.2849534,7.955781299999999?authuser=0&hl=en&entry=ttu
Reviews: 1 reviews

Name: Fastfood et cafeteria
link: https://www.google.com/maps/search/Fastfood+et+caf%C3%A9t%C3%A9ria/@36.2982891,7.933558799999999?authuser=0&hl=en&entry=ttu
Reviews: 0 reviews",3,,Cafe Mecelti (Owner),,,Coffee shop,Coffee shop,4.7,,Open All Days,,"Cafe Mecelti, 5 Rue Cheriet Lazhar, Souk-Ahras, Algeria",,https://www.google.com/maps/place/Caf%C3%A9+Mecelti/data=!4m7!3m6!1s0x12fa7d0057f589cb:0x1c02a07d73603b6d!8m2!3d36.2837075!4d7.9585096!16s%2Fg%2F11k3jfwcd0!19sChIJy4n1VwB9-hIRbTtgc32gAhw?authuser=0&hl=en&rclk=1,,,0,0,0,1,2,,https://search.google.com/local/reviews?placeid=ChIJy4n1VwB9-hIRbTtgc32gAhw&q=Caf%C3%A9+Mecelti&authuser=0&hl=en&gl=DZ,"36.2837075,7.958509599999999","7XM5+FC Souk Ahras, Algeria",Souk Ahras,5 Rue Cheriet Lazhar,Souk Ahras,,,DZ,Africa/Algiers,2018352043682446189,0x12fa7d0057f589cb:0x1c02a07d73603b6d,,,,"Coffee, Small plates",,Restroom,,Cozy,,Groups,,,Not Present,Not Present,,,,,,,,,,
ChIJP-3EGqFj-hIRCbRbKESQhGU,Cafeteria le bon coin,,False,,2,,Cafeteria le bon coin (Owner),,https://lh5.googleusercontent.com/p/AF1QipOOEflWAdnXQQRAl8tZxuajHha2t0Da2zpX5K7q=w408-h725-k-no,Coffee shop,Coffee shop,5,5 AM-12 AM,Open All Days,,"7XM7+CC2 Cafeteria le bon coin, Souk Ahras, Algeria",,https://www.google.com/maps/place/Caf%C3%A9t%C3%A9ria+le+bon+coin/data=!4m7!3m6!1s0x12fa63a11ac4ed3f:0x65849044285bb409!8m2!3d36.2837461!4d7.9643385!16s%2Fg%2F11khwd3_m8!19sChIJP-3EGqFj-hIRCbRbKESQhGU?authuser=0&hl=en&rclk=1,Open  Closes 12 AM,,0,0,0,0,2,,https://search.google.com/local/reviews?placeid=ChIJP-3EGqFj-hIRCbRbKESQhGU&q=Caf%C3%A9t%C3%A9ria+le+bon+coin&authuser=0&hl=en&gl=DZ,"36.2837461,7.964338499999999",,Souk Ahras,7XM7+CC2,Souk Ahras,,,DZ,Africa/Algiers,7315130317165802505,0x12fa63a11ac4ed3f:0x65849044285bb409,,,,Coffee,,Restroom,,Cozy,,Groups,,"Monday: 5 AM-12 AM
Tuesday: 5 AM-12 AM
Wednesday: 5 AM-12 AM
Thursday: 5 AM-12 AM
Friday: 5 AM-12 AM
Saturday: 5 AM-12 AM
Sunday: 5 AM-12 AM","2 PM, 1 PM, 10 PM
---
Time Label: 2 PM
Average Popularity: 56.857142857142854

Time Label: 1 PM
Average Popularity: 53.142857142857146

Time Label: 10 PM
Average Popularity: 42.57142857142857","Monday:
    4 AM: 0% | Idle
    5 AM: 12% | Usually not busy
    6 AM: 37% | Usually not too busy
    7 AM: 62% | Usually a little busy
    8 AM: 50% | Usually not too busy
    9 AM: 75% | Usually a little busy
    10 AM: 37% | Usually not too busy
    11 AM: 25% | Usually not too busy
    12 PM: 25% | Usually not too busy
    1 PM: 62% | Usually a little busy
    2 PM: 87% | Usually as busy as it gets
    3 PM: 87% | Usually as busy as it gets
    4 PM: 50% | Usually not too busy
    5 PM: 50% | Usually not too busy
    6 PM: 100% | Usually as busy as it gets
    7 PM: 100% | Usually as busy as it gets
    8 PM: 50% | Usually not too busy
    9 PM: 12% | Usually not busy
    10 PM: 0% | Idle
    11 PM: 0% | Idle

Tuesday:
    4 AM: 0% | Idle
    5 AM: 25% | Usually not too busy
    6 AM: 12% | Usually not busy
    7 AM: 25% | Usually not too busy
    8 AM: 37% | Usually not too busy
    9 AM: 75% | Usually a little busy
    10 AM: 50% | Usually not too busy
    11 AM: 37% | Usually not too busy
    12 PM: 50% | Usually not too busy
    1 PM: 25% | Usually not too busy
    2 PM: 12% | Usually not busy
    3 PM: 0% | Idle
    4 PM: 0% | Idle
    5 PM: 0% | Idle
    6 PM: 12% | Usually not busy
    7 PM: 25% | Usually not too busy
    8 PM: 50% | Usually not too busy
    9 PM: 25% | Usually not too busy
    10 PM: 12% | Usually not busy
    11 PM: 0% | Idle

Wednesday:
    4 AM: 0% | Idle
    5 AM: 0% | Idle
    6 AM: 12% | Usually not busy
    7 AM: 0% | Idle
    8 AM: 0% | Idle
    9 AM: 12% | Usually not busy
    10 AM: 25% | Usually not too busy
    11 AM: 62% | Usually a little busy
    12 PM: 62% | Usually a little busy
    1 PM: 87% | Usually as busy as it gets
    2 PM: 75% | Usually a little busy
    3 PM: 37% | Usually not too busy
    4 PM: 12% | Usually not busy
    5 PM: 0% | Idle
    6 PM: 12% | Usually not busy
    7 PM: 37% | Usually not too busy
    8 PM: 62% | Usually a little busy
    9 PM: 50% | Usually not too busy
    10 PM: 75% | Usually a little busy
    11 PM: 37% | Usually not too busy

Thursday:
    4 AM: 0% | Idle
    5 AM: 62% | Usually a little busy
    6 AM: 25% | Usually not too busy
    7 AM: 12% | Usually not busy
    8 AM: 12% | Usually not busy
    9 AM: 12% | Usually not busy
    10 AM: 0% | Idle
    11 AM: 0% | Idle
    12 PM: 37% | Usually not too busy
    1 PM: 62% | Usually a little busy
    2 PM: 87% | Usually as busy as it gets
    3 PM: 50% | Usually not too busy
    4 PM: 50% | Usually not too busy
    5 PM: 75% | Usually a little busy
    6 PM: 75% | Usually a little busy
    7 PM: 37% | Usually not too busy
    8 PM: 12% | Usually not busy
    9 PM: 12% | Usually not busy
    10 PM: 37% | Usually not too busy
    11 PM: 12% | Usually not busy

Friday:
    4 AM: 0% | Idle
    5 AM: 0% | Idle
    6 AM: 0% | Idle
    7 AM: 0% | Idle
    8 AM: 0% | Idle
    9 AM: 0% | Idle
    10 AM: 0% | Idle
    11 AM: 12% | Usually not busy
    12 PM: 25% | Usually not too busy
    1 PM: 37% | Usually not too busy
    2 PM: 75% | Usually a little busy
    3 PM: 87% | Usually as busy as it gets
    4 PM: 50% | Usually not too busy
    5 PM: 37% | Usually not too busy
    6 PM: 25% | Usually not too busy
    7 PM: 25% | Usually not too busy
    8 PM: 62% | Usually a little busy
    9 PM: 50% | Usually not too busy
    10 PM: 62% | Usually a little busy
    11 PM: 62% | Usually a little busy

Saturday:
    4 AM: 0% | Idle
    5 AM: 12% | Usually not busy
    6 AM: 12% | Usually not busy
    7 AM: 37% | Usually not too busy
    8 AM: 25% | Usually not too busy
    9 AM: 12% | Usually not busy
    10 AM: 12% | Usually not busy
    11 AM: 25% | Usually not too busy
    12 PM: 12% | Usually not busy
    1 PM: 12% | Usually not busy
    2 PM: 25% | Usually not too busy
    3 PM: 12% | Usually not busy
    4 PM: 0% | Idle
    5 PM: 0% | Idle
    6 PM: 0% | Idle
    7 PM: 0% | Idle
    8 PM: 0% | Idle
    9 PM: 25% | Usually not too busy
    10 PM: 37% | Usually not too busy
    11 PM: 25% | Usually not too busy

Sunday:
    4 AM: 0% | Idle
    5 AM: 50% | Usually not too busy
    6 AM: 37% | Usually not too busy
    7 AM: 50% | Usually not too busy
    8 AM: 100% | Usually as busy as it gets
    9 AM: 75% | Usually a little busy
    10 AM: 62% | Usually a little busy
    11 AM: 50% | Usually not too busy
    12 PM: 50% | Usually not too busy
    1 PM: 87% | Usually as busy as it gets
    2 PM: 37% | Usually not too busy
    3 PM: 12% | Usually not busy
    4 PM: 12% | Usually not busy
    5 PM: 25% | Usually not too busy
    6 PM: 12% | Usually not busy
    7 PM: 12% | Usually not busy
    8 PM: 50% | Usually not too busy
    9 PM: 50% | Usually not too busy
    10 PM: 75% | Usually a little busy
    11 PM: 50% | Usually not too busy",Dine-in,,,,Wheelchair accessible entrance,,,,,
ChIJM9GeN959-hIRvcLwvpqROrw,cafe cercle,,False,"Name: cafe 3001
link: https://www.google.com/maps/search/cafe+3001/@36.2875201,7.9421138000000004?authuser=0&hl=en&entry=ttu
Reviews: 19 reviews

Name: Cafe Coupe
link: https://www.google.com/maps/search/Caf%C3%A9+Coupe/@36.2818013,7.9478675999999995?authuser=0&hl=en&entry=ttu
Reviews: 2 reviews

Name: Adem Djefafalia
link: https://www.google.com/maps/search/Adem+Djefafalia/@36.2869057,7.9413292?authuser=0&hl=en&entry=ttu
Reviews: 2 reviews",2,,cafe cercle (Owner),,https://lh5.googleusercontent.com/p/AF1QipM15pjzwNbcrkWyOlkXaym1jHBiS_M9VakU4VYk=w408-h725-k-no,Coffee shop,Coffee shop,4.5,,Open All Days,,"7XP4+2CC cafe cercle, Souk-Ahras, Algeria",,https://www.google.com/maps/place/caf%C3%A9+cercle/data=!4m7!3m6!1s0x12fa7dde379ed133:0xbc3a919abef0c2bd!8m2!3d36.2850567!4d7.9560021!16s%2Fg%2F11kpdcczk6!19sChIJM9GeN959-hIRvcLwvpqROrw?authuser=0&hl=en&rclk=1,,,0,0,0,1,1,,https://search.google.com/local/reviews?placeid=ChIJM9GeN959-hIRvcLwvpqROrw&q=caf%C3%A9+cercle&authuser=0&hl=en&gl=DZ,"36.2850567,7.9560021",,Souk Ahras,7XP4+2CC,Souk Ahras,,,DZ,Africa/Algiers,13563313321594110653,0x12fa7dde379ed133:0xbc3a919abef0c2bd,,,,Coffee,,Restroom,,Cozy,,Groups,,,Not Present,Not Present,"Takeout, Dine-in",,"Lunch, Dinner, Dessert",,,,,,Accepts reservations,
ChIJFSrs03V9-hIReav2pAu2CQk,shy lkhym@,,False,,2,,shy lkhym@ (Owner),,,Coffee shop,Coffee shop,3,,Open All Days,,"7WW2+XJ2 shy lkhym@, Souk-Ahras, Algeria",,https://www.google.com/maps/place/%D8%B4%D8%A7%D9%8A+%D8%A7%D9%84%D8%AE%D9%8A%D9%85%D8%A9%E2%80%AD/data=!4m7!3m6!1s0x12fa7d75d3ec2a15:0x909b60ba4f6ab79!8m2!3d36.2973816!4d7.9015171!16s%2Fg%2F11sw6ryq3h!19sChIJFSrs03V9-hIReav2pAu2CQk?authuser=0&hl=en&rclk=1,,,1,0,0,0,1,,https://search.google.com/local/reviews?placeid=ChIJFSrs03V9-hIReav2pAu2CQk&q=%D8%B4%D8%A7%D9%8A+%D8%A7%D9%84%D8%AE%D9%8A%D9%85%D8%A9%E2%80%AD&authuser=0&hl=en&gl=DZ,"36.2973816,7.9015170999999995",,,7WW2+XJ2,Souk Ahras,,,DZ,Africa/Algiers,651251782260271993,0x12fa7d75d3ec2a15:0x909b60ba4f6ab79,,,,Coffee,,Restroom,,Cozy,,Groups,,,Not Present,Not Present,"Takeout, Dine-in",,Lunch,,,,,,Accepts reservations,
ChIJEcHFbQx9-hIRmMBLXPUWsyY,Cafe des princes,,False,"Name: Flamingo Cafe
link: https://www.google.com/maps/search/Flamingo+Caf%C3%A9/@36.2846826,7.957103299999999?authuser=0&hl=en&entry=ttu
Reviews: 5 reviews

Name: mqh~ lfnwn wlHrf - bw`lQ
link: https://www.google.com/maps/search/%D9%85%D9%82%D9%87%D9%89+%D8%A7%D9%84%D9%81%D9%86%D9%88%D9%86+%D9%88%D8%A7%D9%84%D8%AD%D8%B1%D9%81+-+%D8%A8%D9%88%D8%B9%D9%84%D8%A7%DA%A8/@36.284859499999996,7.953571899999999?authuser=0&hl=en&entry=ttu
Reviews: 3 reviews",2,,Cafe des princes (Owner),,https://lh5.googleusercontent.com/p/AF1QipN-GwD8touFPbKzOe6vfa8dHVAQQ8gf9YELHngD=w408-h306-k-no,Coffee stand,Coffee stand,5,Open 24 hours,Open All Days,,"Cafe des princes, 5 Rue Cheriet Lazhar, Souk-Ahras, Algeria",,https://www.google.com/maps/place/Caf%C3%A9+des+princes/data=!4m7!3m6!1s0x12fa7d0c6dc5c111:0x26b316f55c4bc098!8m2!3d36.283763!4d7.9584304!16s%2Fg%2F11g_ydt36w!19sChIJEcHFbQx9-hIRmMBLXPUWsyY?authuser=0&hl=en&rclk=1,Open 24 hours,,0,0,0,0,2,,https://search.google.com/local/reviews?placeid=ChIJEcHFbQx9-hIRmMBLXPUWsyY&q=Caf%C3%A9+des+princes&authuser=0&hl=en&gl=DZ,"36.283763,7.958430399999999","7XM5+G9 Souk Ahras, Algeria",Souk Ahras,5 Rue Cheriet Lazhar,Souk Ahras,,,DZ,Africa/Algiers,2788597837343735960,0x12fa7d0c6dc5c111:0x26b316f55c4bc098,,,,,,,,,,,,"Monday: Open 24 hours
Tuesday: Open 24 hours
Wednesday: Open 24 hours
Thursday: Open 24 hours
Friday: Open 24 hours
Saturday: Open 24 hours
Sunday: Open 24 hours","5 AM, 11 PM, 4 AM
---
Time Label: 5 AM
Average Popularity: 38.57142857142857

Time Label: 11 PM
Average Popularity: 38.57142857142857

Time Label: 4 AM
Average Popularity: 34.285714285714285","Monday:
    4 AM: 30% | Usually not too busy
    5 AM: 50% | Usually not too busy
    6 AM: 80% | Usually a little busy
    7 AM: 80% | Usually a little busy
    8 AM: 60% | Usually a little busy
    9 AM: 40% | Usually not too busy
    10 AM: 20% | Usually not busy
    11 AM: 0% | Idle
    12 PM: 0% | Idle
    1 PM: 0% | Idle
    2 PM: 0% | Idle
    3 PM: 10% | Usually not busy
    4 PM: 10% | Usually not busy
    5 PM: 20% | Usually not busy
    6 PM: 10% | Usually not busy
    7 PM: 0% | Idle
    8 PM: 0% | Idle
    9 PM: 10% | Usually not busy
    10 PM: 20% | Usually not busy
    11 PM: 50% | Usually not too busy
    12 AM: 20% | Usually not busy
    1 AM: 30% | Usually not too busy
    2 AM: 20% | Usually not busy
    3 AM: 40% | Usually not too busy

Tuesday:
    4 AM: 20% | Usually not busy
    5 AM: 30% | Usually not too busy
    6 AM: 30% | Usually not too busy
    7 AM: 10% | Usually not busy
    8 AM: 10% | Usually not busy
    9 AM: 20% | Usually not busy
    10 AM: 10% | Usually not busy
    11 AM: 10% | Usually not busy
    12 PM: 20% | Usually not busy
    1 PM: 10% | Usually not busy
    2 PM: 0% | Idle
    3 PM: 10% | Usually not busy
    4 PM: 0% | Idle
    5 PM: 10% | Usually not busy
    6 PM: 20% | Usually not busy
    7 PM: 40% | Usually not too busy
    8 PM: 30% | Usually not too busy
    9 PM: 50% | Usually not too busy
    10 PM: 50% | Usually not too busy
    11 PM: 60% | Usually a little busy
    12 AM: 40% | Usually not too busy
    1 AM: 20% | Usually not busy
    2 AM: 0% | Idle
    3 AM: 0% | Idle

Wednesday:
    4 AM: 30% | Usually not too busy
    5 AM: 70% | Usually a little busy
    6 AM: 30% | Usually not too busy
    7 AM: 20% | Usually not busy
    8 AM: 20% | Usually not busy
    9 AM: 60% | Usually a little busy
    10 AM: 50% | Usually not too busy
    11 AM: 30% | Usually not too busy
    12 PM: 0% | Idle
    1 PM: 10% | Usually not busy
    2 PM: 20% | Usually not busy
    3 PM: 10% | Usually not busy
    4 PM: 0% | Idle
    5 PM: 0% | Idle
    6 PM: 0% | Idle
    7 PM: 0% | Idle
    8 PM: 0% | Idle
    9 PM: 10% | Usually not busy
    10 PM: 30% | Usually not too busy
    11 PM: 30% | Usually not too busy
    12 AM: 10% | Usually not busy
    1 AM: 0% | Idle
    2 AM: 0% | Idle
    3 AM: 10% | Usually not busy

Thursday:
    4 AM: 90% | Usually as busy as it gets
    5 AM: 40% | Usually not too busy
    6 AM: 20% | Usually not busy
    7 AM: 0% | Idle
    8 AM: 0% | Idle
    9 AM: 0% | Idle
    10 AM: 10% | Usually not busy
    11 AM: 30% | Usually not too busy
    12 PM: 30% | Usually not too busy
    1 PM: 70% | Usually a little busy
    2 PM: 90% | Usually as busy as it gets
    3 PM: 100% | Usually as busy as it gets
    4 PM: 50% | Usually not too busy
    5 PM: 40% | Usually not too busy
    6 PM: 40% | Usually not too busy
    7 PM: 20% | Usually not busy
    8 PM: 20% | Usually not busy
    9 PM: 10% | Usually not busy
    10 PM: 20% | Usually not busy
    11 PM: 70% | Usually a little busy
    12 AM: 60% | Usually a little busy
    1 AM: 90% | Usually as busy as it gets
    2 AM: 70% | Usually a little busy
    3 AM: 90% | Usually as busy as it gets

Friday:
    4 AM: 50% | Usually not too busy
    5 AM: 60% | Usually a little busy
    6 AM: 20% | Usually not busy
    7 AM: 10% | Usually not busy
    8 AM: 0% | Idle
    9 AM: 10% | Usually not busy
    10 AM: 30% | Usually not too busy
    11 AM: 60% | Usually a little busy
    12 PM: 40% | Usually not too busy
    1 PM: 10% | Usually not busy
    2 PM: 0% | Idle
    3 PM: 0% | Idle
    4 PM: 0% | Idle
    5 PM: 0% | Idle
    6 PM: 10% | Usually not busy
    7 PM: 30% | Usually not too busy
    8 PM: 10% | Usually not busy
    9 PM: 10% | Usually not busy
    10 PM: 40% | Usually not too busy
    11 PM: 40% | Usually not too busy
    12 AM: 40% | Usually not too busy
    1 AM: 30% | Usually not too busy
    2 AM: 30% | Usually not too busy
    3 AM: 30% | Usually not too busy

Saturday:
    4 AM: 0% | Idle
    5 AM: 0% | Idle
    6 AM: 10% | Usually not busy
    7 AM: 30% | Usually not too busy
    8 AM: 10% | Usually not busy
    9 AM: 10% | Usually not busy
    10 AM: 20% | Usually not busy
    11 AM: 50% | Usually not too busy
    12 PM: 20% | Usually not busy
    1 PM: 10% | Usually not busy
    2 PM: 0% | Idle
    3 PM: 0% | Idle
    4 PM: 10% | Usually not busy
    5 PM: 30% | Usually not too busy
    6 PM: 10% | Usually not busy
    7 PM: 0% | Idle
    8 PM: 0% | Idle
    9 PM: 0% | Idle
    10 PM: 0% | Idle
    11 PM: 0% | Idle
    12 AM: 0% | Idle
    1 AM: 0% | Idle
    2 AM: 0% | Idle
    3 AM: 0% | Idle

Sunday:
    4 AM: 20% | Usually not busy
    5 AM: 20% | Usually not busy
    6 AM: 0% | Idle
    7 AM: 0% | Idle
    8 AM: 0% | Idle
    9 AM: 0% | Idle
    10 AM: 0% | Idle
    11 AM: 10% | Usually not busy
    12 PM: 10% | Usually not busy
    1 PM: 0% | Idle
    2 PM: 10% | Usually not busy
    3 PM: 30% | Usually not too busy
    4 PM: 10% | Usually not busy
    5 PM: 20% | Usually not busy
    6 PM: 30% | Usually not too busy
    7 PM: 60% | Usually a little busy
    8 PM: 40% | Usually not too busy
    9 PM: 40% | Usually not too busy
    10 PM: 20% | Usually not busy
    11 PM: 20% | Usually not busy
    12 AM: 20% | Usually not busy
    1 AM: 20% | Usually not busy
    2 AM: 10% | Usually not busy
    3 AM: 10% | Usually not busy",Takeout,,,,,,,,,
ChIJx8TUSz1j-hIROVdHdWzLyPY,mqh~ frwq,,False,"Name: mqh~ lkhym@ (lHj mws~
link: https://www.google.com/maps/search/%D9%85%D9%82%D9%87%D9%89+%D8%A7%D9%84%D8%AE%D9%8A%D9%85%D8%A9+%28%D8%A7%D9%84%D8%AD%D8%A7%D8%AC+%D9%85%D9%88%D8%B3%D9%89/@36.2874944,7.9812086?authuser=0&hl=en&entry=ttu
Reviews: 2 reviews

Name: mqh~ bn `wr@ fryd
link: https://www.google.com/maps/search/%D9%85%D9%82%D9%87%D9%89+%D8%A8%D9%86+%D8%B9%D9%88%D8%B1%D8%A9+%D9%81%D8%B1%D9%8A%D8%AF/@36.2874085,7.982556099999999?authuser=0&hl=en&entry=ttu
Reviews: 0 reviews

Name: mqh~ lHj mws~
link: https://www.google.com/maps/search/%D9%85%D9%82%D9%87%D9%89+%D8%A7%D9%84%D8%AD%D8%A7%D8%AC+%D9%85%D9%88%D8%B3%D9%89/@36.2901667,7.9773241?authuser=0&hl=en&entry=ttu
Reviews: 0 reviews",2,,mqh~ frwq (Owner),,,Coffee shop,Coffee shop,5,,Open All Days,,"7XPJ+XHX mqh~ frwq, Souk Ahras, Algeria",,https://www.google.com/maps/place/%D9%85%D9%82%D9%87%D9%89+%D9%81%D8%A7%D8%B1%D9%88%D9%82%E2%80%AD/data=!4m7!3m6!1s0x12fa633d4bd4c4c7:0xf6c8cb6c75475739!8m2!3d36.2874768!4d7.9814993!16s%2Fg%2F11rw8ymvd8!19sChIJx8TUSz1j-hIROVdHdWzLyPY?authuser=0&hl=en&rclk=1,,,0,0,0,0,2,,https://search.google.com/local/reviews?placeid=ChIJx8TUSz1j-hIROVdHdWzLyPY&q=%D9%85%D9%82%D9%87%D9%89+%D9%81%D8%A7%D8%B1%D9%88%D9%82%E2%80%AD&authuser=0&hl=en&gl=US,"36.2874768,7.981499299999999",,Souk Ahras,7XPJ+XHX,Souk Ahras,,,DZ,Africa/Algiers,17782686795356919609,0x12fa633d4bd4c4c7:0xf6c8cb6c75475739,,,,Coffee,,Restroom,,Cozy,,Groups,,,Not Present,Not Present,Dine-in,,Breakfast,,,,,,,
ChIJ03XOeWZ9-hIRQ2HJ1g7KBDQ,Cafeteria,,False,"Name: `yyshy@
link: https://www.google.com/maps/search/%D8%B9%D9%8A%D8%A7%D9%8A%D8%B4%D9%8A%D8%A9/@36.3246752,7.6385859?authuser=0&hl=en&entry=ttu
Reviews: 2 reviews

Name: Barista
link: https://www.google.com/maps/search/Barista/@36.2850811,7.955845200000001?authuser=0&hl=en&entry=ttu
Reviews: 0 reviews

Name: mqhy wsym
link: https://www.google.com/maps/search/%D9%85%D9%82%D9%87%D9%8A+%D9%88%D8%B3%D9%8A%D9%85/@36.4688419,7.413911199999999?authuser=0&hl=en&entry=ttu
Reviews: 0 reviews",1,,Cafeteria (Owner),,https://lh5.googleusercontent.com/p/AF1QipPJv_7G4V8VDfGDp7kgQmk2ESUVEGsBojWZ6lRs=w408-h306-k-no,Coffee shop,Coffee shop,5,5 AM-10 PM,Open All Days,+213 675 12 15 38,"Cafeteria, 01 Rue Hafsi Belkacem, belgaceme, Algeria",,https://www.google.com/maps/place/Cafeteria/data=!4m7!3m6!1s0x12fa7d6679ce75d3:0x3404ca0ed6c96143!8m2!3d36.2769652!4d7.9419072!16s%2Fg%2F11qb8nn_2d!19sChIJ03XOeWZ9-hIRQ2HJ1g7KBDQ?authuser=0&hl=en&rclk=1,Open  Closes 10 PM,,0,0,0,0,1,,https://search.google.com/local/reviews?placeid=ChIJ03XOeWZ9-hIRQ2HJ1g7KBDQ&q=Cafeteria&authuser=0&hl=en&gl=DZ,"36.2769652,7.941907199999999","7WGR+QQ Souk Ahras, Algeria",Souk Ahras,01 Rue Hafsi Belkacem,belgaceme,,,DZ,Africa/Algiers,3748342954960970051,0x12fa7d6679ce75d3:0x3404ca0ed6c96143,,,,"Coffee, Small plates",,Restroom,,"Casual, Cozy",,Groups,,"Monday: 5 AM-10 PM
Tuesday: 5 AM-10 PM
Wednesday: 5 AM-10 PM
Thursday: 5 AM-10 PM
Friday: 5 AM-10 PM
Saturday: 5 AM-10 PM
Sunday: 5 AM-10 PM","1 PM, 7 PM, 8 PM
---
Time Label: 1 PM
Average Popularity: 51.857142857142854

Time Label: 7 PM
Average Popularity: 48.714285714285715

Time Label: 8 PM
Average Popularity: 44.142857142857146","Monday:
    4 AM: 0% | Idle
    5 AM: 55% | Usually a little busy
    6 AM: 55% | Usually a little busy
    7 AM: 44% | Usually not too busy
    8 AM: 66% | Usually a little busy
    9 AM: 100% | Usually as busy as it gets
    10 AM: 88% | Usually as busy as it gets
    11 AM: 100% | Usually as busy as it gets
    12 PM: 66% | Usually a little busy
    1 PM: 88% | Usually as busy as it gets
    2 PM: 66% | Usually a little busy
    3 PM: 77% | Usually a little busy
    4 PM: 44% | Usually not too busy
    5 PM: 55% | Usually a little busy
    6 PM: 88% | Usually as busy as it gets
    7 PM: 77% | Usually a little busy
    8 PM: 33% | Usually not too busy
    9 PM: 11% | Usually not busy

Tuesday:
    4 AM: 0% | Idle
    5 AM: 11% | Usually not busy
    6 AM: 0% | Idle
    7 AM: 11% | Usually not busy
    8 AM: 22% | Usually not too busy
    9 AM: 55% | Usually a little busy
    10 AM: 44% | Usually not too busy
    11 AM: 77% | Usually a little busy
    12 PM: 55% | Usually a little busy
    1 PM: 55% | Usually a little busy
    2 PM: 11% | Usually not busy
    3 PM: 11% | Usually not busy
    4 PM: 33% | Usually not too busy
    5 PM: 33% | Usually not too busy
    6 PM: 11% | Usually not busy
    7 PM: 11% | Usually not busy
    8 PM: 22% | Usually not too busy
    9 PM: 11% | Usually not busy

Wednesday:
    4 AM: 0% | Idle
    5 AM: 33% | Usually not too busy
    6 AM: 11% | Usually not busy
    7 AM: 11% | Usually not busy
    8 AM: 22% | Usually not too busy
    9 AM: 11% | Usually not busy
    10 AM: 0% | Idle
    11 AM: 0% | Idle
    12 PM: 11% | Usually not busy
    1 PM: 44% | Usually not too busy
    2 PM: 66% | Usually a little busy
    3 PM: 44% | Usually not too busy
    4 PM: 22% | Usually not too busy
    5 PM: 22% | Usually not too busy
    6 PM: 66% | Usually a little busy
    7 PM: 77% | Usually a little busy
    8 PM: 66% | Usually a little busy
    9 PM: 33% | Usually not too busy

Thursday:
    4 AM: 0% | Idle
    5 AM: 44% | Usually not too busy
    6 AM: 44% | Usually not too busy
    7 AM: 22% | Usually not too busy
    8 AM: 11% | Usually not busy
    9 AM: 22% | Usually not too busy
    10 AM: 11% | Usually not busy
    11 AM: 22% | Usually not too busy
    12 PM: 33% | Usually not too busy
    1 PM: 77% | Usually a little busy
    2 PM: 55% | Usually a little busy
    3 PM: 66% | Usually a little busy
    4 PM: 22% | Usually not too busy
    5 PM: 22% | Usually not too busy
    6 PM: 22% | Usually not too busy
    7 PM: 44% | Usually not too busy
    8 PM: 100% | Usually as busy as it gets
    9 PM: 88% | Usually as busy as it gets

Friday:
    4 AM: 0% | Idle
    5 AM: 44% | Usually not too busy
    6 AM: 66% | Usually a little busy
    7 AM: 22% | Usually not too busy
    8 AM: 11% | Usually not busy
    9 AM: 0% | Idle
    10 AM: 11% | Usually not busy
    11 AM: 44% | Usually not too busy
    12 PM: 66% | Usually a little busy
    1 PM: 33% | Usually not too busy
    2 PM: 11% | Usually not busy
    3 PM: 0% | Idle
    4 PM: 0% | Idle
    5 PM: 11% | Usually not busy
    6 PM: 22% | Usually not too busy
    7 PM: 44% | Usually not too busy
    8 PM: 33% | Usually not too busy
    9 PM: 11% | Usually not busy

Saturday:
    4 AM: 0% | Idle
    5 AM: 44% | Usually not too busy
    6 AM: 22% | Usually not too busy
    7 AM: 22% | Usually not too busy
    8 AM: 22% | Usually not too busy
    9 AM: 22% | Usually not too busy
    10 AM: 22% | Usually not too busy
    11 AM: 44% | Usually not too busy
    12 PM: 44% | Usually not too busy
    1 PM: 33% | Usually not too busy
    2 PM: 11% | Usually not busy
    3 PM: 0% | Idle
    4 PM: 0% | Idle
    5 PM: 11% | Usually not busy
    6 PM: 22% | Usually not too busy
    7 PM: 44% | Usually not too busy
    8 PM: 22% | Usually not too busy
    9 PM: 11% | Usually not busy

Sunday:
    4 AM: 0% | Idle
    5 AM: 44% | Usually not too busy
    6 AM: 55% | Usually a little busy
    7 AM: 22% | Usually not too busy
    8 AM: 11% | Usually not busy
    9 AM: 0% | Idle
    10 AM: 0% | Idle
    11 AM: 11% | Usually not busy
    12 PM: 0% | Idle
    1 PM: 33% | Usually not too busy
    2 PM: 44% | Usually not too busy
    3 PM: 88% | Usually as busy as it gets
    4 PM: 55% | Usually a little busy
    5 PM: 22% | Usually not too busy
    6 PM: 11% | Usually not busy
    7 PM: 44% | Usually not too busy
    8 PM: 33% | Usually not too busy
    9 PM: 44% | Usually not too busy","Takeout, Dine-in",,"Brunch, Lunch, Dinner, Catering",,,,Good for kids,,Accepts reservations,
ChIJAfngdTl9-hIRxfB83RDkC3Y,Coffee Shop L'olivier,,False,"Name: Cafe Mecelti
link: https://www.google.com/maps/search/Caf%C3%A9+Mecelti/@36.2837075,7.958509599999999?authuser=0&hl=en&entry=ttu
Reviews: 3 reviews

Name: caffe oasis
link: https://www.google.com/maps/search/caffe+oasis/@36.282937499999996,7.9539947?authuser=0&hl=en&entry=ttu
Reviews: 1 reviews

Name: Barista
link: https://www.google.com/maps/search/Barista/@36.2850811,7.955845200000001?authuser=0&hl=en&entry=ttu
Reviews: 0 reviews

Name: CAFE el bahja mqh~ lbhj@
link: https://www.google.com/maps/search/CAFE+el+bahja+%D9%85%D9%82%D9%87%D9%89+%D8%A7%D9%84%D8%A8%D9%87%D8%AC%D8%A9/@36.2832845,7.953258299999999?authuser=0&hl=en&entry=ttu
Reviews: 0 reviews",1,,Coffee Shop L'olivier (Owner),,https://lh5.googleusercontent.com/p/AF1QipNYTbzV5o9yeIX0-yrcCxcW67V9n7knjPSnEDN6=w408-h306-k-no,Coffee shop,Coffee shop,5,,Open All Days,,"7XM5+J83 Coffee Shop L'olivier, Rue Sidi messaoud, Souk-Ahras, Algeria",,https://www.google.com/maps/place/Coffee+Shop+L%27olivier/data=!4m7!3m6!1s0x12fa7d3975e0f901:0x760be410dd7cf0c5!8m2!3d36.2840127!4d7.9582848!16s%2Fg%2F11qbrs_zsb!19sChIJAfngdTl9-hIRxfB83RDkC3Y?authuser=0&hl=en&rclk=1,,,0,0,0,0,1,,https://search.google.com/local/reviews?placeid=ChIJAfngdTl9-hIRxfB83RDkC3Y&q=Coffee+Shop+L'olivier&authuser=0&hl=en&gl=US,"36.2840127,7.9582847999999995",,Souk Ahras,"7XM5+J83, Rue Sidi messaoud",Souk Ahras,,,DZ,Africa/Algiers,8506143082305876165,0x12fa7d3975e0f901:0x760be410dd7cf0c5,,,,"Coffee, Small plates",,Restroom,,Cozy,,Groups,,,Not Present,Not Present,,,Dessert,,"Wheelchair accessible entrance, Wheelchair accessible restroom",,,,,
ChIJDdgJlyB9-hIRGttYRXf7Ztc,Cafe Nacer Belfadel,,False,"Name: Delicia
link: https://www.google.com/maps/search/Delicia/@36.2772885,7.942874199999999?authuser=0&hl=en&entry=ttu
Reviews: 1 reviews

Name: Cafeteria
link: https://www.google.com/maps/search/Cafeteria/@36.2769652,7.941907199999998?authuser=0&hl=en&entry=ttu
Reviews: 1 reviews

Name: Cafe des princes
link: https://www.google.com/maps/search/Caf%C3%A9+des+princes/@36.2801062,7.938403299999999?authuser=0&hl=en&entry=ttu
Reviews: 0 reviews

Name: Cafe Baboun
link: https://www.google.com/maps/search/Caf%C3%A9+Baboun/@36.279191,7.9379374999999985?authuser=0&hl=en&entry=ttu
Reviews: 0 reviews",1,,Cafe Nacer Belfadel (Owner),,https://lh5.googleusercontent.com/p/AF1QipPffsJafr7YZYdmrxSrNIYWy11WDTT7u-H4d9Nj=w408-h906-k-no,Coffee shop,Coffee shop,5,,Open All Days,,"7WFQ+V76 Cafe Nacer Belfadel, Mabrouki Ahcene, Souk-Ahras, Algeria",,https://www.google.com/maps/place/Caf%C3%A9+Nacer+Belfadel/data=!4m7!3m6!1s0x12fa7d209709d80d:0xd766fb774558db1a!8m2!3d36.2746539!4d7.9381511!16s%2Fg%2F11sdzp8xsw!19sChIJDdgJlyB9-hIRGttYRXf7Ztc?authuser=0&hl=en&rclk=1,,,0,0,0,0,1,,https://search.google.com/local/reviews?placeid=ChIJDdgJlyB9-hIRGttYRXf7Ztc&q=Caf%C3%A9+Nacer+Belfadel&authuser=0&hl=en&gl=DZ,"36.2746539,7.9381511",,Souk Ahras,"7WFQ+V76, Mabrouki Ahcene",Souk Ahras,,,DZ,Africa/Algiers,15521369655462124314,0x12fa7d209709d80d:0xd766fb774558db1a,,,,Coffee,,Restroom,,Cozy,,Groups,,,Not Present,Not Present,,,,,Wheelchair accessible restroom,,,,Accepts reservations,
ChIJM4kvAbp9-hIRyEny81qV55M,Cafeteria el Kods,,False,,1,,Cafeteria el Kods (Owner),,https://lh5.googleusercontent.com/p/AF1QipPrS7Obvne10DfEi0vlCovyi3d_1A2M6S5Osxhg=w408-h544-k-no,Coffee shop,Coffee shop,4,,Open All Days,,"7WGQ+5F2 Cafeteria el Kods, Souk-Ahras, Algeria",,https://www.google.com/maps/place/Cafeteria+el+Kods/data=!4m7!3m6!1s0x12fa7dba012f8933:0x93e7955af3f249c8!8m2!3d36.2755153!4d7.9385813!16s%2Fg%2F11svdm456k!19sChIJM4kvAbp9-hIRyEny81qV55M?authuser=0&hl=en&rclk=1,,,0,0,0,1,0,,https://search.google.com/local/reviews?placeid=ChIJM4kvAbp9-hIRyEny81qV55M&q=Cafeteria+el+Kods&authuser=0&hl=en&gl=DZ,"36.275515299999995,7.9385813",,Souk Ahras,7WGQ+5F2,Souk Ahras,,,DZ,Africa/Algiers,10657651261067905480,0x12fa7dba012f8933:0x93e7955af3f249c8,,,,"Coffee, Small plates",,Restroom,,Cozy,,Groups,,,Not Present,Not Present,"Takeout, Dine-in",,"Lunch, Dinner",,,,Good for kids,,Accepts reservations,
ChIJwel-HY19-hIRjUMJqaJCPlI,Delicia,,False,"Name: Cafe Mecelti
link: https://www.google.com/maps/search/Caf%C3%A9+Mecelti/@36.2837075,7.958509599999999?authuser=0&hl=en&entry=ttu
Reviews: 3 reviews

Name: Cafe Nacer Belfadel
link: https://www.google.com/maps/search/Caf%C3%A9+Nacer+Belfadel/@36.2746539,7.9381511?authuser=0&hl=en&entry=ttu
Reviews: 1 reviews

Name: Barista
link: https://www.google.com/maps/search/Barista/@36.2850811,7.955845200000001?authuser=0&hl=en&entry=ttu
Reviews: 0 reviews

Name: Fastfood et cafeteria
link: https://www.google.com/maps/search/Fastfood+et+caf%C3%A9t%C3%A9ria/@36.2982891,7.933558799999999?authuser=0&hl=en&entry=ttu
Reviews: 0 reviews",1,,Delicia (Owner),,https://lh5.googleusercontent.com/p/AF1QipM81vzzUDwiH78jXz5RCYqokReAxJMUamghPL_0=w426-h240-k-no,Coffee shop,Coffee shop,5,2:30-11:30 PM,Open All Days,,"7WGV+W49 Delicia, Messai Hocine, Souk Ahras, Algeria",,https://www.google.com/maps/place/Delicia/data=!4m7!3m6!1s0x12fa7d8d1d7ee9c1:0x523e42a2a909438d!8m2!3d36.2772885!4d7.9428742!16s%2Fg%2F11q9d6t65n!19sChIJwel-HY19-hIRjUMJqaJCPlI?authuser=0&hl=en&rclk=1,Closed  Opens 2:30 PM,,0,0,0,0,1,,https://search.google.com/local/reviews?placeid=ChIJwel-HY19-hIRjUMJqaJCPlI&q=Delicia&authuser=0&hl=en&gl=US,"36.2772885,7.942874199999999",,Souk Ahras,7WGV+W49 Messai Hocine,Souk Ahras,,,DZ,Africa/Algiers,5926247426054243213,0x12fa7d8d1d7ee9c1:0x523e42a2a909438d,,,,"Coffee, Small plates",,,,,,Groups,,"Monday: 2:30-11:30 PM
Tuesday: 2:30-11:30 PM
Wednesday: 2:30-11:30 PM
Thursday: 2:30-11:30 PM
Friday: 2:30-11:30 PM
Saturday: 2:30-11:30 PM
Sunday: 2:30-11:30 PM",Not Present,Not Present,,,Breakfast,,,,Good for kids,,,
ChIJd1sClup9-hIRltCX47W0rjQ,Cafe et Fast Food Hamza,,False,,1,,Cafe et Fast Food Hamza (Owner),,,Coffee shop,Coffee shop,5,,Open All Days,,"7WWX+W55 Cafe et Fast Food Hamza, Souk-Ahras, Algeria",,https://www.google.com/maps/place/Caf%C3%A9+et+Fast+Food+Hamza/data=!4m7!3m6!1s0x12fa7dea96025b77:0x34aeb4b5e397d096!8m2!3d36.2972715!4d7.9479828!16s%2Fg%2F11v0v_gw5l!19sChIJd1sClup9-hIRltCX47W0rjQ?authuser=0&hl=en&rclk=1,,,0,0,0,0,1,,https://search.google.com/local/reviews?placeid=ChIJd1sClup9-hIRltCX47W0rjQ&q=Caf%C3%A9+et+Fast+Food+Hamza&authuser=0&hl=en&gl=DZ,"36.2972715,7.947982799999999",,Souk Ahras,7WWX+W55,Souk Ahras,,,DZ,Africa/Algiers,3796170229220364438,0x12fa7dea96025b77:0x34aeb4b5e397d096,,,,"Coffee, Small plates",,Restroom,,Cozy,,Groups,,,Not Present,Not Present,"Takeout, Dine-in",,"Brunch, Lunch, Dinner, Catering, Dessert",,,,Good for kids,,Accepts reservations,
ChIJTSYgfn19-hIRDUW50kvimZE,Cafe el hadj mahmoud ( chahrazed),,False,"Name: Cafe Mecelti
link: https://www.google.com/maps/search/Caf%C3%A9+Mecelti/@36.2837075,7.958509599999999?authuser=0&hl=en&entry=ttu
Reviews: 3 reviews

Name: kfytry
link: https://www.google.com/maps/search/%D9%83%D8%A7%D9%81%D9%8A%D8%AA%D8%B1%D9%8A%D8%A7/@36.2806588,7.942713599999999?authuser=0&hl=en&entry=ttu
Reviews: 0 reviews",1,,Cafe el hadj mahmoud ( chahrazed) (Owner),,,Coffee shop,Coffee shop,5,,Open All Days,,"7XM4+X8J Cafe el hadj mahmoud ( chahrazed), Souk Ahras, Algeria",,https://www.google.com/maps/place/Caf%C3%A9+el+hadj+mahmoud+%28+chahrazed%29/data=!4m7!3m6!1s0x12fa7d7d7e20264d:0x9199e24bd2b9450d!8m2!3d36.2849534!4d7.9557813!16s%2Fg%2F11t72hrpvq!19sChIJTSYgfn19-hIRDUW50kvimZE?authuser=0&hl=en&rclk=1,,,0,0,0,0,1,,https://search.google.com/local/reviews?placeid=ChIJTSYgfn19-hIRDUW50kvimZE&q=Caf%C3%A9+el+hadj+mahmoud+%28+chahrazed%29&authuser=0&hl=en&gl=DZ,"36.2849534,7.9557813",,Souk Ahras,7XM4+X8J,Souk Ahras,,,DZ,Africa/Algiers,10491665622222062861,0x12fa7d7d7e20264d:0x9199e24bd2b9450d,,,,Coffee,,Restroom,,Cozy,,Groups,,,Not Present,Not Present,"Takeout, Dine-in",,Lunch,,,,Good for kids,,,
ChIJ4Yts3UJ9-hIRhyY0FA7nxIU,mqh~ `y'l@ bwrwyn@,,False,,,,mqh~ `y'l@ bwrwyn@ (Owner),,,Coffee shop,Coffee shop,,Open 24 hours,Open All Days,+213 665 11 28 74,"mqh~ `y'l@ bwrwyn@, Hy bn rshd, Souk Ahras, Algeria",,https://www.google.com/maps/place/%D9%85%D9%82%D9%87%D9%89+%D8%B9%D8%A7%D8%A6%D9%84%D8%A9+%D8%A8%D9%88%D8%B1%D9%88%D9%8A%D9%86%D8%A9%E2%80%AD/data=!4m7!3m6!1s0x12fa7d42dd6c8be1:0x85c4e70e14342687!8m2!3d36.2826983!4d7.9544256!16s%2Fg%2F11l2ctrt7r!19sChIJ4Yts3UJ9-hIRhyY0FA7nxIU?authuser=0&hl=en&rclk=1,Open 24 hours,,,,,,,,https://search.google.com/local/reviews?placeid=ChIJ4Yts3UJ9-hIRhyY0FA7nxIU&q=%D9%85%D9%82%D9%87%D9%89+%D8%B9%D8%A7%D8%A6%D9%84%D8%A9+%D8%A8%D9%88%D8%B1%D9%88%D9%8A%D9%86%D8%A9%E2%80%AD&authuser=0&hl=en&gl=DZ,"36.2826983,7.9544255999999995",,Souk Ahras,Hy bn rshd,Souk Ahras,,,DZ,Africa/Algiers,9639083150134224519,0x12fa7d42dd6c8be1:0x85c4e70e14342687,,,,Coffee,,,,Cozy,,Groups,,"Monday: Open 24 hours
Tuesday: Open 24 hours
Wednesday: Open 24 hours
Thursday: Open 24 hours
Friday: Open 24 hours
Saturday: Open 24 hours
Sunday: Open 24 hours","11 PM, 3 PM, 8 AM
---
Time Label: 11 PM
Average Popularity: 40.285714285714285

Time Label: 3 PM
Average Popularity: 35.42857142857143

Time Label: 8 AM
Average Popularity: 35.285714285714285","Monday:
    4 AM: 16% | Usually not busy
    5 AM: 8% | Usually not busy
    6 AM: 8% | Usually not busy
    7 AM: 25% | Usually not too busy
    8 AM: 58% | Usually a little busy
    9 AM: 41% | Usually not too busy
    10 AM: 41% | Usually not too busy
    11 AM: 25% | Usually not too busy
    12 PM: 33% | Usually not too busy
    1 PM: 33% | Usually not too busy
    2 PM: 25% | Usually not too busy
    3 PM: 25% | Usually not too busy
    4 PM: 8% | Usually not busy
    5 PM: 0% | Idle
    6 PM: 0% | Idle
    7 PM: 8% | Usually not busy
    8 PM: 16% | Usually not busy
    9 PM: 16% | Usually not busy
    10 PM: 16% | Usually not busy
    11 PM: 33% | Usually not too busy
    12 AM: 16% | Usually not busy
    1 AM: 16% | Usually not busy
    2 AM: 16% | Usually not busy
    3 AM: 33% | Usually not too busy

Tuesday:
    4 AM: 0% | Idle
    5 AM: 0% | Idle
    6 AM: 0% | Idle
    7 AM: 0% | Idle
    8 AM: 0% | Idle
    9 AM: 16% | Usually not busy
    10 AM: 16% | Usually not busy
    11 AM: 41% | Usually not too busy
    12 PM: 25% | Usually not too busy
    1 PM: 41% | Usually not too busy
    2 PM: 66% | Usually a little busy
    3 PM: 83% | Usually as busy as it gets
    4 PM: 41% | Usually not too busy
    5 PM: 16% | Usually not busy
    6 PM: 0% | Idle
    7 PM: 8% | Usually not busy
    8 PM: 25% | Usually not too busy
    9 PM: 58% | Usually a little busy
    10 PM: 41% | Usually not too busy
    11 PM: 50% | Usually not too busy
    12 AM: 16% | Usually not busy
    1 AM: 8% | Usually not busy
    2 AM: 0% | Idle
    3 AM: 0% | Idle

Wednesday:
    4 AM: 25% | Usually not too busy
    5 AM: 41% | Usually not too busy
    6 AM: 25% | Usually not too busy
    7 AM: 41% | Usually not too busy
    8 AM: 41% | Usually not too busy
    9 AM: 33% | Usually not too busy
    10 AM: 16% | Usually not busy
    11 AM: 16% | Usually not busy
    12 PM: 50% | Usually not too busy
    1 PM: 33% | Usually not too busy
    2 PM: 16% | Usually not busy
    3 PM: 8% | Usually not busy
    4 PM: 25% | Usually not too busy
    5 PM: 25% | Usually not too busy
    6 PM: 8% | Usually not busy
    7 PM: 0% | Idle
    8 PM: 8% | Usually not busy
    9 PM: 25% | Usually not too busy
    10 PM: 58% | Usually a little busy
    11 PM: 25% | Usually not too busy
    12 AM: 8% | Usually not busy
    1 AM: 8% | Usually not busy
    2 AM: 16% | Usually not busy
    3 AM: 33% | Usually not too busy

Thursday:
    4 AM: 0% | Idle
    5 AM: 16% | Usually not busy
    6 AM: 33% | Usually not too busy
    7 AM: 50% | Usually not too busy
    8 AM: 33% | Usually not too busy
    9 AM: 16% | Usually not busy
    10 AM: 0% | Idle
    11 AM: 8% | Usually not busy
    12 PM: 25% | Usually not too busy
    1 PM: 16% | Usually not busy
    2 PM: 16% | Usually not busy
    3 PM: 16% | Usually not busy
    4 PM: 16% | Usually not busy
    5 PM: 8% | Usually not busy
    6 PM: 0% | Idle
    7 PM: 8% | Usually not busy
    8 PM: 0% | Idle
    9 PM: 8% | Usually not busy
    10 PM: 25% | Usually not too busy
    11 PM: 33% | Usually not too busy
    12 AM: 33% | Usually not too busy
    1 AM: 16% | Usually not busy
    2 AM: 8% | Usually not busy
    3 AM: 0% | Idle

Friday:
    4 AM: 0% | Idle
    5 AM: 16% | Usually not busy
    6 AM: 41% | Usually not too busy
    7 AM: 66% | Usually a little busy
    8 AM: 41% | Usually not too busy
    9 AM: 16% | Usually not busy
    10 AM: 0% | Idle
    11 AM: 0% | Idle
    12 PM: 8% | Usually not busy
    1 PM: 16% | Usually not busy
    2 PM: 50% | Usually not too busy
    3 PM: 58% | Usually a little busy
    4 PM: 83% | Usually as busy as it gets
    5 PM: 100% | Usually as busy as it gets
    6 PM: 41% | Usually not too busy
    7 PM: 16% | Usually not busy
    8 PM: 0% | Idle
    9 PM: 16% | Usually not busy
    10 PM: 41% | Usually not too busy
    11 PM: 91% | Usually as busy as it gets
    12 AM: 66% | Usually a little busy
    1 AM: 66% | Usually a little busy
    2 AM: 25% | Usually not too busy
    3 AM: 16% | Usually not busy

Saturday:
    4 AM: 33% | Usually not too busy
    5 AM: 16% | Usually not busy
    6 AM: 16% | Usually not busy
    7 AM: 16% | Usually not busy
    8 AM: 33% | Usually not too busy
    9 AM: 16% | Usually not busy
    10 AM: 8% | Usually not busy
    11 AM: 0% | Idle
    12 PM: 8% | Usually not busy
    1 PM: 25% | Usually not too busy
    2 PM: 58% | Usually a little busy
    3 PM: 50% | Usually not too busy
    4 PM: 16% | Usually not busy
    5 PM: 0% | Idle
    6 PM: 0% | Idle
    7 PM: 0% | Idle
    8 PM: 8% | Usually not busy
    9 PM: 16% | Usually not busy
    10 PM: 33% | Usually not too busy
    11 PM: 25% | Usually not too busy
    12 AM: 25% | Usually not too busy
    1 AM: 25% | Usually not too busy
    2 AM: 25% | Usually not too busy
    3 AM: 25% | Usually not too busy

Sunday:
    4 AM: 75% | Usually a little busy
    5 AM: 58% | Usually a little busy
    6 AM: 66% | Usually a little busy
    7 AM: 33% | Usually not too busy
    8 AM: 41% | Usually not too busy
    9 AM: 16% | Usually not busy
    10 AM: 25% | Usually not too busy
    11 AM: 50% | Usually not too busy
    12 PM: 58% | Usually a little busy
    1 PM: 25% | Usually not too busy
    2 PM: 16% | Usually not busy
    3 PM: 8% | Usually not busy
    4 PM: 8% | Usually not busy
    5 PM: 8% | Usually not busy
    6 PM: 16% | Usually not busy
    7 PM: 41% | Usually not too busy
    8 PM: 33% | Usually not too busy
    9 PM: 25% | Usually not too busy
    10 PM: 8% | Usually not busy
    11 PM: 25% | Usually not too busy
    12 AM: 25% | Usually not too busy
    1 AM: 8% | Usually not busy
    2 AM: 8% | Usually not busy
    3 AM: 25% | Usually not too busy",,,,,,,,,,
ChIJXQ5jNSB9-hIRrFm6b289TSY,Barista,,False,"Name: caffe oasis
link: https://www.google.com/maps/search/caffe+oasis/@36.282937499999996,7.9539947?authuser=0&hl=en&entry=ttu
Reviews: 1 reviews

Name: Delicia
link: https://www.google.com/maps/search/Delicia/@36.2772885,7.942874199999999?authuser=0&hl=en&entry=ttu
Reviews: 1 reviews

Name: CAFE el bahja mqh~ lbhj@
link: https://www.google.com/maps/search/CAFE+el+bahja+%D9%85%D9%82%D9%87%D9%89+%D8%A7%D9%84%D8%A8%D9%87%D8%AC%D8%A9/@36.2832845,7.953258299999999?authuser=0&hl=en&entry=ttu
Reviews: 0 reviews",,,Barista (Owner),,,Coffee shop,Coffee shop,,5 AM-11 PM,Open All Days,+213 541 57 84 96,"7XP4+28Q Barista, Rue Ben Badis, Sedrata 41000, Algeria",,https://www.google.com/maps/place/Barista/data=!4m7!3m6!1s0x12fa7d2035630e5d:0x264d3d6f6fba59ac!8m2!3d36.2850811!4d7.9558452!16s%2Fg%2F11rs431sdy!19sChIJXQ5jNSB9-hIRrFm6b289TSY?authuser=0&hl=en&rclk=1,Open  Closes 11 PM,,,,,,,,https://search.google.com/local/reviews?placeid=ChIJXQ5jNSB9-hIRrFm6b289TSY&q=Barista&authuser=0&hl=en&gl=DZ,"36.2850811,7.9558452",,Souk Ahras,"7XP4+28Q, Rue Ben Badis",Sedrata,41000,,DZ,Africa/Algiers,2759929695473129900,0x12fa7d2035630e5d:0x264d3d6f6fba59ac,,,,Coffee,,Restroom,,Cozy,,Groups,,"Monday: 5 AM-11 PM
Tuesday: 5 AM-11 PM
Wednesday: 5 AM-11 PM
Thursday: 5 AM-11 PM
Friday: 5 AM-11 PM
Saturday: 5 AM-11 PM
Sunday: 5 AM-11 PM","1 PM, 3 PM, 2 PM
---
Time Label: 1 PM
Average Popularity: 29.571428571428573

Time Label: 3 PM
Average Popularity: 25.857142857142858

Time Label: 2 PM
Average Popularity: 25.714285714285715","Monday:
    4 AM: 0% | Idle
    5 AM: 0% | Idle
    6 AM: 0% | Idle
    7 AM: 0% | Idle
    8 AM: 0% | Idle
    9 AM: 0% | Idle
    10 AM: 0% | Idle
    11 AM: 8% | Usually not busy
    12 PM: 25% | Usually not too busy
    1 PM: 66% | Usually a little busy
    2 PM: 66% | Usually a little busy
    3 PM: 83% | Usually as busy as it gets
    4 PM: 83% | Usually as busy as it gets
    5 PM: 41% | Usually not too busy
    6 PM: 16% | Usually not busy
    7 PM: 0% | Idle
    8 PM: 0% | Idle
    9 PM: 0% | Idle
    10 PM: 0% | Idle

Tuesday:
    4 AM: 0% | Idle
    5 AM: 8% | Usually not busy
    6 AM: 16% | Usually not busy
    7 AM: 8% | Usually not busy
    8 AM: 8% | Usually not busy
    9 AM: 16% | Usually not busy
    10 AM: 25% | Usually not too busy
    11 AM: 8% | Usually not busy
    12 PM: 0% | Idle
    1 PM: 0% | Idle
    2 PM: 0% | Idle
    3 PM: 0% | Idle
    4 PM: 0% | Idle
    5 PM: 8% | Usually not busy
    6 PM: 0% | Idle
    7 PM: 0% | Idle
    8 PM: 16% | Usually not busy
    9 PM: 25% | Usually not too busy
    10 PM: 25% | Usually not too busy

Wednesday:
    4 AM: 0% | Idle
    5 AM: 8% | Usually not busy
    6 AM: 0% | Idle
    7 AM: 8% | Usually not busy
    8 AM: 8% | Usually not busy
    9 AM: 16% | Usually not busy
    10 AM: 16% | Usually not busy
    11 AM: 25% | Usually not too busy
    12 PM: 25% | Usually not too busy
    1 PM: 33% | Usually not too busy
    2 PM: 16% | Usually not busy
    3 PM: 8% | Usually not busy
    4 PM: 16% | Usually not busy
    5 PM: 25% | Usually not too busy
    6 PM: 50% | Usually not too busy
    7 PM: 58% | Usually a little busy
    8 PM: 25% | Usually not too busy
    9 PM: 8% | Usually not busy
    10 PM: 0% | Idle

Thursday:
    4 AM: 0% | Idle
    5 AM: 33% | Usually not too busy
    6 AM: 16% | Usually not busy
    7 AM: 25% | Usually not too busy
    8 AM: 16% | Usually not busy
    9 AM: 0% | Idle
    10 AM: 0% | Idle
    11 AM: 8% | Usually not busy
    12 PM: 25% | Usually not too busy
    1 PM: 50% | Usually not too busy
    2 PM: 25% | Usually not too busy
    3 PM: 8% | Usually not busy
    4 PM: 0% | Idle
    5 PM: 16% | Usually not busy
    6 PM: 16% | Usually not busy
    7 PM: 16% | Usually not busy
    8 PM: 8% | Usually not busy
    9 PM: 16% | Usually not busy
    10 PM: 41% | Usually not too busy

Friday:
    4 AM: 0% | Idle
    5 AM: 16% | Usually not busy
    6 AM: 16% | Usually not busy
    7 AM: 33% | Usually not too busy
    8 AM: 16% | Usually not busy
    9 AM: 16% | Usually not busy
    10 AM: 25% | Usually not too busy
    11 AM: 16% | Usually not busy
    12 PM: 25% | Usually not too busy
    1 PM: 25% | Usually not too busy
    2 PM: 41% | Usually not too busy
    3 PM: 16% | Usually not busy
    4 PM: 16% | Usually not busy
    5 PM: 16% | Usually not busy
    6 PM: 33% | Usually not too busy
    7 PM: 16% | Usually not busy
    8 PM: 25% | Usually not too busy
    9 PM: 50% | Usually not too busy
    10 PM: 100% | Usually as busy as it gets

Saturday:
    4 AM: 0% | Idle
    5 AM: 0% | Idle
    6 AM: 0% | Idle
    7 AM: 8% | Usually not busy
    8 AM: 8% | Usually not busy
    9 AM: 8% | Usually not busy
    10 AM: 25% | Usually not too busy
    11 AM: 8% | Usually not busy
    12 PM: 16% | Usually not busy
    1 PM: 25% | Usually not too busy
    2 PM: 16% | Usually not busy
    3 PM: 33% | Usually not too busy
    4 PM: 25% | Usually not too busy
    5 PM: 8% | Usually not busy
    6 PM: 0% | Idle
    7 PM: 0% | Idle
    8 PM: 0% | Idle
    9 PM: 0% | Idle
    10 PM: 8% | Usually not busy

Sunday:
    4 AM: 0% | Idle
    5 AM: 0% | Idle
    6 AM: 0% | Idle
    7 AM: 0% | Idle
    8 AM: 0% | Idle
    9 AM: 0% | Idle
    10 AM: 0% | Idle
    11 AM: 8% | Usually not busy
    12 PM: 0% | Idle
    1 PM: 8% | Usually not busy
    2 PM: 16% | Usually not busy
    3 PM: 33% | Usually not too busy
    4 PM: 16% | Usually not busy
    5 PM: 8% | Usually not busy
    6 PM: 0% | Idle
    7 PM: 8% | Usually not busy
    8 PM: 16% | Usually not busy
    9 PM: 8% | Usually not busy
    10 PM: 0% | Idle",Dine-in,,"Breakfast, Dessert",,"Wheelchair accessible entrance, Wheelchair accessible restroom, Wheelchair accessible seating",,Good for kids,,Accepts reservations,
ChIJD2vsaoZ9-hIRH8NTO7vvGKc,CAFE el bahja mqh~ lbhj@,,False,"Name: mqh~ lfnwn wlHrf - bw`lQ
link: https://www.google.com/maps/search/%D9%85%D9%82%D9%87%D9%89+%D8%A7%D9%84%D9%81%D9%86%D9%88%D9%86+%D9%88%D8%A7%D9%84%D8%AD%D8%B1%D9%81+-+%D8%A8%D9%88%D8%B9%D9%84%D8%A7%DA%A8/@36.284859499999996,7.953571899999999?authuser=0&hl=en&entry=ttu
Reviews: 3 reviews

Name: Cafe des princes
link: https://www.google.com/maps/search/Caf%C3%A9+des+princes/@36.283763,7.958430399999999?authuser=0&hl=en&entry=ttu
Reviews: 2 reviews

Name: caffe oasis
link: https://www.google.com/maps/search/caffe+oasis/@36.282937499999996,7.9539947?authuser=0&hl=en&entry=ttu
Reviews: 1 reviews

Name: Barista
link: https://www.google.com/maps/search/Barista/@36.2850811,7.955845200000001?authuser=0&hl=en&entry=ttu
Reviews: 0 reviews

Name: Cafe chez Boudis
link: https://www.google.com/maps/search/Caf%C3%A9+chez+Boudis/@36.2873149,7.9530123?authuser=0&hl=en&entry=ttu
Reviews: 0 reviews",,,CAFE el bahja mqh~ lbhj@ (Owner),,https://lh5.googleusercontent.com/p/AF1QipMJ8rTYX88ZsUi7fNrAHzkKevE20TVNNlxYfmUT=w408-h544-k-no,Coffee shop,Coffee shop,,,Open All Days,,"7XM3+889 CAFE el bahja mqh~ lbhj@, Ex Rue Mores, Souk-Ahras, Algeria",,https://www.google.com/maps/place/CAFE+el+bahja+%D9%85%D9%82%D9%87%D9%89+%D8%A7%D9%84%D8%A8%D9%87%D8%AC%D8%A9%E2%80%AD/data=!4m7!3m6!1s0x12fa7d866aec6b0f:0xa718efbb3b53c31f!8m2!3d36.2832845!4d7.9532583!16s%2Fg%2F11kpddhrtc!19sChIJD2vsaoZ9-hIRH8NTO7vvGKc?authuser=0&hl=en&rclk=1,,,,,,,,,https://search.google.com/local/reviews?placeid=ChIJD2vsaoZ9-hIRH8NTO7vvGKc&q=CAFE+el+bahja+%D9%85%D9%82%D9%87%D9%89+%D8%A7%D9%84%D8%A8%D9%87%D8%AC%D8%A9%E2%80%AD&authuser=0&hl=en&gl=DZ,"36.2832845,7.9532583",,Souk Ahras,"7XM3+889, Ex Rue Mores",Souk Ahras,,,DZ,Africa/Algiers,12040637191208289055,0x12fa7d866aec6b0f:0xa718efbb3b53c31f,,,,Coffee,,Restroom,,Cozy,,Groups,,,Not Present,Not Present,"Takeout, Dine-in",,Lunch,,,,,,Accepts reservations,
ChIJK6Fe2RBj-hIRTdT7jLCughc,Cafe BABA ALI,,False,,,,Cafe BABA ALI (Owner),,https://lh5.googleusercontent.com/p/AF1QipPUpLkka3HNvaaF0nmeHCo5bHwuSTdp8td5A2NT=w408-h725-k-no,Coffee shop,Coffee shop,,,Open All Days,,"Cafe BABA ALI, A cote, Hopital regional de Souk-ahras, Souk-Ahras, Algeria",,https://www.google.com/maps/place/Caf%C3%A9+BABA+ALI/data=!4m7!3m6!1s0x12fa6310d95ea12b:0x1782aeb08cfbd44d!8m2!3d36.2821332!4d7.9648621!16s%2Fg%2F11kjjs57qy!19sChIJK6Fe2RBj-hIRTdT7jLCughc?authuser=0&hl=en&rclk=1,,,,,,,,,https://search.google.com/local/reviews?placeid=ChIJK6Fe2RBj-hIRTdT7jLCughc&q=Caf%C3%A9+BABA+ALI&authuser=0&hl=en&gl=DZ,"36.2821332,7.9648620999999995","7XJ7+VW Souk Ahras, Algeria",Souk Ahras,"A cote, Hopital regional de Souk-ahras",Souk Ahras,,,DZ,Africa/Algiers,1694108483147519053,0x12fa6310d95ea12b:0x1782aeb08cfbd44d,,,,Coffee,,Restroom,,Cozy,,Groups,,,Not Present,Not Present,,,Breakfast,,"Wheelchair accessible entrance, Wheelchair accessible restroom",,Good for kids,,,
ChIJ_wHDq9V9-hIRPHSfC6xUTsA,CAFE OUARTI,,False,,,,CAFE OUARTI (Owner),,,Coffee shop,Coffee shop,,,Open All Days,,"7W9X+R4C CAFE OUARTI, Souk-Ahras, Algeria",,https://www.google.com/maps/place/CAFE+OUARTI/data=!4m7!3m6!1s0x12fa7dd5abc301ff:0xc04e54ac0b9f743c!8m2!3d36.2695351!4d7.9478782!16s%2Fg%2F11krp559vp!19sChIJ_wHDq9V9-hIRPHSfC6xUTsA?authuser=0&hl=en&rclk=1,,,,,,,,,https://search.google.com/local/reviews?placeid=ChIJ_wHDq9V9-hIRPHSfC6xUTsA&q=CAFE+OUARTI&authuser=0&hl=en&gl=DZ,"36.2695351,7.9478782",,Souk Ahras,7W9X+R4C,Souk Ahras,,,DZ,Africa/Algiers,13857106201371702332,0x12fa7dd5abc301ff:0xc04e54ac0b9f743c,,,,"Coffee, Small plates",,Restroom,,"Casual, Cozy",,Groups,,,Not Present,Not Present,"Takeout, Dine-in",,"Lunch, Dinner, Dessert",,,,Good for kids,,Accepts reservations,
ChIJbSCUU7t9-hIRosvVuWhKpiM,Kheymet The pyramid | khym@ l'hrmt,,False,"Name: khym@ lm`zym Khaimat El-Maazim
link: https://www.google.com/maps/search/%D8%AE%D9%8A%D9%85%D8%A9+%D8%A7%D9%84%D9%85%D8%B9%D8%A7%D8%B2%D9%8A%D9%85+Kha%C3%AFmat+El-Maazim/@36.2829549,7.943523700000001?authuser=0&hl=en&entry=ttu
Reviews: 7 reviews

Name: Cafe Mecelti
link: https://www.google.com/maps/search/Caf%C3%A9+Mecelti/@36.2837075,7.958509599999999?authuser=0&hl=en&entry=ttu
Reviews: 3 reviews

Name: mqh~ lkhym@ (lHj mws~
link: https://www.google.com/maps/search/%D9%85%D9%82%D9%87%D9%89+%D8%A7%D9%84%D8%AE%D9%8A%D9%85%D8%A9+%28%D8%A7%D9%84%D8%AD%D8%A7%D8%AC+%D9%85%D9%88%D8%B3%D9%89/@36.2874944,7.9812086?authuser=0&hl=en&entry=ttu
Reviews: 2 reviews

Name: Cafe el hadj mahmoud ( chahrazed)
link: https://www.google.com/maps/search/Caf%C3%A9+el+hadj+mahmoud+%28+chahrazed%29/@36.2849534,7.955781299999999?authuser=0&hl=en&entry=ttu
Reviews: 1 reviews",,,Kheymet The pyramid | khym@ l'hrmt (Owner),,https://lh5.googleusercontent.com/p/AF1QipOE9yzRY-kC2PVJYYk2YxlB-wf8E4wg4FVNPIin=w426-h240-k-no,Coffee shop,Coffee shop,,Open 24 hours,Open All Days,+213 556 48 21 50,"7WXG+F9F Kheymet The pyramid | khym@ l'hrmt, Rue ebahi Nouar, Souk-Ahras, Algeria",,https://www.google.com/maps/place/Kheymet+The+pyramid+%7C+%D8%AE%D9%8A%D9%85%D8%A9+%D8%A7%D9%84%D8%A3%D9%87%D8%B1%D9%85%D8%A7%D8%AA%E2%80%AD/data=!4m7!3m6!1s0x12fa7dbb5394206d:0x23a64a68b9d5cba2!8m2!3d36.298694!4d7.9259208!16s%2Fg%2F11r962n25z!19sChIJbSCUU7t9-hIRosvVuWhKpiM?authuser=0&hl=en&rclk=1,Open 24 hours,,,,,,,,https://search.google.com/local/reviews?placeid=ChIJbSCUU7t9-hIRosvVuWhKpiM&q=Kheymet+The+pyramid+%7C+%D8%AE%D9%8A%D9%85%D8%A9+%D8%A7%D9%84%D8%A3%D9%87%D8%B1%D9%85%D8%A7%D8%AA%E2%80%AD&authuser=0&hl=en&gl=DZ,"36.298694,7.925920799999999",,Souk Ahras,"7WXG+F9F, Rue ebahi Nouar",Souk Ahras,,,DZ,Africa/Algiers,2568822451116297122,0x12fa7dbb5394206d:0x23a64a68b9d5cba2,,,,Coffee,,Restroom,,Cozy,,Groups,,"Monday: Open 24 hours
Tuesday: Open 24 hours
Wednesday: Open 24 hours
Thursday: Open 24 hours
Friday: Open 24 hours
Saturday: Open 24 hours
Sunday: Open 24 hours","7 AM, 3 AM, 2 AM
---
Time Label: 7 AM
Average Popularity: 34.57142857142857

Time Label: 3 AM
Average Popularity: 30.0

Time Label: 2 AM
Average Popularity: 29.857142857142858","Monday:
    4 AM: 0% | Idle
    5 AM: 0% | Idle
    6 AM: 0% | Idle
    7 AM: 0% | Idle
    8 AM: 0% | Idle
    9 AM: 11% | Usually not busy
    10 AM: 22% | Usually not too busy
    11 AM: 55% | Usually a little busy
    12 PM: 55% | Usually a little busy
    1 PM: 55% | Usually a little busy
    2 PM: 77% | Usually a little busy
    3 PM: 100% | Usually as busy as it gets
    4 PM: 55% | Usually a little busy
    5 PM: 11% | Usually not busy
    6 PM: 11% | Usually not busy
    7 PM: 0% | Idle
    8 PM: 0% | Idle
    9 PM: 0% | Idle
    10 PM: 0% | Idle
    11 PM: 11% | Usually not busy
    12 AM: 22% | Usually not too busy
    1 AM: 11% | Usually not busy
    2 AM: 0% | Idle
    3 AM: 0% | Idle

Tuesday:
    4 AM: 11% | Usually not busy
    5 AM: 22% | Usually not too busy
    6 AM: 44% | Usually not too busy
    7 AM: 88% | Usually as busy as it gets
    8 AM: 55% | Usually a little busy
    9 AM: 44% | Usually not too busy
    10 AM: 11% | Usually not busy
    11 AM: 0% | Idle
    12 PM: 0% | Idle
    1 PM: 0% | Idle
    2 PM: 0% | Idle
    3 PM: 0% | Idle
    4 PM: 33% | Usually not too busy
    5 PM: 55% | Usually a little busy
    6 PM: 66% | Usually a little busy
    7 PM: 22% | Usually not too busy
    8 PM: 22% | Usually not too busy
    9 PM: 22% | Usually not too busy
    10 PM: 22% | Usually not too busy
    11 PM: 33% | Usually not too busy
    12 AM: 22% | Usually not too busy
    1 AM: 44% | Usually not too busy
    2 AM: 66% | Usually a little busy
    3 AM: 33% | Usually not too busy

Wednesday:
    4 AM: 0% | Idle
    5 AM: 0% | Idle
    6 AM: 0% | Idle
    7 AM: 11% | Usually not busy
    8 AM: 33% | Usually not too busy
    9 AM: 22% | Usually not too busy
    10 AM: 22% | Usually not too busy
    11 AM: 11% | Usually not busy
    12 PM: 0% | Idle
    1 PM: 11% | Usually not busy
    2 PM: 22% | Usually not too busy
    3 PM: 11% | Usually not busy
    4 PM: 0% | Idle
    5 PM: 0% | Idle
    6 PM: 0% | Idle
    7 PM: 11% | Usually not busy
    8 PM: 22% | Usually not too busy
    9 PM: 22% | Usually not too busy
    10 PM: 44% | Usually not too busy
    11 PM: 22% | Usually not too busy
    12 AM: 22% | Usually not too busy
    1 AM: 22% | Usually not too busy
    2 AM: 11% | Usually not busy
    3 AM: 0% | Idle

Thursday:
    4 AM: 22% | Usually not too busy
    5 AM: 22% | Usually not too busy
    6 AM: 44% | Usually not too busy
    7 AM: 66% | Usually a little busy
    8 AM: 33% | Usually not too busy
    9 AM: 11% | Usually not busy
    10 AM: 0% | Idle
    11 AM: 0% | Idle
    12 PM: 11% | Usually not busy
    1 PM: 0% | Idle
    2 PM: 0% | Idle
    3 PM: 0% | Idle
    4 PM: 11% | Usually not busy
    5 PM: 22% | Usually not too busy
    6 PM: 44% | Usually not too busy
    7 PM: 33% | Usually not too busy
    8 PM: 33% | Usually not too busy
    9 PM: 44% | Usually not too busy
    10 PM: 33% | Usually not too busy
    11 PM: 33% | Usually not too busy
    12 AM: 44% | Usually not too busy
    1 AM: 22% | Usually not too busy
    2 AM: 22% | Usually not too busy
    3 AM: 33% | Usually not too busy

Friday:
    4 AM: 55% | Usually a little busy
    5 AM: 44% | Usually not too busy
    6 AM: 44% | Usually not too busy
    7 AM: 22% | Usually not too busy
    8 AM: 11% | Usually not busy
    9 AM: 0% | Idle
    10 AM: 11% | Usually not busy
    11 AM: 22% | Usually not too busy
    12 PM: 55% | Usually a little busy
    1 PM: 33% | Usually not too busy
    2 PM: 55% | Usually a little busy
    3 PM: 33% | Usually not too busy
    4 PM: 44% | Usually not too busy
    5 PM: 33% | Usually not too busy
    6 PM: 44% | Usually not too busy
    7 PM: 11% | Usually not busy
    8 PM: 0% | Idle
    9 PM: 11% | Usually not busy
    10 PM: 33% | Usually not too busy
    11 PM: 33% | Usually not too busy
    12 AM: 11% | Usually not busy
    1 AM: 22% | Usually not too busy
    2 AM: 44% | Usually not too busy
    3 AM: 100% | Usually as busy as it gets

Saturday:
    4 AM: 0% | Idle
    5 AM: 0% | Idle
    6 AM: 0% | Idle
    7 AM: 11% | Usually not busy
    8 AM: 33% | Usually not too busy
    9 AM: 33% | Usually not too busy
    10 AM: 11% | Usually not busy
    11 AM: 0% | Idle
    12 PM: 11% | Usually not busy
    1 PM: 33% | Usually not too busy
    2 PM: 11% | Usually not busy
    3 PM: 0% | Idle
    4 PM: 0% | Idle
    5 PM: 0% | Idle
    6 PM: 0% | Idle
    7 PM: 0% | Idle
    8 PM: 0% | Idle
    9 PM: 11% | Usually not busy
    10 PM: 0% | Idle
    11 PM: 11% | Usually not busy
    12 AM: 11% | Usually not busy
    1 AM: 11% | Usually not busy
    2 AM: 0% | Idle
    3 AM: 0% | Idle

Sunday:
    4 AM: 55% | Usually a little busy
    5 AM: 33% | Usually not too busy
    6 AM: 44% | Usually not too busy
    7 AM: 44% | Usually not too busy
    8 AM: 11% | Usually not busy
    9 AM: 11% | Usually not busy
    10 AM: 44% | Usually not too busy
    11 AM: 33% | Usually not too busy
    12 PM: 11% | Usually not busy
    1 PM: 0% | Idle
    2 PM: 0% | Idle
    3 PM: 0% | Idle
    4 PM: 0% | Idle
    5 PM: 0% | Idle
    6 PM: 0% | Idle
    7 PM: 0% | Idle
    8 PM: 11% | Usually not busy
    9 PM: 33% | Usually not too busy
    10 PM: 66% | Usually a little busy
    11 PM: 33% | Usually not too busy
    12 AM: 22% | Usually not too busy
    1 AM: 22% | Usually not too busy
    2 AM: 66% | Usually a little busy
    3 AM: 44% | Usually not too busy",Dine-in,,"Breakfast, Lunch",,"Wheelchair accessible entrance, Wheelchair accessible restroom",,Good for kids,,Accepts reservations,
ChIJG4V70eh9-hIR6IZvS8TVVPA,Cafe,,False,,,,Cafe (Owner),,https://lh5.googleusercontent.com/p/AF1QipM7ccfH_360PqGKvWWdJyusA6nD8CpUFSKfiDw=w408-h697-k-no,Coffee shop,Coffee shop,,,Open All Days,,"8W5M+CQ7 Cafe, Souk-Ahras, Algeria",,https://www.google.com/maps/place/Caf%C3%A9/data=!4m7!3m6!1s0x12fa7de8d17b851b:0xf054d5c44b6f86e8!8m2!3d36.3085322!4d7.9344095!16s%2Fg%2F11vkjxfqcs!19sChIJG4V70eh9-hIR6IZvS8TVVPA?authuser=0&hl=en&rclk=1,,,,,,,,,https://search.google.com/local/reviews?placeid=ChIJG4V70eh9-hIR6IZvS8TVVPA&q=Caf%C3%A9&authuser=0&hl=en&gl=DZ,"36.308532199999995,7.934409499999999",,,8W5M+CQ7,Souk Ahras,,,DZ,Africa/Algiers,17317701506202306280,0x12fa7de8d17b851b:0xf054d5c44b6f86e8,,,,Coffee,,,,"Casual, Cozy",,Groups,,,Not Present,Not Present,,,,,,,Good for kids,,,
ChIJK_QT1Y59-hIRCA76v4wAsis,Coffee Platinum,,False,"Name: OZ CAFE
link: https://www.google.com/maps/search/OZ+CAF%C3%89/@36.2924325,7.9335149?authuser=0&hl=en&entry=ttu
Reviews: 4 reviews

Name: Cafe Coupe
link: https://www.google.com/maps/search/Caf%C3%A9+Coupe/@36.2818013,7.9478675999999995?authuser=0&hl=en&entry=ttu
Reviews: 2 reviews",,,Coffee Platinum (Owner),,,Coffee shop,Coffee shop,,,Open All Days,+213 656 93 69 78,"7WJQ+29R Coffee Platinum, Souk-Ahras, Algeria",,https://www.google.com/maps/place/Coffee+Platinum/data=!4m7!3m6!1s0x12fa7d8ed513f42b:0x2bb2008cbffa0e08!8m2!3d36.2801062!4d7.9384033!16s%2Fg%2F11tgcbgglk!19sChIJK_QT1Y59-hIRCA76v4wAsis?authuser=0&hl=en&rclk=1,,,,,,,,,https://search.google.com/local/reviews?placeid=ChIJK_QT1Y59-hIRCA76v4wAsis&q=Coffee+Platinum&authuser=0&hl=en&gl=DZ,"36.2801062,7.9384033",,Souk Ahras,7WJQ+29R,Souk Ahras,,,DZ,Africa/Algiers,3148579694001655304,0x12fa7d8ed513f42b:0x2bb2008cbffa0e08,,,,"Coffee, Small plates",,Restroom,,Cozy,,Groups,,,Not Present,Not Present,"Takeout, Dine-in",,"Lunch, Dessert",,,,Good for kids,,Accepts reservations,
ChIJ89cGJdV9-hIRgEgAhLHw8b4,Cafe Baboun,,False,"Name: Vienna coffee shop
link: https://www.google.com/maps/search/Vienna+coffee+shop/@36.2914393,7.9331757?authuser=0&hl=en&entry=ttu
Reviews: 10 reviews

Name: swbyrt lkhw@
link: https://www.google.com/maps/search/%D8%B3%D9%88%D8%A8%D9%8A%D8%B1%D8%A7%D8%AA+%D8%A7%D9%84%D8%A7%D8%AE%D9%88%D8%A9/@36.2615956,7.942534?authuser=0&hl=en&entry=ttu
Reviews: 2 reviews

Name: market baboune
link: https://www.google.com/maps/search/market+baboune/@36.279538699999996,7.9373235?authuser=0&hl=en&entry=ttu
Reviews: 0 reviews",,,Cafe Baboun (Owner),,,Coffee shop,Coffee shop,,7 AM-6 PM,Open All Days,,"7WHQ+M5G Cafe Baboun, Souk-Ahras, Algeria",,https://www.google.com/maps/place/Caf%C3%A9+Baboun/data=!4m7!3m6!1s0x12fa7dd52506d7f3:0xbef1f0b184004880!8m2!3d36.279191!4d7.9379375!16s%2Fg%2F11h11kndrq!19sChIJ89cGJdV9-hIRgEgAhLHw8b4?authuser=0&hl=en&rclk=1,Closed  Opens 7 AM,,,,,,,,https://search.google.com/local/reviews?placeid=ChIJ89cGJdV9-hIRgEgAhLHw8b4&q=Caf%C3%A9+Baboun&authuser=0&hl=en&gl=DZ,"36.279191,7.937937499999999",,Souk Ahras,7WHQ+M5G,Souk Ahras,,,DZ,Africa/Algiers,13759042981808064640,0x12fa7dd52506d7f3:0xbef1f0b184004880,,,,Coffee,,Restroom,,Cozy,,Groups,,"Monday: 7 AM-6 PM
Tuesday: 7 AM-6 PM
Wednesday: 7 AM-6 PM
Thursday: 7 AM-6 PM
Friday: 7 AM-12 PM, 4-6:30 PM
Saturday: 7 AM-6 PM
Sunday: 7 AM-6 PM",Not Present,Not Present,Outdoor seating,,"Breakfast, Seating",,,,,,Accepts reservations,
ChIJA9nwCdt9-hIREDR-IkncQq4,Fastfood et cafeteria,,False,"Name: Vienna coffee shop
link: https://www.google.com/maps/search/Vienna+coffee+shop/@36.2914393,7.9331757?authuser=0&hl=en&entry=ttu
Reviews: 10 reviews

Name: OZ CAFE
link: https://www.google.com/maps/search/OZ+CAF%C3%89/@36.2924325,7.9335149?authuser=0&hl=en&entry=ttu
Reviews: 4 reviews

Name: StreetFood
link: https://www.google.com/maps/search/StreetFood/@36.2982788,7.933550799999999?authuser=0&hl=en&entry=ttu
Reviews: 0 reviews

Name: kfytry
link: https://www.google.com/maps/search/%D9%83%D8%A7%D9%81%D9%8A%D8%AA%D8%B1%D9%8A%D8%A7/@36.2806588,7.942713599999999?authuser=0&hl=en&entry=ttu
Reviews: 0 reviews",,,Fastfood et cafeteria (Owner),,,Coffee shop,Coffee shop,,7 AM-10 PM,Open All Days,+213 658 24 06 35,"7WXM+8C7 Fastfood et cafeteria, Souk-Ahras, Algeria",,https://www.google.com/maps/place/Fastfood+et+caf%C3%A9t%C3%A9ria/data=!4m7!3m6!1s0x12fa7ddb09f0d903:0xae42dc49227e3410!8m2!3d36.2982891!4d7.9335588!16s%2Fg%2F11rh_gqsjf!19sChIJA9nwCdt9-hIREDR-IkncQq4?authuser=0&hl=en&rclk=1,Closed  Opens 7 AM,,,,,,,,https://search.google.com/local/reviews?placeid=ChIJA9nwCdt9-hIREDR-IkncQq4&q=Fastfood+et+caf%C3%A9t%C3%A9ria&authuser=0&hl=en&gl=DZ,"36.2982891,7.933558799999999",,Souk Ahras,7WXM+8C7,Souk Ahras,,,DZ,Africa/Algiers,12556840917731783696,0x12fa7ddb09f0d903:0xae42dc49227e3410,,,,"Coffee, Small plates",,Restroom,,Cozy,,Groups,,"Monday: 7 AM-10 PM
Tuesday: 7 AM-10 PM
Wednesday: 7 AM-10 PM
Thursday: 7 AM-10 PM
Friday: 7 AM-10 PM
Saturday: 7 AM-10 PM
Sunday: 7 AM-10 PM","8 AM, 6 PM, 4 PM
---
Time Label: 8 AM
Average Popularity: 33.0

Time Label: 6 PM
Average Popularity: 33.0

Time Label: 4 PM
Average Popularity: 31.428571428571427","Monday:
    6 AM: 0% | Idle
    7 AM: 22% | Usually not too busy
    8 AM: 22% | Usually not too busy
    9 AM: 0% | Idle
    10 AM: 11% | Usually not busy
    11 AM: 33% | Usually not too busy
    12 PM: 11% | Usually not busy
    1 PM: 0% | Idle
    2 PM: 0% | Idle
    3 PM: 0% | Idle
    4 PM: 0% | Idle
    5 PM: 11% | Usually not busy
    6 PM: 11% | Usually not busy
    7 PM: 33% | Usually not too busy
    8 PM: 44% | Usually not too busy
    9 PM: 11% | Usually not busy
    10 PM: 0% | Idle
    11 PM: 0% | Idle

Tuesday:
    6 AM: 0% | Idle
    7 AM: 0% | Idle
    8 AM: 0% | Idle
    9 AM: 0% | Idle
    10 AM: 0% | Idle
    11 AM: 0% | Idle
    12 PM: 11% | Usually not busy
    1 PM: 0% | Idle
    2 PM: 22% | Usually not too busy
    3 PM: 44% | Usually not too busy
    4 PM: 55% | Usually a little busy
    5 PM: 22% | Usually not too busy
    6 PM: 11% | Usually not busy
    7 PM: 0% | Idle
    8 PM: 22% | Usually not too busy
    9 PM: 55% | Usually a little busy
    10 PM: 0% | Idle
    11 PM: 0% | Idle

Wednesday:
    6 AM: 0% | Idle
    7 AM: 33% | Usually not too busy
    8 AM: 66% | Usually a little busy
    9 AM: 66% | Usually a little busy
    10 AM: 44% | Usually not too busy
    11 AM: 33% | Usually not too busy
    12 PM: 55% | Usually a little busy
    1 PM: 55% | Usually a little busy
    2 PM: 22% | Usually not too busy
    3 PM: 22% | Usually not too busy
    4 PM: 44% | Usually not too busy
    5 PM: 77% | Usually a little busy
    6 PM: 44% | Usually not too busy
    7 PM: 11% | Usually not busy
    8 PM: 11% | Usually not busy
    9 PM: 0% | Idle
    10 PM: 0% | Idle
    11 PM: 0% | Idle

Thursday:
    6 AM: 0% | Idle
    7 AM: 22% | Usually not too busy
    8 AM: 55% | Usually a little busy
    9 AM: 33% | Usually not too busy
    10 AM: 44% | Usually not too busy
    11 AM: 11% | Usually not busy
    12 PM: 11% | Usually not busy
    1 PM: 22% | Usually not too busy
    2 PM: 22% | Usually not too busy
    3 PM: 22% | Usually not too busy
    4 PM: 22% | Usually not too busy
    5 PM: 22% | Usually not too busy
    6 PM: 55% | Usually a little busy
    7 PM: 22% | Usually not too busy
    8 PM: 11% | Usually not busy
    9 PM: 11% | Usually not busy
    10 PM: 0% | Idle
    11 PM: 0% | Idle

Friday:
    6 AM: 0% | Idle
    7 AM: 22% | Usually not too busy
    8 AM: 44% | Usually not too busy
    9 AM: 22% | Usually not too busy
    10 AM: 22% | Usually not too busy
    11 AM: 22% | Usually not too busy
    12 PM: 55% | Usually a little busy
    1 PM: 55% | Usually a little busy
    2 PM: 100% | Usually as busy as it gets
    3 PM: 55% | Usually a little busy
    4 PM: 22% | Usually not too busy
    5 PM: 0% | Idle
    6 PM: 11% | Usually not busy
    7 PM: 33% | Usually not too busy
    8 PM: 11% | Usually not busy
    9 PM: 0% | Idle
    10 PM: 0% | Idle
    11 PM: 0% | Idle

Saturday:
    6 AM: 0% | Idle
    7 AM: 33% | Usually not too busy
    8 AM: 22% | Usually not too busy
    9 AM: 44% | Usually not too busy
    10 AM: 22% | Usually not too busy
    11 AM: 11% | Usually not busy
    12 PM: 0% | Idle
    1 PM: 11% | Usually not busy
    2 PM: 22% | Usually not too busy
    3 PM: 22% | Usually not too busy
    4 PM: 33% | Usually not too busy
    5 PM: 22% | Usually not too busy
    6 PM: 33% | Usually not too busy
    7 PM: 11% | Usually not busy
    8 PM: 0% | Idle
    9 PM: 0% | Idle
    10 PM: 0% | Idle
    11 PM: 0% | Idle

Sunday:
    6 AM: 0% | Idle
    7 AM: 44% | Usually not too busy
    8 AM: 22% | Usually not too busy
    9 AM: 22% | Usually not too busy
    10 AM: 0% | Idle
    11 AM: 0% | Idle
    12 PM: 0% | Idle
    1 PM: 0% | Idle
    2 PM: 11% | Usually not busy
    3 PM: 22% | Usually not too busy
    4 PM: 44% | Usually not too busy
    5 PM: 44% | Usually not too busy
    6 PM: 66% | Usually a little busy
    7 PM: 77% | Usually a little busy
    8 PM: 100% | Usually as busy as it gets
    9 PM: 88% | Usually as busy as it gets
    10 PM: 0% | Idle
    11 PM: 0% | Idle","Takeout, Dine-in",,"Breakfast, Lunch, Dessert",,Wheelchair accessible entrance,,Good for kids,,Accepts reservations,
ChIJUxrxNC1j-hIRrcK0NAJAFLQ,mqh~ bn `wr@ fryd,,False,"Name: mqh~ frwq
link: https://www.google.com/maps/search/%D9%85%D9%82%D9%87%D9%89+%D9%81%D8%A7%D8%B1%D9%88%D9%82/@36.2874768,7.981499299999999?authuser=0&hl=en&entry=ttu
Reviews: 2 reviews

Name: mqh~ lkhym@ (lHj mws~
link: https://www.google.com/maps/search/%D9%85%D9%82%D9%87%D9%89+%D8%A7%D9%84%D8%AE%D9%8A%D9%85%D8%A9+%28%D8%A7%D9%84%D8%AD%D8%A7%D8%AC+%D9%85%D9%88%D8%B3%D9%89/@36.2874944,7.9812086?authuser=0&hl=en&entry=ttu
Reviews: 2 reviews",,,mqh~ bn `wr@ fryd (Owner),,,Coffee shop,Coffee shop,,,Open All Days,,"7XPJ+JR8 mqh~ bn `wr@ fryd, Souk-Ahras, Algeria",,https://www.google.com/maps/place/%D9%85%D9%82%D9%87%D9%89+%D8%A8%D9%86+%D8%B9%D9%88%D8%B1%D8%A9+%D9%81%D8%B1%D9%8A%D8%AF%E2%80%AD/data=!4m7!3m6!1s0x12fa632d34f11a53:0xb414400234b4c2ad!8m2!3d36.2874085!4d7.9825561!16s%2Fg%2F11swtdnffp!19sChIJUxrxNC1j-hIRrcK0NAJAFLQ?authuser=0&hl=en&rclk=1,,,,,,,,,https://search.google.com/local/reviews?placeid=ChIJUxrxNC1j-hIRrcK0NAJAFLQ&q=%D9%85%D9%82%D9%87%D9%89+%D8%A8%D9%86+%D8%B9%D9%88%D8%B1%D8%A9+%D9%81%D8%B1%D9%8A%D8%AF%E2%80%AD&authuser=0&hl=en&gl=DZ,"36.2874085,7.9825561",,Souk Ahras,7XPJ+JR8,Souk Ahras,,,DZ,Africa/Algiers,12976066804579615405,0x12fa632d34f11a53:0xb414400234b4c2ad,,,,Coffee,,Restroom,,,,Groups,,,Not Present,Not Present,,,,,Wheelchair accessible restroom,,,,,
ChIJPY2DKPB9-hIRzltXG78ffjc,mqh~,,False,,,,mqh~ (Owner),,,Coffee shop,Coffee shop,,,Open All Days,,"7WHQ+X8J mqh~, Souk Ahras, Algeria",,https://www.google.com/maps/place/%D9%85%D9%82%D9%87%D9%89%E2%80%AD/data=!4m7!3m6!1s0x12fa7df028838d3d:0x377e1fbf1b575bce!8m2!3d36.2799517!4d7.9382788!16s%2Fg%2F11sw6q6mzx!19sChIJPY2DKPB9-hIRzltXG78ffjc?authuser=0&hl=en&rclk=1,,,,,,,,,https://search.google.com/local/reviews?placeid=ChIJPY2DKPB9-hIRzltXG78ffjc&q=%D9%85%D9%82%D9%87%D9%89%E2%80%AD&authuser=0&hl=en&gl=DZ,"36.2799517,7.9382788",,Souk Ahras,7WHQ+X8J,Souk Ahras,,,DZ,Africa/Algiers,3998668424809503694,0x12fa7df028838d3d:0x377e1fbf1b575bce,,,,Coffee,,Restroom,,"Casual, Cozy",,Groups,,,Not Present,Not Present,"Takeout, Dine-in",,Lunch,,,,,,Accepts reservations,
ChIJUdnyJMZ9-hIRJ59xedDSeCw,kfytry,,False,"Name: cafe 3001
link: https://www.google.com/maps/search/cafe+3001/@36.2875201,7.9421138000000004?authuser=0&hl=en&entry=ttu
Reviews: 19 reviews

Name: OZ CAFE
link: https://www.google.com/maps/search/OZ+CAF%C3%89/@36.2924325,7.9335149?authuser=0&hl=en&entry=ttu
Reviews: 4 reviews",,,kfytry (Owner),,,Coffee shop,Coffee shop,,,Open All Days,,"kfytry, 7WJV+84F, swq 'hrs,, Algeria",,https://www.google.com/maps/place/%D9%83%D8%A7%D9%81%D9%8A%D8%AA%D8%B1%D9%8A%D8%A7%E2%80%AD/data=!4m7!3m6!1s0x12fa7dc624f2d951:0x2c78d2d079719f27!8m2!3d36.2806588!4d7.9427136!16s%2Fg%2F11t1jb__1y!19sChIJUdnyJMZ9-hIRJ59xedDSeCw?authuser=0&hl=en&rclk=1,,,,,,,,,https://search.google.com/local/reviews?placeid=ChIJUdnyJMZ9-hIRJ59xedDSeCw&q=%D9%83%D8%A7%D9%81%D9%8A%D8%AA%D8%B1%D9%8A%D8%A7%E2%80%AD&authuser=0&hl=en&gl=DZ,"36.2806588,7.942713599999999","7WJV+73 Souk Ahras, Algeria",Souk Ahras,"7WJV+84F, swq 'hrs,",Souk Ahras,,,DZ,Africa/Algiers,3204542927706627879,0x12fa7dc624f2d951:0x2c78d2d079719f27,,,,"Coffee, Small plates",,Restroom,,Cozy,,Groups,,,Not Present,Not Present,"Takeout, Dine-in",,Lunch,,"Wheelchair accessible restroom, Wheelchair accessible seating",,,,,
ChIJu3ful0N9-hIRJNKuu0N6Wxw,khym@ lzwy@,,False,"Name: khym@ lm`zym Khaimat El-Maazim
link: https://www.google.com/maps/search/%D8%AE%D9%8A%D9%85%D8%A9+%D8%A7%D9%84%D9%85%D8%B9%D8%A7%D8%B2%D9%8A%D9%85+Kha%C3%AFmat+El-Maazim/@36.2829549,7.943523700000001?authuser=0&hl=en&entry=ttu
Reviews: 7 reviews

Name: khym@ lHDn@ llm'kwlt ltqlydy@
link: https://www.google.com/maps/search/%D8%AE%D9%8A%D9%85%D8%A9+%D8%A7%D9%84%D8%AD%D8%B6%D9%86%D8%A9+%D9%84%D9%84%D9%85%D8%A3%D9%83%D9%88%D9%84%D8%A7%D8%AA+%D8%A7%D9%84%D8%AA%D9%82%D9%84%D9%8A%D8%AF%D9%8A%D8%A9/@36.273356799999995,7.9376575?authuser=0&hl=en&entry=ttu
Reviews: 3 reviews

Name: kfytry
link: https://www.google.com/maps/search/%D9%83%D8%A7%D9%81%D9%8A%D8%AA%D8%B1%D9%8A%D8%A7/@36.2806588,7.942713599999999?authuser=0&hl=en&entry=ttu
Reviews: 0 reviews",,,khym@ lzwy@ (Owner),,https://lh5.googleusercontent.com/p/AF1QipPvFF0mGAPpzd0Id_97tntMkW0iOtCP--txXBiz=w408-h306-k-no,Coffee shop,Coffee shop,,Open 24 hours,Open All Days,,"7W9Q+PCJ khym@ lzwy@, Souk Ahras, Algeria",,https://www.google.com/maps/place/%D8%AE%D9%8A%D9%85%D8%A9+%D8%A7%D9%84%D8%B2%D8%A7%D9%88%D9%8A%D8%A9%E2%80%AD/data=!4m7!3m6!1s0x12fa7d4397ee77bb:0x1c5b7a43bbaed224!8m2!3d36.2693492!4d7.9385273!16s%2Fg%2F11sxqlxfhr!19sChIJu3ful0N9-hIRJNKuu0N6Wxw?authuser=0&hl=en&rclk=1,Open 24 hours,,,,,,,,https://search.google.com/local/reviews?placeid=ChIJu3ful0N9-hIRJNKuu0N6Wxw&q=%D8%AE%D9%8A%D9%85%D8%A9+%D8%A7%D9%84%D8%B2%D8%A7%D9%88%D9%8A%D8%A9%E2%80%AD&authuser=0&hl=en&gl=DZ,"36.2693492,7.9385273",,Souk Ahras,7W9Q+PCJ,Souk Ahras,,,DZ,Africa/Algiers,2043361287272845860,0x12fa7d4397ee77bb:0x1c5b7a43bbaed224,,,,"Alcohol, Cocktails, Coffee, Small plates",,Restroom,,Cozy,,Groups,,"Monday: Open 24 hours
Tuesday: Open 24 hours
Wednesday: Open 24 hours
Thursday: Open 24 hours
Friday: Open 24 hours
Saturday: Open 24 hours
Sunday: Open 24 hours","1 PM, 2 PM, 12 PM
---
Time Label: 1 PM
Average Popularity: 36.714285714285715

Time Label: 2 PM
Average Popularity: 34.42857142857143

Time Label: 12 PM
Average Popularity: 30.714285714285715","Monday:
    4 AM: 25% | Usually not too busy
    5 AM: 33% | Usually not too busy
    6 AM: 16% | Usually not busy
    7 AM: 8% | Usually not busy
    8 AM: 0% | Idle
    9 AM: 0% | Idle
    10 AM: 0% | Idle
    11 AM: 0% | Idle
    12 PM: 8% | Usually not busy
    1 PM: 16% | Usually not busy
    2 PM: 33% | Usually not too busy
    3 PM: 16% | Usually not busy
    4 PM: 16% | Usually not busy
    5 PM: 25% | Usually not too busy
    6 PM: 58% | Usually a little busy
    7 PM: 41% | Usually not too busy
    8 PM: 50% | Usually not too busy
    9 PM: 16% | Usually not busy
    10 PM: 16% | Usually not busy
    11 PM: 16% | Usually not busy
    12 AM: 16% | Usually not busy
    1 AM: 33% | Usually not too busy
    2 AM: 25% | Usually not too busy
    3 AM: 16% | Usually not busy

Tuesday:
    4 AM: 33% | Usually not too busy
    5 AM: 25% | Usually not too busy
    6 AM: 41% | Usually not too busy
    7 AM: 16% | Usually not busy
    8 AM: 8% | Usually not busy
    9 AM: 0% | Idle
    10 AM: 0% | Idle
    11 AM: 0% | Idle
    12 PM: 0% | Idle
    1 PM: 0% | Idle
    2 PM: 8% | Usually not busy
    3 PM: 16% | Usually not busy
    4 PM: 33% | Usually not too busy
    5 PM: 33% | Usually not too busy
    6 PM: 33% | Usually not too busy
    7 PM: 8% | Usually not busy
    8 PM: 0% | Idle
    9 PM: 0% | Idle
    10 PM: 0% | Idle
    11 PM: 8% | Usually not busy
    12 AM: 16% | Usually not busy
    1 AM: 16% | Usually not busy
    2 AM: 25% | Usually not too busy
    3 AM: 33% | Usually not too busy

Wednesday:
    4 AM: 25% | Usually not too busy
    5 AM: 33% | Usually not too busy
    6 AM: 33% | Usually not too busy
    7 AM: 33% | Usually not too busy
    8 AM: 8% | Usually not busy
    9 AM: 8% | Usually not busy
    10 AM: 25% | Usually not too busy
    11 AM: 25% | Usually not too busy
    12 PM: 50% | Usually not too busy
    1 PM: 58% | Usually a little busy
    2 PM: 25% | Usually not too busy
    3 PM: 8% | Usually not busy
    4 PM: 0% | Idle
    5 PM: 0% | Idle
    6 PM: 0% | Idle
    7 PM: 0% | Idle
    8 PM: 8% | Usually not busy
    9 PM: 16% | Usually not busy
    10 PM: 41% | Usually not too busy
    11 PM: 33% | Usually not too busy
    12 AM: 25% | Usually not too busy
    1 AM: 0% | Idle
    2 AM: 0% | Idle
    3 AM: 8% | Usually not busy

Thursday:
    4 AM: 8% | Usually not busy
    5 AM: 8% | Usually not busy
    6 AM: 25% | Usually not too busy
    7 AM: 33% | Usually not too busy
    8 AM: 41% | Usually not too busy
    9 AM: 25% | Usually not too busy
    10 AM: 33% | Usually not too busy
    11 AM: 50% | Usually not too busy
    12 PM: 25% | Usually not too busy
    1 PM: 8% | Usually not busy
    2 PM: 0% | Idle
    3 PM: 0% | Idle
    4 PM: 8% | Usually not busy
    5 PM: 8% | Usually not busy
    6 PM: 16% | Usually not busy
    7 PM: 33% | Usually not too busy
    8 PM: 25% | Usually not too busy
    9 PM: 33% | Usually not too busy
    10 PM: 50% | Usually not too busy
    11 PM: 25% | Usually not too busy
    12 AM: 8% | Usually not busy
    1 AM: 0% | Idle
    2 AM: 0% | Idle
    3 AM: 8% | Usually not busy

Friday:
    4 AM: 8% | Usually not busy
    5 AM: 16% | Usually not busy
    6 AM: 8% | Usually not busy
    7 AM: 0% | Idle
    8 AM: 0% | Idle
    9 AM: 0% | Idle
    10 AM: 0% | Idle
    11 AM: 0% | Idle
    12 PM: 25% | Usually not too busy
    1 PM: 50% | Usually not too busy
    2 PM: 100% | Usually as busy as it gets
    3 PM: 58% | Usually a little busy
    4 PM: 41% | Usually not too busy
    5 PM: 8% | Usually not busy
    6 PM: 8% | Usually not busy
    7 PM: 16% | Usually not busy
    8 PM: 33% | Usually not too busy
    9 PM: 16% | Usually not busy
    10 PM: 8% | Usually not busy
    11 PM: 0% | Idle
    12 AM: 8% | Usually not busy
    1 AM: 16% | Usually not busy
    2 AM: 16% | Usually not busy
    3 AM: 8% | Usually not busy

Saturday:
    4 AM: 8% | Usually not busy
    5 AM: 33% | Usually not too busy
    6 AM: 25% | Usually not too busy
    7 AM: 8% | Usually not busy
    8 AM: 0% | Idle
    9 AM: 0% | Idle
    10 AM: 8% | Usually not busy
    11 AM: 25% | Usually not too busy
    12 PM: 41% | Usually not too busy
    1 PM: 50% | Usually not too busy
    2 PM: 25% | Usually not too busy
    3 PM: 8% | Usually not busy
    4 PM: 8% | Usually not busy
    5 PM: 16% | Usually not busy
    6 PM: 16% | Usually not busy
    7 PM: 16% | Usually not busy
    8 PM: 33% | Usually not too busy
    9 PM: 25% | Usually not too busy
    10 PM: 8% | Usually not busy
    11 PM: 8% | Usually not busy
    12 AM: 0% | Idle
    1 AM: 0% | Idle
    2 AM: 0% | Idle
    3 AM: 8% | Usually not busy

Sunday:
    4 AM: 8% | Usually not busy
    5 AM: 0% | Idle
    6 AM: 0% | Idle
    7 AM: 8% | Usually not busy
    8 AM: 33% | Usually not too busy
    9 AM: 75% | Usually a little busy
    10 AM: 75% | Usually a little busy
    11 AM: 50% | Usually not too busy
    12 PM: 66% | Usually a little busy
    1 PM: 75% | Usually a little busy
    2 PM: 50% | Usually not too busy
    3 PM: 16% | Usually not busy
    4 PM: 16% | Usually not busy
    5 PM: 50% | Usually not too busy
    6 PM: 58% | Usually a little busy
    7 PM: 25% | Usually not too busy
    8 PM: 8% | Usually not busy
    9 PM: 0% | Idle
    10 PM: 0% | Idle
    11 PM: 0% | Idle
    12 AM: 8% | Usually not busy
    1 AM: 16% | Usually not busy
    2 AM: 33% | Usually not too busy
    3 AM: 16% | Usually not busy","Takeout, Dine-in",,"Breakfast, Lunch, Dessert",,"Wheelchair accessible entrance, Wheelchair accessible parking lot, Wheelchair accessible restroom, Wheelchair accessible seating",,Good for kids,,Accepts reservations,
ChIJ0Vka14p9-hIR6rjbta1SW5s,rbHy nwr,,False,,,,rbHy nwr (Owner),,,Coffee shop,Coffee shop,,,Open All Days,,"7WHQ+W8M rbHy nwr, Souk-Ahras, Algeria",,https://www.google.com/maps/place/%D8%B1%D8%A8%D8%A7%D8%AD%D9%8A+%D9%86%D9%88%D8%A7%D8%B1%E2%80%AD/data=!4m7!3m6!1s0x12fa7d8ad71a59d1:0x9b5b52adb5dbb8ea!8m2!3d36.2798429!4d7.9382826!16s%2Fg%2F11t_r10_8c!19sChIJ0Vka14p9-hIR6rjbta1SW5s?authuser=0&hl=en&rclk=1,,,,,,,,,https://search.google.com/local/reviews?placeid=ChIJ0Vka14p9-hIR6rjbta1SW5s&q=%D8%B1%D8%A8%D8%A7%D8%AD%D9%8A+%D9%86%D9%88%D8%A7%D8%B1%E2%80%AD&authuser=0&hl=en&gl=DZ,"36.2798429,7.9382826",,Souk Ahras,7WHQ+W8M,Souk Ahras,,,DZ,Africa/Algiers,11194632204793395434,0x12fa7d8ad71a59d1:0x9b5b52adb5dbb8ea,,,,Coffee,,Restroom,,Cozy,,Groups,,,Not Present,Not Present,Dine-in,,,,,,Good for kids,,Accepts reservations,
ChIJI416zMF9-hIRighCI3OGZnA,(lTsyly )mHl shkry llshy wlmksrt wlHlwyt,,False,,,,(lTsyly )mHl shkry llshy wlmksrt wlHlwyt (Owner),,,Coffee shop,Coffee shop,,8 AM-12 AM,Open All Days,,"7WHV+55P (lTsyly )mHl shkry llshy wlmksrt wlHlwyt, Avenue Draia ahmed, Souk-Ahras, Algeria",,https://www.google.com/maps/place/%28%D8%A7%D9%84%D8%B7%D8%A7%D8%B3%D9%8A%D9%84%D9%8A+%29%D9%85%D8%AD%D9%84+%D8%B4%D9%83%D8%B1%D9%8A+%D9%84%D9%84%D8%B4%D8%A7%D9%8A+%D9%88%D8%A7%D9%84%D9%85%D9%83%D8%B3%D8%B1%D8%A7%D8%AA+%D9%88%D8%A7%D9%84%D8%AD%D9%84%D9%88%D9%8A%D8%A7%D8%AA%E2%80%AD/data=!4m7!3m6!1s0x12fa7dc1cc7a8d23:0x706686732342088a!8m2!3d36.2779502!4d7.9429667!16s%2Fg%2F11l344n4t8!19sChIJI416zMF9-hIRighCI3OGZnA?authuser=0&hl=en&rclk=1,Closed  Opens 8 AM,,,,,,,,https://search.google.com/local/reviews?placeid=ChIJI416zMF9-hIRighCI3OGZnA&q=%28%D8%A7%D9%84%D8%B7%D8%A7%D8%B3%D9%8A%D9%84%D9%8A+%29%D9%85%D8%AD%D9%84+%D8%B4%D9%83%D8%B1%D9%8A+%D9%84%D9%84%D8%B4%D8%A7%D9%8A+%D9%88%D8%A7%D9%84%D9%85%D9%83%D8%B3%D8%B1%D8%A7%D8%AA+%D9%88%D8%A7%D9%84%D8%AD%D9%84%D9%88%D9%8A%D8%A7%D8%AA%E2%80%AD&authuser=0&hl=en&gl=DZ,"36.2779502,7.9429666999999995",,Souk Ahras,"7WHV+55P, Avenue Draia ahmed",Souk Ahras,,,DZ,Africa/Algiers,8099308808943306890,0x12fa7dc1cc7a8d23:0x706686732342088a,,,,Coffee,,,,Cozy,,Groups,,"Monday: 8 AM-12 AM
Tuesday: 8 AM-12 AM
Wednesday: 8 AM-12 AM
Thursday: 8 AM-12 AM
Friday: 8 AM-12 AM
Saturday: 8 AM-12 AM
Sunday: 8 AM-12 AM",Not Present,Not Present,,,,,,,,,,
ChIJl7a8LC9j-hIRk5Web14Zmbo,mqh~ drydy,,False,"Name: mqh~ frwq
link: https://www.google.com/maps/search/%D9%85%D9%82%D9%87%D9%89+%D9%81%D8%A7%D8%B1%D9%88%D9%82/@36.2874768,7.981499299999999?authuser=0&hl=en&entry=ttu
Reviews: 2 reviews

Name: mqh~ bn `wr@ fryd
link: https://www.google.com/maps/search/%D9%85%D9%82%D9%87%D9%89+%D8%A8%D9%86+%D8%B9%D9%88%D8%B1%D8%A9+%D9%81%D8%B1%D9%8A%D8%AF/@36.2874085,7.982556099999999?authuser=0&hl=en&entry=ttu
Reviews: 0 reviews",,,mqh~ drydy (Owner),,,Coffee shop,Coffee shop,,,Open All Days,,"72FP+J7X mqh~ drydy, Souk-Ahras, Algeria",,https://www.google.com/maps/place/%D9%85%D9%82%D9%87%D9%89+%D8%AF%D8%B1%D9%8A%D8%AF%D9%8A%E2%80%AD/data=!4m7!3m6!1s0x12fa632f2cbcb697:0xba99195e6f9e9593!8m2!3d36.2737871!4d8.0356866!16s%2Fg%2F11sdbjvw_t!19sChIJl7a8LC9j-hIRk5Web14Zmbo?authuser=0&hl=en&rclk=1,,,,,,,,,https://search.google.com/local/reviews?placeid=ChIJl7a8LC9j-hIRk5Web14Zmbo&q=%D9%85%D9%82%D9%87%D9%89+%D8%AF%D8%B1%D9%8A%D8%AF%D9%8A%E2%80%AD&authuser=0&hl=en&gl=DZ,"36.2737871,8.0356866",,Duar-Bu-Kebsh,72FP+J7X,Souk Ahras,,,DZ,Africa/Algiers,13445806055881610643,0x12fa632f2cbcb697:0xba99195e6f9e9593,,,,Coffee,,Restroom,,Cozy,,Groups,,,Not Present,Not Present,,,,,,,,,,
ChIJLflf1gtj-hIRmWdC3ggTIRQ,Cafe Tarek,,False,,,,Cafe Tarek (Owner),,,Coffee shop,Coffee shop,,,Open All Days,,"7XPR+CQ7 Cafe Tarek, Souk-Ahras, Algeria",,https://www.google.com/maps/place/Caf%C3%A9+Tarek/data=!4m7!3m6!1s0x12fa630bd65ff92d:0x14211308de426799!8m2!3d36.2860252!4d7.9919244!16s%2Fg%2F11vjjhd0nd!19sChIJLflf1gtj-hIRmWdC3ggTIRQ?authuser=0&hl=en&rclk=1,,,,,,,,,https://search.google.com/local/reviews?placeid=ChIJLflf1gtj-hIRmWdC3ggTIRQ&q=Caf%C3%A9+Tarek&authuser=0&hl=en&gl=DZ,"36.2860252,7.991924399999999",,Souk Ahras,7XPR+CQ7,Souk Ahras,,,DZ,Africa/Algiers,1450461483799570329,0x12fa630bd65ff92d:0x14211308de426799,,,,Coffee,,,,Cozy,,Groups,,,Not Present,Not Present,,,,,,,,,,
ChIJ426b-Ydj-hIR0L03K2YiCyk,Cafe nadir,,False,"Name: Cafe des princes
link: https://www.google.com/maps/search/Caf%C3%A9+des+princes/@36.283763,7.958430399999999?authuser=0&hl=en&entry=ttu
Reviews: 2 reviews

Name: caffe oasis
link: https://www.google.com/maps/search/caffe+oasis/@36.282937499999996,7.9539947?authuser=0&hl=en&entry=ttu
Reviews: 1 reviews

Name: Barista
link: https://www.google.com/maps/search/Barista/@36.2850811,7.955845200000001?authuser=0&hl=en&entry=ttu
Reviews: 0 reviews",,,Cafe nadir (Owner),,,Coffee shop,Coffee shop,,,Open All Days,,"Cafe nadir, N82,, Souk-Ahras, Algeria",,https://www.google.com/maps/place/Caf%C3%A9+nadir/data=!4m7!3m6!1s0x12fa6387f99b6ee3:0x290b22662b37bdd0!8m2!3d36.2891232!4d7.9720922!16s%2Fg%2F11sx6vq4y9!19sChIJ426b-Ydj-hIR0L03K2YiCyk?authuser=0&hl=en&rclk=1,,,,,,,,,https://search.google.com/local/reviews?placeid=ChIJ426b-Ydj-hIR0L03K2YiCyk&q=Caf%C3%A9+nadir&authuser=0&hl=en&gl=DZ,"36.2891232,7.9720922","7XQC+JR Souk Ahras, Algeria",Souk Ahras,"N82,",Souk Ahras,,,DZ,Africa/Algiers,2957495402505944528,0x12fa6387f99b6ee3:0x290b22662b37bdd0,,,,Coffee,,,,,,,,,Not Present,Not Present,,,,,,,,,,
ChIJvaz0jTl9-hIRBC_8kLroUU8,mqh~ lHwt,,False,"Name: swbyrt lkhw@
link: https://www.google.com/maps/search/%D8%B3%D9%88%D8%A8%D9%8A%D8%B1%D8%A7%D8%AA+%D8%A7%D9%84%D8%A7%D8%AE%D9%88%D8%A9/@36.2615956,7.942534?authuser=0&hl=en&entry=ttu
Reviews: 2 reviews

Name: Cafeteria
link: https://www.google.com/maps/search/Cafeteria/@36.2769652,7.941907199999998?authuser=0&hl=en&entry=ttu
Reviews: 1 reviews

Name: kfytry
link: https://www.google.com/maps/search/%D9%83%D8%A7%D9%81%D9%8A%D8%AA%D8%B1%D9%8A%D8%A7/@36.2806588,7.942713599999999?authuser=0&hl=en&entry=ttu
Reviews: 0 reviews",,,mqh~ lHwt (Owner),,https://lh5.googleusercontent.com/p/AF1QipNyZKqJFYK7CD2BuVqyhaK66f1NxpmLSv1kj8Ly=w426-h240-k-no,Coffee shop,Coffee shop,,,Open All Days,,"7W6V+J3 mqh~ lHwt, Souk Ahras, Algeria",,https://www.google.com/maps/place/%D9%85%D9%82%D9%87%D9%89+%D8%A7%D9%84%D8%AD%D9%88%D8%AA%E2%80%AD/data=!4m7!3m6!1s0x12fa7d398df4acbd:0x4f51e8ba90fc2f04!8m2!3d36.2615375!4d7.9426409!16s%2Fg%2F11qb3ykxpf!19sChIJvaz0jTl9-hIRBC_8kLroUU8?authuser=0&hl=en&rclk=1,,,,,,,,,https://search.google.com/local/reviews?placeid=ChIJvaz0jTl9-hIRBC_8kLroUU8&q=%D9%85%D9%82%D9%87%D9%89+%D8%A7%D9%84%D8%AD%D9%88%D8%AA%E2%80%AD&authuser=0&hl=en&gl=DZ,"36.261537499999996,7.9426409",,Souk Ahras,7W6V+J3,Souk Ahras,,,DZ,Africa/Algiers,5715605290103877380,0x12fa7d398df4acbd:0x4f51e8ba90fc2f04,,,,Coffee,,,,,,,,,Not Present,Not Present,,,,,,,,,,
ChIJ_7wpxCt9-hIRpnigNc0alcU,Cafe chez Ghelis,,False,"Name: Cafe Mecelti
link: https://www.google.com/maps/search/Caf%C3%A9+Mecelti/@36.2837075,7.958509599999999?authuser=0&hl=en&entry=ttu
Reviews: 3 reviews

Name: Delicia
link: https://www.google.com/maps/search/Delicia/@36.2772885,7.942874199999999?authuser=0&hl=en&entry=ttu
Reviews: 1 reviews

Name: Cafe chez Boudis
link: https://www.google.com/maps/search/Caf%C3%A9+chez+Boudis/@36.2873149,7.9530123?authuser=0&hl=en&entry=ttu
Reviews: 0 reviews",,,Cafe chez Ghelis (Owner),,https://lh5.googleusercontent.com/p/AF1QipM8EyAI6dy2kbpBeEsw0iApoNH8qS8eRZfsbIRu=w426-h240-k-no,Coffee shop,Coffee shop,,,Open All Days,,"7XQ3+55W Cafe chez Ghelis, Souk-Ahras, Algeria",,https://www.google.com/maps/place/Caf%C3%A9+chez+Ghelis/data=!4m7!3m6!1s0x12fa7d2bc429bcff:0xc5951acd35a078a6!8m2!3d36.2879786!4d7.9529386!16s%2Fg%2F11r8fg29ww!19sChIJ_7wpxCt9-hIRpnigNc0alcU?authuser=0&hl=en&rclk=1,,,,,,,,,https://search.google.com/local/reviews?placeid=ChIJ_7wpxCt9-hIRpnigNc0alcU&q=Caf%C3%A9+chez+Ghelis&authuser=0&hl=en&gl=DZ,"36.287978599999995,7.9529385999999995",,Souk Ahras,7XQ3+55W,Souk Ahras,,,DZ,Africa/Algiers,14237315265672018086,0x12fa7d2bc429bcff:0xc5951acd35a078a6,,,,Coffee,,,,,,,,,Not Present,Not Present,,,,,,,,,,
ChIJNec6I-Z9-hIR32k00q_11wY,Cafe chez Kadour,,False,"Name: cafe 3001
link: https://www.google.com/maps/search/cafe+3001/@36.2875201,7.9421138000000004?authuser=0&hl=en&entry=ttu
Reviews: 19 reviews

Name: Cafe Coupe
link: https://www.google.com/maps/search/Caf%C3%A9+Coupe/@36.2818013,7.9478675999999995?authuser=0&hl=en&entry=ttu
Reviews: 2 reviews

Name: Barista
link: https://www.google.com/maps/search/Barista/@36.2850811,7.955845200000001?authuser=0&hl=en&entry=ttu
Reviews: 0 reviews",,,Cafe chez Kadour (Owner),,,Coffee shop,Coffee shop,,,Open All Days,,"7XP3+MH9 Cafe chez Kadour, Rue d'Alger, Souk-Ahras, Algeria",,https://www.google.com/maps/place/Caf%C3%A9+chez+Kadour/data=!4m7!3m6!1s0x12fa7de6233ae735:0x6d7f5afd23469df!8m2!3d36.286666!4d7.9539849!16s%2Fg%2F11r8fjzg3w!19sChIJNec6I-Z9-hIR32k00q_11wY?authuser=0&hl=en&rclk=1,,,,,,,,,https://search.google.com/local/reviews?placeid=ChIJNec6I-Z9-hIR32k00q_11wY&q=Caf%C3%A9+chez+Kadour&authuser=0&hl=en&gl=DZ,"36.286666,7.9539849",,Souk Ahras,"7XP3+MH9, Rue d'Alger",Souk Ahras,,,DZ,Africa/Algiers,493132819715090911,0x12fa7de6233ae735:0x6d7f5afd23469df,,,,Coffee,,,,,,,,,Not Present,Not Present,,,,,,,,,,
ChIJvx0M7tp9-hIRqXpz0IXIJHY,Chicha chez Toufaha et Siffa,,False,"Name: mqh~ ysyn
link: https://www.google.com/maps/search/%D9%85%D9%82%D9%87%D9%89+%D9%8A%D8%A7%D8%B3%D9%8A%D9%86/@36.2818381,7.9430019?authuser=0&hl=en&entry=ttu
Reviews: 3 reviews

Name: caffe oasis
link: https://www.google.com/maps/search/caffe+oasis/@36.282937499999996,7.9539947?authuser=0&hl=en&entry=ttu
Reviews: 1 reviews",,,Chicha chez Toufaha et Siffa (Owner),,,Coffee shop,Coffee shop,,,Open All Days,,"7XQ3+4GM Chicha chez Toufaha et Siffa, Souk-Ahras, Algeria",,https://www.google.com/maps/place/Chicha+chez+Toufaha+et+Siffa/data=!4m7!3m6!1s0x12fa7ddaee0c1dbf:0x7624c885d0737aa9!8m2!3d36.2878381!4d7.9537899!16s%2Fg%2F11n8t4zk2y!19sChIJvx0M7tp9-hIRqXpz0IXIJHY?authuser=0&hl=en&rclk=1,,,,,,,,,https://search.google.com/local/reviews?placeid=ChIJvx0M7tp9-hIRqXpz0IXIJHY&q=Chicha+chez+Toufaha+et+Siffa&authuser=0&hl=en&gl=DZ,"36.2878381,7.953789899999999",,Souk Ahras,7XQ3+4GM,Souk Ahras,,,DZ,Africa/Algiers,8513149672690514601,0x12fa7ddaee0c1dbf:0x7624c885d0737aa9,,,,Coffee,,,,,,,,,Not Present,Not Present,,,,,,,,,,
