place_id,name,description,is_spending_on_ads,competitors,reviews,website,owner_name,owner_profile_link,featured_image,main_category,categories,rating,workday_timing,closed_on,phone,address,review_keywords,link,status,price_range,reviews_per_rating_1,reviews_per_rating_2,reviews_per_rating_3,reviews_per_rating_4,reviews_per_rating_5,featured_question,reviews_link,coordinates,plus_code,address_ward,address_street,address_city,address_postal_code,address_state,address_country_code,time_zone,cid,data_id,menu_link,reservations,order_online_links,service_options_enabled,service_options_disabled,accessibility_enabled,accessibility_disabled,offerings_enabled,offerings_disabled,dining_options_enabled,dining_options_disabled,amenities_enabled,amenities_disabled,atmosphere_enabled,atmosphere_disabled,crowd_enabled,crowd_disabled,children_enabled,children_disabled,hours,most_popular_times,popular_times,planning_enabled,planning_disabled,pets_enabled,pets_disabled
ChIJQxIuthcmZBIRbQcGVC1ec2U,Cafeteria Keddici,,False,"Name: Jsk
link: https://www.google.com/maps/search/Jsk/@32.4875061,3.6801584?authuser=0&hl=en&entry=ttu
Reviews: 12 reviews

Name: Cafe El-gosto
link: https://www.google.com/maps/search/Caf%C3%A9+El-gosto/@32.4917186,3.6818655?authuser=0&hl=en&entry=ttu
Reviews: 7 reviews

Name: Cafe crystal
link: https://www.google.com/maps/search/Cafe+crystal/@32.484876199999995,3.6788825999999997?authuser=0&hl=en&entry=ttu
Reviews: 5 reviews

Name: qd@ fryt kada fritte
link: https://www.google.com/maps/search/%D9%82%D8%A7%D8%AF%D8%A9+%D9%81%D8%B1%D9%8A%D8%AA+kada+fritte/@32.486926499999996,3.6741981?authuser=0&hl=en&entry=ttu
Reviews: 3 reviews",6,,Cafeteria Keddici (Owner),,https://lh5.googleusercontent.com/p/AF1QipOD1qOdma_n9enl-Ri677d8hTC-b4wJcfqiKXtl=w408-h544-k-no,Coffee shop,Coffee shop,3.3,7:30 AM-6 PM,Friday,+213 661 39 34 48,"FMWJ+WG3 Cafeteria Keddici, Hy bwhrw@ lsfl~ Grdy@,, Ghardaia, Algeria",,https://www.google.com/maps/place/Cafeteria+Keddici/data=!4m7!3m6!1s0x12642617b62e1243:0x65735e2d5406076d!8m2!3d32.4972609!4d3.6813045!16s%2Fg%2F11cn3t2nmc!19sChIJQxIuthcmZBIRbQcGVC1ec2U?authuser=0&hl=en&rclk=1,Closed  Opens 7:30 AM,,1,2,0,0,3,,https://search.google.com/local/reviews?placeid=ChIJQxIuthcmZBIRbQcGVC1ec2U&q=Cafeteria+Keddici&authuser=0&hl=en&gl=DZ,"32.4972609,3.6813045",,Ghardaia,"FMWJ+WG3, Hy bwhrw@ lsfl~ Grdy@,",Ghardaia,,,DZ,Africa/Algiers,7310290168928667501,0x12642617b62e1243:0x65735e2d5406076d,,,,"Outdoor seating, Takeout, Dine-in",,Wheelchair accessible entrance,,"Coffee, Small plates",,"Breakfast, Seating",,Restroom,,Cozy,,Groups,,Good for kids,,"Monday: 7:30 AM-6 PM
Tuesday: 7:30 AM-6 PM
Wednesday: 7:30 AM-6 PM
Thursday: 7:30 AM-6 PM
Friday: Closed
Saturday: 7:30 AM-6 PM
Sunday: 7:30 AM-6 PM",Not Present,Not Present,,,,
ChIJmYc1QbEnZBIRprYiaookXrI,Cafe crystal,,False,"Name: Cafeteria Keddici
link: https://www.google.com/maps/search/Cafeteria+Keddici/@32.4972609,3.6813045?authuser=0&hl=en&entry=ttu
Reviews: 6 reviews

Name: Cafe casa dr lqhw@
link: https://www.google.com/maps/search/Cafe+casa+%D8%AF%D8%A7%D8%B1+%D8%A7%D9%84%D9%82%D9%87%D9%88%D8%A9/@32.477673200000005,3.6886449?authuser=0&hl=en&entry=ttu
Reviews: 0 reviews

Name: coffee shop
link: https://www.google.com/maps/search/coffee+shop/@32.4788559,3.6883217999999998?authuser=0&hl=en&entry=ttu
Reviews: 0 reviews",5,,Cafe crystal (Owner),,https://lh5.googleusercontent.com/p/AF1QipNqdPPa0T76Pg1nbf_QNOZdsXWquErKXX_grkh-=w408-h306-k-no,Coffee shop,Coffee shop,4.2,,Open All Days,,"FMMH+XH6 Cafe crystal, Ghardaia, Algeria",,https://www.google.com/maps/place/Cafe+crystal/data=!4m7!3m6!1s0x126427b141358799:0xb25e248a6a22b6a6!8m2!3d32.4848762!4d3.6788826!16s%2Fg%2F11smj90jt9!19sChIJmYc1QbEnZBIRprYiaookXrI?authuser=0&hl=en&rclk=1,,,0,0,2,0,3,,https://search.google.com/local/reviews?placeid=ChIJmYc1QbEnZBIRprYiaookXrI&q=Cafe+crystal&authuser=0&hl=en&gl=DZ,"32.484876199999995,3.6788825999999997",,Ghardaia,FMMH+XH6,Ghardaia,,,DZ,Africa/Algiers,12852750563466720934,0x126427b141358799:0xb25e248a6a22b6a6,,,,Outdoor seating,,Wheelchair accessible seating,,Coffee,,Seating,,Restroom,,Cozy,,Groups,,Good for kids,,,Not Present,Not Present,,,,
ChIJud81O8IpZBIRdtOLpy9BBi0,kshk mt`dd khdmt nsyl bwbkr,,False,"Name: Jsk
link: https://www.google.com/maps/search/Jsk/@32.4875061,3.6801584?authuser=0&hl=en&entry=ttu
Reviews: 12 reviews

Name: kshk mt`ddlkhdmt
link: https://www.google.com/maps/search/%D9%83%D8%B4%D9%83+%D9%85%D8%AA%D8%B9%D8%AF%D8%AF%D8%A7%D9%84%D8%AE%D8%AF%D9%85%D8%A7%D8%AA/@32.4906667,3.6813233?authuser=0&hl=en&entry=ttu
Reviews: 0 reviews",4,,kshk mt`dd khdmt nsyl bwbkr (Owner),,https://lh5.googleusercontent.com/p/AF1QipPazpBdFNp8aiuOrDEU5B0CxUD0d1umijypJgqH=w408-h544-k-no,Coffee shop,Coffee shop,5,,Open All Days,+213 656 53 99 01,"kshk mt`dd khdmt nsyl bwbkr, shr` wl nwfmbr, Ghardaia 47000, Algeria",,https://www.google.com/maps/place/%D9%83%D8%B4%D9%83+%D9%85%D8%AA%D8%B9%D8%AF%D8%AF+%D8%AE%D8%AF%D9%85%D8%A7%D8%AA+%D9%86%D8%B3%D9%8A%D9%84+%D8%A8%D9%88%D8%A8%D9%83%D8%B1%E2%80%AD/data=!4m7!3m6!1s0x126429c23b35dfb9:0x2d06412fa78bd376!8m2!3d32.4787799!4d3.688487!16s%2Fg%2F11tp7qtv53!19sChIJud81O8IpZBIRdtOLpy9BBi0?authuser=0&hl=en&rclk=1,,,0,0,0,0,4,,https://search.google.com/local/reviews?placeid=ChIJud81O8IpZBIRdtOLpy9BBi0&q=%D9%83%D8%B4%D9%83+%D9%85%D8%AA%D8%B9%D8%AF%D8%AF+%D8%AE%D8%AF%D9%85%D8%A7%D8%AA+%D9%86%D8%B3%D9%8A%D9%84+%D8%A8%D9%88%D8%A8%D9%83%D8%B1%E2%80%AD&authuser=0&hl=en&gl=DZ,"32.4787799,3.688487","FMHQ+G9 Ghardaia, Algeria",Ghardaia,shr` wl nwfmbr,Ghardaia,47000,,DZ,Africa/Algiers,3244352254497248118,0x126429c23b35dfb9:0x2d06412fa78bd376,,,,"Outdoor seating, Takeout, Dine-in",,"Wheelchair accessible entrance, Wheelchair accessible parking lot, Wheelchair accessible restroom, Wheelchair accessible seating",,"Alcohol, Cocktails, Coffee, Small plates",,"Breakfast, Lunch, Dinner, Dessert, Seating",,Restroom,,Cozy,,Groups,,Good for kids,,,Not Present,Not Present,Accepts reservations,,Dogs allowed,
ChIJ9_y-8NElZBIRzasz_Ii_WOM,mqh~ qr`ny,,False,"Name: CAFE BEN AMCHA
link: https://www.google.com/maps/search/CAF%C3%89+BEN+AMCHA/@32.5349096,3.6083445999999997?authuser=0&hl=en&entry=ttu
Reviews: 1 reviews

Name: mqh~ bn `msh@
link: https://www.google.com/maps/search/%D9%85%D9%82%D9%87%D9%89+%D8%A8%D9%86+%D8%B9%D9%85%D8%B4%D8%A9/@32.5349065,3.6083347999999997?authuser=0&hl=en&entry=ttu
Reviews: 1 reviews

Name: coffee shop
link: https://www.google.com/maps/search/coffee+shop/@32.4788559,3.6883217999999998?authuser=0&hl=en&entry=ttu
Reviews: 0 reviews",3,,mqh~ qr`ny (Owner),,,Coffee shop,Coffee shop,3.7,,Open All Days,,"GJM5+H7V mqh~ qr`ny, W147, Dhayet Bendhahoua, Algeria",,https://www.google.com/maps/place/%D9%85%D9%82%D9%87%D9%89+%D9%82%D8%B1%D8%B9%D8%A7%D9%86%D9%8A%E2%80%AD/data=!4m7!3m6!1s0x126425d1f0befcf7:0xe358bf88fc33abcd!8m2!3d32.533993!4d3.608166!16s%2Fg%2F11r6xqznnw!19sChIJ9_y-8NElZBIRzasz_Ii_WOM?authuser=0&hl=en&rclk=1,,,0,1,0,1,1,,https://search.google.com/local/reviews?placeid=ChIJ9_y-8NElZBIRzasz_Ii_WOM&q=%D9%85%D9%82%D9%87%D9%89+%D9%82%D8%B1%D8%B9%D8%A7%D9%86%D9%8A%E2%80%AD&authuser=0&hl=en&gl=DZ,"32.533992999999995,3.6081659999999998",,Dhayet Bendhahoua,"GJM5+H7V, Ave de L'A.L.N",Dhayet Bendhahoua,,,DZ,Africa/Algiers,16382054239627881421,0x126425d1f0befcf7:0xe358bf88fc33abcd,,,,Dine-in,,"Wheelchair accessible entrance, Wheelchair accessible parking lot, Wheelchair accessible restroom, Wheelchair accessible seating",,Coffee,,"Breakfast, Lunch, Dessert",,Restroom,,Cozy,,Groups,,,,,Not Present,Not Present,Accepts reservations,,,
ChIJ5ShWaO4nZBIRw5I-h1weQ8E,Cafe du Gare - mqh~ lmHT@,,False,"Name: Cafe crystal
link: https://www.google.com/maps/search/Cafe+crystal/@32.484876199999995,3.6788825999999997?authuser=0&hl=en&entry=ttu
Reviews: 5 reviews

Name: Hlwyt 'm lqr~
link: https://www.google.com/maps/search/%D8%AD%D9%84%D9%88%D9%8A%D8%A7%D8%AA+%D8%A3%D9%85+%D8%A7%D9%84%D9%82%D8%B1%D9%89/@32.4761975,3.7467785?authuser=0&hl=en&entry=ttu
Reviews: 1 reviews",3,,Cafe du Gare - mqh~ lmHT@ (Owner),,,Coffee shop,Coffee shop,4,,Open All Days,,"FMQW+C96 Cafe du Gare - mqh~ lmHT@, Bounoura, Algeria",,https://www.google.com/maps/place/Caf%C3%A9+du+Gare+-+%D9%85%D9%82%D9%87%D9%89+%D8%A7%D9%84%D9%85%D8%AD%D8%B7%D8%A9%E2%80%AD/data=!4m7!3m6!1s0x126427ee685628e5:0xc1431e5c873e92c3!8m2!3d32.4885253!4d3.6963526!16s%2Fg%2F11rkcwl025!19sChIJ5ShWaO4nZBIRw5I-h1weQ8E?authuser=0&hl=en&rclk=1,,,0,1,0,0,2,,https://search.google.com/local/reviews?placeid=ChIJ5ShWaO4nZBIRw5I-h1weQ8E&q=Caf%C3%A9+du+Gare+-+%D9%85%D9%82%D9%87%D9%89+%D8%A7%D9%84%D9%85%D8%AD%D8%B7%D8%A9%E2%80%AD&authuser=0&hl=en&gl=DZ,"32.4885253,3.6963526",,Bounoura,FMQW+C96,Bounoura,,,DZ,Africa/Algiers,13926007855514555075,0x126427ee685628e5:0xc1431e5c873e92c3,,,,"Takeout, Dine-in",,"Wheelchair accessible entrance, Wheelchair accessible parking lot, Wheelchair accessible restroom",,Coffee,,"Breakfast, Lunch, Dinner, Dessert",,Restroom,,Cozy,,Groups,,,,,Not Present,Not Present,,,,
ChIJ31KDVy4nZBIRKrkC84TQFsw,Desert house,,False,,2,,Desert house (Owner),,https://lh5.googleusercontent.com/p/AF1QipN3RYEfQpcXzo4rV03BeR-l6ofjOufkcYKNIyoD=w408-h544-k-no,Coffee shop,Coffee shop,4.5,Open 24 hours,Friday,+213 555 20 20 21,"FMMH+XM4 Desert house, Ave de L'A.L.N, Bounoura, Algeria",,https://www.google.com/maps/place/Desert+house/data=!4m7!3m6!1s0x1264272e578352df:0xcc16d084f302b92a!8m2!3d32.4848255!4d3.6791409!16s%2Fg%2F11ss0ttbzm!19sChIJ31KDVy4nZBIRKrkC84TQFsw?authuser=0&hl=en&rclk=1,Open 24 hours,,0,0,0,1,1,,https://search.google.com/local/reviews?placeid=ChIJ31KDVy4nZBIRKrkC84TQFsw&q=Desert+house&authuser=0&hl=en&gl=DZ,"32.4848255,3.6791408999999997",,Ghardaia,"FMMH+XM4, Ave de L'A.L.N",Bounoura,,,DZ,Africa/Algiers,14706170902656235818,0x1264272e578352df:0xcc16d084f302b92a,,,,"Outdoor seating, Takeout, Dine-in",,"Wheelchair accessible entrance, Wheelchair accessible parking lot, Wheelchair accessible restroom, Wheelchair accessible seating",,"Coffee, Small plates",,"Breakfast, Brunch, Lunch, Dinner, Dessert, Seating",,Restroom,,Cozy,,Groups,,"Good for kids, High chairs, Kids' menu",,"Monday: Open 24 hours
Tuesday: Open 24 hours
Wednesday: Open 24 hours
Thursday: Open 24 hours
Friday: Closed
Saturday: Open 24 hours
Sunday: Open 24 hours","1 PM, 8 AM, 3 PM
---
Time Label: 1 PM
Average Popularity: 46.666666666666664

Time Label: 8 AM
Average Popularity: 41.666666666666664

Time Label: 3 PM
Average Popularity: 40.0","Monday:
    12 AM: 80% | Usually a little busy
    1 AM: 70% | Usually a little busy
    2 AM: 60% | Usually a little busy
    3 AM: 20% | Usually not busy
    4 AM: 20% | Usually not busy
    5 AM: 10% | Usually not busy
    6 AM: 30% | Usually not too busy
    7 AM: 30% | Usually not too busy
    8 AM: 50% | Usually not too busy
    9 AM: 40% | Usually not too busy
    10 AM: 20% | Usually not busy
    11 AM: 10% | Usually not busy
    12 PM: 30% | Usually not too busy
    1 PM: 10% | Usually not busy
    2 PM: 0% | Idle
    3 PM: 0% | Idle
    4 PM: 0% | Idle
    5 PM: 0% | Idle
    6 PM: 0% | Idle
    7 PM: 0% | Idle
    8 PM: 0% | Idle
    9 PM: 0% | Idle
    10 PM: 0% | Idle
    11 PM: 10% | Usually not busy

Tuesday:
    12 AM: 50% | Usually not too busy
    1 AM: 50% | Usually not too busy
    2 AM: 60% | Usually a little busy
    3 AM: 40% | Usually not too busy
    4 AM: 20% | Usually not busy
    5 AM: 10% | Usually not busy
    6 AM: 0% | Idle
    7 AM: 10% | Usually not busy
    8 AM: 20% | Usually not busy
    9 AM: 40% | Usually not too busy
    10 AM: 20% | Usually not busy
    11 AM: 30% | Usually not too busy
    12 PM: 40% | Usually not too busy
    1 PM: 90% | Usually as busy as it gets
    2 PM: 40% | Usually not too busy
    3 PM: 30% | Usually not too busy
    4 PM: 20% | Usually not busy
    5 PM: 10% | Usually not busy
    6 PM: 0% | Idle
    7 PM: 0% | Idle
    8 PM: 0% | Idle
    9 PM: 0% | Idle
    10 PM: 0% | Idle
    11 PM: 0% | Idle

Wednesday:
    12 AM: 0% | Idle
    1 AM: 0% | Idle
    2 AM: 0% | Idle
    3 AM: 10% | Usually not busy
    4 AM: 50% | Usually not too busy
    5 AM: 50% | Usually not too busy
    6 AM: 50% | Usually not too busy
    7 AM: 70% | Usually a little busy
    8 AM: 60% | Usually a little busy
    9 AM: 70% | Usually a little busy
    10 AM: 30% | Usually not too busy
    11 AM: 10% | Usually not busy
    12 PM: 20% | Usually not busy
    1 PM: 50% | Usually not too busy
    2 PM: 100% | Usually as busy as it gets
    3 PM: 90% | Usually as busy as it gets
    4 PM: 60% | Usually a little busy
    5 PM: 20% | Usually not busy
    6 PM: 0% | Idle
    7 PM: 10% | Usually not busy
    8 PM: 30% | Usually not too busy
    9 PM: 30% | Usually not too busy
    10 PM: 10% | Usually not busy
    11 PM: 0% | Idle

Thursday:
    12 AM: 0% | Idle
    1 AM: 0% | Idle
    2 AM: 10% | Usually not busy
    3 AM: 30% | Usually not too busy
    4 AM: 0% | Idle
    5 AM: 0% | Idle
    6 AM: 10% | Usually not busy
    7 AM: 0% | Idle
    8 AM: 0% | Idle
    9 AM: 10% | Usually not busy
    10 AM: 20% | Usually not busy
    11 AM: 20% | Usually not busy
    12 PM: 30% | Usually not too busy
    1 PM: 70% | Usually a little busy
    2 PM: 30% | Usually not too busy
    3 PM: 20% | Usually not busy
    4 PM: 10% | Usually not busy
    5 PM: 40% | Usually not too busy
    6 PM: 30% | Usually not too busy
    7 PM: 40% | Usually not too busy
    8 PM: 20% | Usually not busy
    9 PM: 20% | Usually not busy
    10 PM: 0% | Idle
    11 PM: 10% | Usually not busy

Saturday:
    12 AM: 10% | Usually not busy
    1 AM: 0% | Idle
    2 AM: 0% | Idle
    3 AM: 0% | Idle
    4 AM: 60% | Usually a little busy
    5 AM: 30% | Usually not too busy
    6 AM: 10% | Usually not busy
    7 AM: 10% | Usually not busy
    8 AM: 20% | Usually not busy
    9 AM: 20% | Usually not busy
    10 AM: 20% | Usually not busy
    11 AM: 20% | Usually not busy
    12 PM: 20% | Usually not busy
    1 PM: 60% | Usually a little busy
    2 PM: 40% | Usually not too busy
    3 PM: 60% | Usually a little busy
    4 PM: 40% | Usually not too busy
    5 PM: 50% | Usually not too busy
    6 PM: 30% | Usually not too busy
    7 PM: 40% | Usually not too busy
    8 PM: 10% | Usually not busy
    9 PM: 0% | Idle
    10 PM: 10% | Usually not busy
    11 PM: 0% | Idle

Sunday:
    12 AM: 0% | Idle
    1 AM: 10% | Usually not busy
    2 AM: 40% | Usually not too busy
    3 AM: 40% | Usually not too busy
    4 AM: 20% | Usually not busy
    5 AM: 40% | Usually not too busy
    6 AM: 80% | Usually a little busy
    7 AM: 70% | Usually a little busy
    8 AM: 100% | Usually as busy as it gets
    9 AM: 40% | Usually not too busy
    10 AM: 30% | Usually not too busy
    11 AM: 0% | Idle
    12 PM: 10% | Usually not busy
    1 PM: 0% | Idle
    2 PM: 10% | Usually not busy
    3 PM: 40% | Usually not too busy
    4 PM: 60% | Usually a little busy
    5 PM: 100% | Usually as busy as it gets
    6 PM: 50% | Usually not too busy
    7 PM: 20% | Usually not busy
    8 PM: 0% | Idle
    9 PM: 0% | Idle
    10 PM: 10% | Usually not busy
    11 PM: 30% | Usually not too busy",Accepts reservations,,,
ChIJWdJc8lQlZBIRwHqzkBbisJ0,Complex Ajim mrkb 'jym lsyHy,,False,"Name: khym@ Hmh llm'kwlt ltqlydy@
link: https://www.google.com/maps/search/%D8%AE%D9%8A%D9%85%D8%A9+%D8%AD%D9%85%D9%87+%D9%84%D9%84%D9%85%D8%A3%D9%83%D9%88%D9%84%D8%A7%D8%AA+%D8%A7%D9%84%D8%AA%D9%82%D9%84%D9%8A%D8%AF%D9%8A%D8%A9/@32.478487,3.687887?authuser=0&hl=en&entry=ttu
Reviews: 78 reviews

Name: mqh~ qr`ny
link: https://www.google.com/maps/search/%D9%85%D9%82%D9%87%D9%89+%D9%82%D8%B1%D8%B9%D8%A7%D9%86%D9%8A/@32.533992999999995,3.6081659999999998?authuser=0&hl=en&entry=ttu
Reviews: 3 reviews

Name: CAFE BEN AMCHA
link: https://www.google.com/maps/search/CAF%C3%89+BEN+AMCHA/@32.5349096,3.6083445999999997?authuser=0&hl=en&entry=ttu
Reviews: 1 reviews

Name: mqh~ `y'ly
link: https://www.google.com/maps/search/%D9%85%D9%82%D9%87%D9%89+%D8%B9%D8%A7%D8%A6%D9%84%D9%8A/@32.5139821,3.6760147?authuser=0&hl=en&entry=ttu
Reviews: 0 reviews

Name: Cafe casa dr lqhw@
link: https://www.google.com/maps/search/Cafe+casa+%D8%AF%D8%A7%D8%B1+%D8%A7%D9%84%D9%82%D9%87%D9%88%D8%A9/@32.477673200000005,3.6886449?authuser=0&hl=en&entry=ttu
Reviews: 0 reviews",2,,Complex Ajim mrkb 'jym lsyHy (Owner),,https://lh5.googleusercontent.com/p/AF1QipODRt5HU_94jzPlquMLQvcUx5x5K8ZSU59WP8VU=w408-h907-k-no,Coffee shop,Coffee shop,4.5,11 AM-9:30 PM,Open All Days,,"GJCM+MCW Complex Ajim mrkb 'jym lsyHy, Ghardaia 47000, Algeria",,https://www.google.com/maps/place/Complex+Ajim+%D9%85%D8%B1%D9%83%D8%A8+%D8%A3%D8%AC%D9%8A%D9%85+%D8%A7%D9%84%D8%B3%D9%8A%D8%A7%D8%AD%D9%8A%E2%80%AD/data=!4m7!3m6!1s0x12642554f25cd259:0x9db0e21690b37ac0!8m2!3d32.5217458!4d3.6335877!16s%2Fg%2F11t72mnxdd!19sChIJWdJc8lQlZBIRwHqzkBbisJ0?authuser=0&hl=en&rclk=1,Closed  Opens 11 AM,,0,0,0,1,1,,https://search.google.com/local/reviews?placeid=ChIJWdJc8lQlZBIRwHqzkBbisJ0&q=Complex+Ajim+%D9%85%D8%B1%D9%83%D8%A8+%D8%A3%D8%AC%D9%8A%D9%85+%D8%A7%D9%84%D8%B3%D9%8A%D8%A7%D8%AD%D9%8A%E2%80%AD&authuser=0&hl=en&gl=DZ,"32.5217458,3.6335876999999996",,lshbwr,GJCM+MCW,Ghardaia,47000,,DZ,Africa/Algiers,11362830446400600768,0x12642554f25cd259:0x9db0e21690b37ac0,,,,Dine-in,,"Wheelchair accessible entrance, Wheelchair accessible parking lot, Wheelchair accessible restroom, Wheelchair accessible seating",,"Coffee, Small plates",,"Breakfast, Brunch, Lunch, Dinner, Catering, Dessert, Seating",,Restroom,,Cozy,,Groups,,"Good for kids, High chairs",,"Monday: 11 AM-9:30 PM
Tuesday: 11 AM-9:30 PM
Wednesday: 11 AM-9:30 PM
Thursday: 11 AM-9:30 PM
Friday: 11 AM-9:30 PM
Saturday: 11 AM-9:30 PM
Sunday: 11 AM-9:30 PM",Not Present,Not Present,Accepts reservations,,,
ChIJvTTtdvslZBIRiFAAYWkTjRM,CAFE BEN AMCHA,,False,"Name: mwd Gdhy'y@ `nd Zhr
link: https://www.google.com/maps/search/%D9%85%D9%88%D8%A7%D8%AF+%D8%BA%D8%B0%D8%A7%D8%A6%D9%8A%D8%A9+%D8%B9%D9%86%D8%AF+%D8%B8%D8%A7%D9%87%D8%B1/@32.5489925,3.6053661999999997?authuser=0&hl=en&entry=ttu
Reviews: 9 reviews

Name: mqh~ qr`ny
link: https://www.google.com/maps/search/%D9%85%D9%82%D9%87%D9%89+%D9%82%D8%B1%D8%B9%D8%A7%D9%86%D9%8A/@32.533992999999995,3.6081659999999998?authuser=0&hl=en&entry=ttu
Reviews: 3 reviews

Name: mqh~ bn `msh@
link: https://www.google.com/maps/search/%D9%85%D9%82%D9%87%D9%89+%D8%A8%D9%86+%D8%B9%D9%85%D8%B4%D8%A9/@32.5349065,3.6083347999999997?authuser=0&hl=en&entry=ttu
Reviews: 1 reviews

Name: khnn
link: https://www.google.com/maps/search/%D8%AE%D9%86%D8%A7%D9%86/@32.5391646,3.6159554999999997?authuser=0&hl=en&entry=ttu
Reviews: 1 reviews

Name: Pharmacie ben henia Sydly@ bn hny@
link: https://www.google.com/maps/search/Pharmacie+ben+henia+%D8%B5%D9%8A%D8%AF%D9%84%D9%8A%D8%A9+%D8%A8%D9%86+%D9%87%D9%86%D9%8A%D8%A9/@32.5362929,3.6116118?authuser=0&hl=en&entry=ttu
Reviews: 1 reviews",1,,CAFE BEN AMCHA (Owner),,,Coffee shop,Coffee shop,5,,Open All Days,,"GJM5+X89 CAFE BEN AMCHA, W147, Dhayet Bendhahoua, Algeria",,https://www.google.com/maps/place/CAF%C3%89+BEN+AMCHA/data=!4m7!3m6!1s0x126425fb76ed34bd:0x138d136961005088!8m2!3d32.5349096!4d3.6083446!16s%2Fg%2F11r9nycqnr!19sChIJvTTtdvslZBIRiFAAYWkTjRM?authuser=0&hl=en&rclk=1,,,0,0,0,0,1,,https://search.google.com/local/reviews?placeid=ChIJvTTtdvslZBIRiFAAYWkTjRM&q=CAF%C3%89+BEN+AMCHA&authuser=0&hl=en&gl=DZ,"32.5349096,3.6083445999999997",,Dhayet Bendhahoua,"GJM5+X89, Ave de L'A.L.N",Dhayet Bendhahoua,,,DZ,Africa/Algiers,1408803601756737672,0x126425fb76ed34bd:0x138d136961005088,,,,,,"Wheelchair accessible entrance, Wheelchair accessible parking lot, Wheelchair accessible restroom, Wheelchair accessible seating",,Coffee,,"Breakfast, Lunch, Dessert",,Restroom,,Cozy,,Groups,,,,,Not Present,Not Present,,,,
ChIJg2gtRBUpZBIR4u-JkAG0jlo,Cafe casa dr lqhw@,,False,"Name: Cafe crystal
link: https://www.google.com/maps/search/Cafe+crystal/@32.484876199999995,3.6788825999999997?authuser=0&hl=en&entry=ttu
Reviews: 5 reviews

Name: coffee shop
link: https://www.google.com/maps/search/coffee+shop/@32.4788559,3.6883217999999998?authuser=0&hl=en&entry=ttu
Reviews: 0 reviews",,,Cafe casa dr lqhw@ (Owner),,https://lh5.googleusercontent.com/p/AF1QipO-BotQyuRO8z2cVUI3I7jGo5UAeMhMPA6njFZe=w426-h240-k-no,Coffee shop,Coffee shop,,5 AM-9 PM,Open All Days,,"FMHQ+3F6 Cafe casa dr lqhw@, Av. du 1er Novembre, Ghardaia, Algeria",,https://www.google.com/maps/place/Cafe+casa+%D8%AF%D8%A7%D8%B1+%D8%A7%D9%84%D9%82%D9%87%D9%88%D8%A9%E2%80%AD/data=!4m7!3m6!1s0x12642915442d6883:0x5a8eb4019089efe2!8m2!3d32.4776732!4d3.6886449!16s%2Fg%2F11rtscptw2!19sChIJg2gtRBUpZBIR4u-JkAG0jlo?authuser=0&hl=en&rclk=1,Open  Closes 9 PM,,,,,,,,https://search.google.com/local/reviews?placeid=ChIJg2gtRBUpZBIR4u-JkAG0jlo&q=Cafe+casa+%D8%AF%D8%A7%D8%B1+%D8%A7%D9%84%D9%82%D9%87%D9%88%D8%A9%E2%80%AD&authuser=0&hl=en&gl=DZ,"32.4776732,3.6886449",,Ghardaia,"FMHQ+3F6, Av. du 1er Novembre",Ghardaia,,,DZ,Africa/Algiers,6525350828919353314,0x12642915442d6883:0x5a8eb4019089efe2,,,,Dine-in,,"Wheelchair accessible entrance, Wheelchair accessible seating",,"Coffee, Small plates",,"Breakfast, Dessert",,Restroom,,Cozy,,Groups,,,,"Monday: 5 AM-9 PM
Tuesday: 5 AM-9 PM
Wednesday: 5 AM-9 PM
Thursday: 5 AM-9 PM
Friday: 5 AM-9 PM
Saturday: 5 AM-9 PM
Sunday: 5 AM-9 PM","6 AM, 3 PM, 4 PM
---
Time Label: 6 AM
Average Popularity: 36.142857142857146

Time Label: 3 PM
Average Popularity: 34.57142857142857

Time Label: 4 PM
Average Popularity: 33.0","Monday:
    4 AM: 0% | Idle
    5 AM: 0% | Idle
    6 AM: 22% | Usually not too busy
    7 AM: 44% | Usually not too busy
    8 AM: 88% | Usually as busy as it gets
    9 AM: 55% | Usually a little busy
    10 AM: 55% | Usually a little busy
    11 AM: 88% | Usually as busy as it gets
    12 PM: 77% | Usually a little busy
    1 PM: 55% | Usually a little busy
    2 PM: 11% | Usually not busy
    3 PM: 0% | Idle
    4 PM: 0% | Idle
    5 PM: 11% | Usually not busy
    6 PM: 0% | Idle
    7 PM: 11% | Usually not busy
    8 PM: 0% | Idle
    9 PM: 0% | Idle

Tuesday:
    4 AM: 0% | Idle
    5 AM: 11% | Usually not busy
    6 AM: 22% | Usually not too busy
    7 AM: 66% | Usually a little busy
    8 AM: 88% | Usually as busy as it gets
    9 AM: 55% | Usually a little busy
    10 AM: 22% | Usually not too busy
    11 AM: 0% | Idle
    12 PM: 0% | Idle
    1 PM: 11% | Usually not busy
    2 PM: 22% | Usually not too busy
    3 PM: 44% | Usually not too busy
    4 PM: 33% | Usually not too busy
    5 PM: 11% | Usually not busy
    6 PM: 11% | Usually not busy
    7 PM: 22% | Usually not too busy
    8 PM: 55% | Usually a little busy
    9 PM: 0% | Idle

Wednesday:
    4 AM: 0% | Idle
    5 AM: 22% | Usually not too busy
    6 AM: 11% | Usually not busy
    7 AM: 0% | Idle
    8 AM: 0% | Idle
    9 AM: 0% | Idle
    10 AM: 11% | Usually not busy
    11 AM: 33% | Usually not too busy
    12 PM: 55% | Usually a little busy
    1 PM: 55% | Usually a little busy
    2 PM: 44% | Usually not too busy
    3 PM: 55% | Usually a little busy
    4 PM: 55% | Usually a little busy
    5 PM: 22% | Usually not too busy
    6 PM: 0% | Idle
    7 PM: 11% | Usually not busy
    8 PM: 33% | Usually not too busy
    9 PM: 0% | Idle

Thursday:
    4 AM: 0% | Idle
    5 AM: 11% | Usually not busy
    6 AM: 0% | Idle
    7 AM: 0% | Idle
    8 AM: 11% | Usually not busy
    9 AM: 33% | Usually not too busy
    10 AM: 77% | Usually a little busy
    11 AM: 66% | Usually a little busy
    12 PM: 44% | Usually not too busy
    1 PM: 22% | Usually not too busy
    2 PM: 22% | Usually not too busy
    3 PM: 55% | Usually a little busy
    4 PM: 44% | Usually not too busy
    5 PM: 22% | Usually not too busy
    6 PM: 11% | Usually not busy
    7 PM: 22% | Usually not too busy
    8 PM: 55% | Usually a little busy
    9 PM: 0% | Idle

Friday:
    4 AM: 0% | Idle
    5 AM: 44% | Usually not too busy
    6 AM: 88% | Usually as busy as it gets
    7 AM: 44% | Usually not too busy
    8 AM: 22% | Usually not too busy
    9 AM: 0% | Idle
    10 AM: 11% | Usually not busy
    11 AM: 0% | Idle
    12 PM: 0% | Idle
    1 PM: 0% | Idle
    2 PM: 11% | Usually not busy
    3 PM: 22% | Usually not too busy
    4 PM: 22% | Usually not too busy
    5 PM: 22% | Usually not too busy
    6 PM: 22% | Usually not too busy
    7 PM: 33% | Usually not too busy
    8 PM: 11% | Usually not busy
    9 PM: 0% | Idle

Saturday:
    4 AM: 0% | Idle
    5 AM: 100% | Usually as busy as it gets
    6 AM: 66% | Usually a little busy
    7 AM: 33% | Usually not too busy
    8 AM: 0% | Idle
    9 AM: 11% | Usually not busy
    10 AM: 22% | Usually not too busy
    11 AM: 11% | Usually not busy
    12 PM: 0% | Idle
    1 PM: 0% | Idle
    2 PM: 0% | Idle
    3 PM: 22% | Usually not too busy
    4 PM: 33% | Usually not too busy
    5 PM: 33% | Usually not too busy
    6 PM: 44% | Usually not too busy
    7 PM: 55% | Usually a little busy
    8 PM: 22% | Usually not too busy
    9 PM: 0% | Idle

Sunday:
    4 AM: 0% | Idle
    5 AM: 33% | Usually not too busy
    6 AM: 44% | Usually not too busy
    7 AM: 33% | Usually not too busy
    8 AM: 11% | Usually not busy
    9 AM: 0% | Idle
    10 AM: 0% | Idle
    11 AM: 0% | Idle
    12 PM: 11% | Usually not busy
    1 PM: 33% | Usually not too busy
    2 PM: 66% | Usually a little busy
    3 PM: 44% | Usually not too busy
    4 PM: 44% | Usually not too busy
    5 PM: 22% | Usually not too busy
    6 PM: 22% | Usually not too busy
    7 PM: 55% | Usually a little busy
    8 PM: 44% | Usually not too busy
    9 PM: 0% | Idle",Accepts reservations,,,
ChIJ1V821wMpZBIRjflmZsnXzwA,coffee shop,,False,"Name: Cafe crystal
link: https://www.google.com/maps/search/Cafe+crystal/@32.484876199999995,3.6788825999999997?authuser=0&hl=en&entry=ttu
Reviews: 5 reviews

Name: mkhbz@ lbdr ljdyd@
link: https://www.google.com/maps/search/%D9%85%D8%AE%D8%A8%D8%B2%D8%A9+%D8%A7%D9%84%D8%A8%D8%AF%D8%B1+%D8%A7%D9%84%D8%AC%D8%AF%D9%8A%D8%AF%D8%A9/@32.4773117,3.6899189999999997?authuser=0&hl=en&entry=ttu
Reviews: 0 reviews",,,coffee shop (Owner),,,Coffee shop,Coffee shop,,,Open All Days,,"FMHQ+G8C coffee shop, Ghardaia, Algeria",,https://www.google.com/maps/place/coffee+shop/data=!4m7!3m6!1s0x12642903d7365fd5:0xcfd7c96666f98d!8m2!3d32.4788559!4d3.6883218!16s%2Fg%2F11ry7tt5gq!19sChIJ1V821wMpZBIRjflmZsnXzwA?authuser=0&hl=en&rclk=1,,,,,,,,,https://search.google.com/local/reviews?placeid=ChIJ1V821wMpZBIRjflmZsnXzwA&q=coffee+shop&authuser=0&hl=en&gl=DZ,"32.4788559,3.6883217999999998",,Ghardaia,FMHQ+G8C,Ghardaia,,,DZ,Africa/Algiers,58502580185528717,0x12642903d7365fd5:0xcfd7c96666f98d,,,,"Takeout, Dine-in",,"Wheelchair accessible entrance, Wheelchair accessible parking lot, Wheelchair accessible seating",,"Coffee, Small plates",,"Breakfast, Lunch, Dessert, Seating",,Restroom,,Cozy,,Groups,,"Good for kids, High chairs",,,Not Present,Not Present,,,,
ChIJUwFLbqwlZBIRkMr4yGHZWCI,mqh~ lhDb,,False,,,,mqh~ lhDb (Owner),,,Coffee shop,Coffee shop,,,Open All Days,,"FMQ5+CFF mqh~ lhDb, Ghardaia, Algeria",,https://www.google.com/maps/place/%D9%85%D9%82%D9%87%D9%89+%D8%A7%D9%84%D9%87%D8%B6%D8%A7%D8%A8%E2%80%AD/data=!4m7!3m6!1s0x126425ac6e4b0153:0x2258d961c8f8ca90!8m2!3d32.4885788!4d3.6586728!16s%2Fg%2F11v9y0z0by!19sChIJUwFLbqwlZBIRkMr4yGHZWCI?authuser=0&hl=en&rclk=1,,,,,,,,,https://search.google.com/local/reviews?placeid=ChIJUwFLbqwlZBIRkMr4yGHZWCI&q=%D9%85%D9%82%D9%87%D9%89+%D8%A7%D9%84%D9%87%D8%B6%D8%A7%D8%A8%E2%80%AD&authuser=0&hl=en&gl=DZ,"32.4885788,3.6586727999999997",,Ghardaia,FMQ5+CFF,Ghardaia,,,DZ,Africa/Algiers,2474967009246890640,0x126425ac6e4b0153:0x2258d961c8f8ca90,,,,,,,,Coffee,,,,,,Cozy,,Groups,,,,,Not Present,Not Present,,,,
ChIJebr--OonZBIR93-X1Pubw74,`myrwsh,,False,"Name: Cafeteria Keddici
link: https://www.google.com/maps/search/Cafeteria+Keddici/@32.4972609,3.6813045?authuser=0&hl=en&entry=ttu
Reviews: 6 reviews

Name: Cafe crystal
link: https://www.google.com/maps/search/Cafe+crystal/@32.484876199999995,3.6788825999999997?authuser=0&hl=en&entry=ttu
Reviews: 5 reviews

Name: mqh~ qr`ny
link: https://www.google.com/maps/search/%D9%85%D9%82%D9%87%D9%89+%D9%82%D8%B1%D8%B9%D8%A7%D9%86%D9%8A/@32.533992999999995,3.6081659999999998?authuser=0&hl=en&entry=ttu
Reviews: 3 reviews

Name: coffee shop
link: https://www.google.com/maps/search/coffee+shop/@32.4788559,3.6883217999999998?authuser=0&hl=en&entry=ttu
Reviews: 0 reviews",,,`myrwsh (Owner),,,Coffee shop,Coffee shop,,,Open All Days,,"GMGC+PMJ `myrwsh, N1, Ghardaia, Algeria",,https://www.google.com/maps/place/%D8%B9%D9%85%D9%8A%D8%B1%D9%88%D8%B4%E2%80%AD/data=!4m7!3m6!1s0x126427eaf8feba79:0xbec39bfbd4977ff7!8m2!3d32.5266608!4d3.6715207!16s%2Fg%2F11t7knb4cj!19sChIJebr--OonZBIR93-X1Pubw74?authuser=0&hl=en&rclk=1,,,,,,,,,https://search.google.com/local/reviews?placeid=ChIJebr--OonZBIR93-X1Pubw74&q=%D8%B9%D9%85%D9%8A%D8%B1%D9%88%D8%B4%E2%80%AD&authuser=0&hl=en&gl=DZ,"32.5266608,3.6715207",,Bou Haroua,"GMGC+PMJ, N1",Ghardaia,,,DZ,Africa/Algiers,13746001993570680823,0x126427eaf8feba79:0xbec39bfbd4977ff7,,,,Dine-in,,"Wheelchair accessible entrance, Wheelchair accessible parking lot, Wheelchair accessible restroom, Wheelchair accessible seating",,"Alcohol, Cocktails, Coffee, Small plates",,"Breakfast, Brunch, Lunch, Dessert",,Restroom,,Cozy,,Groups,,Good for kids,,,Not Present,Not Present,Accepts reservations,,,
ChIJwQu6vBcnZBIRy5jfwLmDtJI,(shy wmksrt) l`zyz - Tea & Nuts) El Aziz),,False,"Name: Baaziz Resturant
link: https://www.google.com/maps/search/Baaziz+Resturant/@32.476927499999995,3.6934662000000005?authuser=0&hl=en&entry=ttu
Reviews: 7 reviews

Name: Bacha Nuts
link: https://www.google.com/maps/search/B%C3%A2cha+Nuts/@32.4968667,3.6382539000000005?authuser=0&hl=en&entry=ttu
Reviews: 5 reviews

Name: Supermarket Quick Shop
link: https://www.google.com/maps/search/Supermarket+Quick+Shop/@32.486801899999996,3.6975779999999996?authuser=0&hl=en&entry=ttu
Reviews: 3 reviews

Name: mHl Hlwyt wmksrt lzyn / m.l 'sm@
link: https://www.google.com/maps/search/%D9%85%D8%AD%D9%84+%D8%AD%D9%84%D9%88%D9%8A%D8%A7%D8%AA+%D9%88%D9%85%D9%83%D8%B3%D8%B1%D8%A7%D8%AA+%D8%A7%D9%84%D8%B2%D9%8A%D9%86+%2F+%D9%85.%D9%84+%D8%A3%D8%B3%D8%A7%D9%85%D8%A9/@32.2694915,3.6326973999999996?authuser=0&hl=en&entry=ttu
Reviews: 1 reviews",,,(shy wmksrt) l`zyz - Tea & Nuts) El Aziz) (Owner),,https://lh5.googleusercontent.com/p/AF1QipMPXoHBNmcDhcqsgq0B9Q4sBpceuoVkXYKSj15Q=w408-h306-k-no,Coffee shop,Coffee shop,,Open 24 hours,Open All Days,,"FMPW+VRC (shy wmksrt) l`zyz - Tea & Nuts) El Aziz), Hy l'myr `bd lqdr sydy '`bz,, Algeria",,https://www.google.com/maps/place/%28%D8%B4%D8%A7%D9%8A+%D9%88%D9%85%D9%83%D8%B3%D8%B1%D8%A7%D8%AA%29+%D8%A7%D9%84%D8%B9%D8%B2%D9%8A%D8%B2+-+Tea+%26+Nuts%29+El+Aziz%29%E2%80%AD/data=!4m7!3m6!1s0x12642717bcba0bc1:0x92b483b9c0df98cb!8m2!3d32.4871837!4d3.6970284!16s%2Fg%2F11jchvfmlr!19sChIJwQu6vBcnZBIRy5jfwLmDtJI?authuser=0&hl=en&rclk=1,Open 24 hours,,,,,,,,https://search.google.com/local/reviews?placeid=ChIJwQu6vBcnZBIRy5jfwLmDtJI&q=%28%D8%B4%D8%A7%D9%8A+%D9%88%D9%85%D9%83%D8%B3%D8%B1%D8%A7%D8%AA%29+%D8%A7%D9%84%D8%B9%D8%B2%D9%8A%D8%B2+-+Tea+%26+Nuts%29+El+Aziz%29%E2%80%AD&authuser=0&hl=en&gl=DZ,"32.487183699999996,3.6970283999999998",,Bounoura,"FMPW+VRC, Hy l'myr `bd lqdr sydy '`bz,",Bounoura,,,DZ,Africa/Algiers,10571219059173464267,0x12642717bcba0bc1:0x92b483b9c0df98cb,,,,"Takeout, Dine-in",,"Wheelchair accessible entrance, Wheelchair accessible parking lot",,"Coffee, Late-night food, Small plates",,"Breakfast, Brunch, Lunch, Dinner, Dessert",,Restroom,,Cozy,,Groups,,Good for kids,,"Monday: Open 24 hours
Tuesday: Open 24 hours
Wednesday: Open 24 hours
Thursday: Open 24 hours
Friday: Open 24 hours
Saturday: Open 24 hours
Sunday: Open 24 hours","6 PM, 5 PM, 12 PM
---
Time Label: 6 PM
Average Popularity: 50.285714285714285

Time Label: 5 PM
Average Popularity: 47.142857142857146

Time Label: 12 PM
Average Popularity: 40.857142857142854","Monday:
    4 AM: 33% | Usually not too busy
    5 AM: 22% | Usually not too busy
    6 AM: 22% | Usually not too busy
    7 AM: 44% | Usually not too busy
    8 AM: 33% | Usually not too busy
    9 AM: 44% | Usually not too busy
    10 AM: 55% | Usually a little busy
    11 AM: 22% | Usually not too busy
    12 PM: 33% | Usually not too busy
    1 PM: 33% | Usually not too busy
    2 PM: 11% | Usually not busy
    3 PM: 0% | Idle
    4 PM: 11% | Usually not busy
    5 PM: 22% | Usually not too busy
    6 PM: 55% | Usually a little busy
    7 PM: 22% | Usually not too busy
    8 PM: 11% | Usually not busy
    9 PM: 0% | Idle
    10 PM: 0% | Idle
    11 PM: 11% | Usually not busy
    12 AM: 22% | Usually not too busy
    1 AM: 44% | Usually not too busy
    2 AM: 22% | Usually not too busy
    3 AM: 33% | Usually not too busy

Tuesday:
    4 AM: 0% | Idle
    5 AM: 0% | Idle
    6 AM: 0% | Idle
    7 AM: 0% | Idle
    8 AM: 0% | Idle
    9 AM: 0% | Idle
    10 AM: 0% | Idle
    11 AM: 0% | Idle
    12 PM: 11% | Usually not busy
    1 PM: 22% | Usually not too busy
    2 PM: 11% | Usually not busy
    3 PM: 0% | Idle
    4 PM: 0% | Idle
    5 PM: 11% | Usually not busy
    6 PM: 33% | Usually not too busy
    7 PM: 11% | Usually not busy
    8 PM: 11% | Usually not busy
    9 PM: 11% | Usually not busy
    10 PM: 22% | Usually not too busy
    11 PM: 11% | Usually not busy
    12 AM: 0% | Idle
    1 AM: 0% | Idle
    2 AM: 0% | Idle
    3 AM: 0% | Idle

Wednesday:
    4 AM: 100% | Usually as busy as it gets
    5 AM: 44% | Usually not too busy
    6 AM: 22% | Usually not too busy
    7 AM: 0% | Idle
    8 AM: 22% | Usually not too busy
    9 AM: 44% | Usually not too busy
    10 AM: 66% | Usually a little busy
    11 AM: 55% | Usually a little busy
    12 PM: 77% | Usually a little busy
    1 PM: 44% | Usually not too busy
    2 PM: 44% | Usually not too busy
    3 PM: 77% | Usually a little busy
    4 PM: 77% | Usually a little busy
    5 PM: 55% | Usually a little busy
    6 PM: 77% | Usually a little busy
    7 PM: 55% | Usually a little busy
    8 PM: 22% | Usually not too busy
    9 PM: 0% | Idle
    10 PM: 0% | Idle
    11 PM: 11% | Usually not busy
    12 AM: 11% | Usually not busy
    1 AM: 22% | Usually not too busy
    2 AM: 44% | Usually not too busy
    3 AM: 66% | Usually a little busy

Thursday:
    4 AM: 11% | Usually not busy
    5 AM: 33% | Usually not too busy
    6 AM: 66% | Usually a little busy
    7 AM: 77% | Usually a little busy
    8 AM: 33% | Usually not too busy
    9 AM: 33% | Usually not too busy
    10 AM: 22% | Usually not too busy
    11 AM: 55% | Usually a little busy
    12 PM: 55% | Usually a little busy
    1 PM: 55% | Usually a little busy
    2 PM: 44% | Usually not too busy
    3 PM: 33% | Usually not too busy
    4 PM: 55% | Usually a little busy
    5 PM: 55% | Usually a little busy
    6 PM: 88% | Usually as busy as it gets
    7 PM: 77% | Usually a little busy
    8 PM: 33% | Usually not too busy
    9 PM: 11% | Usually not busy
    10 PM: 0% | Idle
    11 PM: 11% | Usually not busy
    12 AM: 22% | Usually not too busy
    1 AM: 11% | Usually not busy
    2 AM: 0% | Idle
    3 AM: 0% | Idle

Friday:
    4 AM: 11% | Usually not busy
    5 AM: 0% | Idle
    6 AM: 0% | Idle
    7 AM: 11% | Usually not busy
    8 AM: 33% | Usually not too busy
    9 AM: 11% | Usually not busy
    10 AM: 0% | Idle
    11 AM: 0% | Idle
    12 PM: 22% | Usually not too busy
    1 PM: 33% | Usually not too busy
    2 PM: 11% | Usually not busy
    3 PM: 22% | Usually not too busy
    4 PM: 44% | Usually not too busy
    5 PM: 88% | Usually as busy as it gets
    6 PM: 44% | Usually not too busy
    7 PM: 22% | Usually not too busy
    8 PM: 0% | Idle
    9 PM: 0% | Idle
    10 PM: 0% | Idle
    11 PM: 0% | Idle
    12 AM: 0% | Idle
    1 AM: 0% | Idle
    2 AM: 11% | Usually not busy
    3 AM: 22% | Usually not too busy

Saturday:
    4 AM: 44% | Usually not too busy
    5 AM: 22% | Usually not too busy
    6 AM: 11% | Usually not busy
    7 AM: 22% | Usually not too busy
    8 AM: 22% | Usually not too busy
    9 AM: 11% | Usually not busy
    10 AM: 0% | Idle
    11 AM: 0% | Idle
    12 PM: 22% | Usually not too busy
    1 PM: 44% | Usually not too busy
    2 PM: 33% | Usually not too busy
    3 PM: 44% | Usually not too busy
    4 PM: 22% | Usually not too busy
    5 PM: 11% | Usually not busy
    6 PM: 0% | Idle
    7 PM: 0% | Idle
    8 PM: 0% | Idle
    9 PM: 0% | Idle
    10 PM: 0% | Idle
    11 PM: 11% | Usually not busy
    12 AM: 0% | Idle
    1 AM: 22% | Usually not too busy
    2 AM: 33% | Usually not too busy
    3 AM: 44% | Usually not too busy

Sunday:
    4 AM: 0% | Idle
    5 AM: 11% | Usually not busy
    6 AM: 11% | Usually not busy
    7 AM: 0% | Idle
    8 AM: 0% | Idle
    9 AM: 0% | Idle
    10 AM: 22% | Usually not too busy
    11 AM: 44% | Usually not too busy
    12 PM: 66% | Usually a little busy
    1 PM: 22% | Usually not too busy
    2 PM: 11% | Usually not busy
    3 PM: 22% | Usually not too busy
    4 PM: 55% | Usually a little busy
    5 PM: 88% | Usually as busy as it gets
    6 PM: 55% | Usually a little busy
    7 PM: 55% | Usually a little busy
    8 PM: 33% | Usually not too busy
    9 PM: 44% | Usually not too busy
    10 PM: 44% | Usually not too busy
    11 PM: 77% | Usually a little busy
    12 AM: 66% | Usually a little busy
    1 AM: 77% | Usually a little busy
    2 AM: 44% | Usually not too busy
    3 AM: 22% | Usually not too busy",,,,
ChIJC98AzpopZBIRrV1Im7KP9uk,qhw@ lf rk,,False,"Name: coffee shop
link: https://www.google.com/maps/search/coffee+shop/@32.4788559,3.6883217999999998?authuser=0&hl=en&entry=ttu
Reviews: 0 reviews",,,qhw@ lf rk (Owner),,,Coffee shop,Coffee shop,,,Open All Days,,"FMHR+JV7 qhw@ lf rk, FMHR+JWF, bnwr@,, Ghardaia, Algeria",,https://www.google.com/maps/place/%D9%82%D9%87%D9%88%D8%A9+%D8%A7%D9%84%D9%81+%D8%B1%D8%A7%D9%83%E2%80%AD/data=!4m7!3m6!1s0x1264299ace00df0b:0xe9f68fb29b485dad!8m2!3d32.4790388!4d3.6921577!16s%2Fg%2F11tj2n_bx5!19sChIJC98AzpopZBIRrV1Im7KP9uk?authuser=0&hl=en&rclk=1,,,,,,,,,https://search.google.com/local/reviews?placeid=ChIJC98AzpopZBIRrV1Im7KP9uk&q=%D9%82%D9%87%D9%88%D8%A9+%D8%A7%D9%84%D9%81+%D8%B1%D8%A7%D9%83%E2%80%AD&authuser=0&hl=en&gl=DZ,"32.4790388,3.6921576999999997",,Bounoura,"FMHR+JV7, FMHR+JWF, bnwr@,",Ghardaia,,,DZ,Africa/Algiers,16858820252380192173,0x1264299ace00df0b:0xe9f68fb29b485dad,,,,,,"Wheelchair accessible entrance, Wheelchair accessible parking lot",,Coffee,,Dessert,,Restroom,,Cozy,,Groups,,,,,Not Present,Not Present,,,,
ChIJF5Wddq8nZBIRLAWwUHI5iz8,boissons obama,,False,"Name: mkhbz@
link: https://www.google.com/maps/search/%D9%85%D8%AE%D8%A8%D8%B2%D8%A9/@32.4852434,3.6973254?authuser=0&hl=en&entry=ttu
Reviews: 2 reviews

Name: mqh~ bn `msh@
link: https://www.google.com/maps/search/%D9%85%D9%82%D9%87%D9%89+%D8%A8%D9%86+%D8%B9%D9%85%D8%B4%D8%A9/@32.5349065,3.6083347999999997?authuser=0&hl=en&entry=ttu
Reviews: 1 reviews

Name: Nakhla Food
link: https://www.google.com/maps/search/Nakhla+Food/@32.4841725,3.6984615?authuser=0&hl=en&entry=ttu
Reviews: 0 reviews

Name: mwd Gdhy'y@ `m@
link: https://www.google.com/maps/search/%D9%85%D9%88%D8%A7%D8%AF+%D8%BA%D8%B0%D8%A7%D8%A6%D9%8A%D8%A9+%D8%B9%D8%A7%D9%85%D8%A9/@32.4850758,3.6986079000000003?authuser=0&hl=en&entry=ttu
Reviews: 0 reviews",,,boissons obama (Owner),,,Coffee shop,Coffee shop,,,Open All Days,,"FPM2+FM8 boissons obama, Bounoura, Algeria",,https://www.google.com/maps/place/boissons+obama/data=!4m7!3m6!1s0x126427af769d9517:0x3f8b397250b0052c!8m2!3d32.4836654!4d3.7016986!16s%2Fg%2F11s4y4x7_5!19sChIJF5Wddq8nZBIRLAWwUHI5iz8?authuser=0&hl=en&rclk=1,,,,,,,,,https://search.google.com/local/reviews?placeid=ChIJF5Wddq8nZBIRLAWwUHI5iz8&q=boissons+obama&authuser=0&hl=en&gl=DZ,"32.4836654,3.7016986",,Bounoura,FPM2+FM8,Bounoura,,,DZ,Africa/Algiers,4578816609295009068,0x126427af769d9517:0x3f8b397250b0052c,,,,"Takeout, Dine-in",,"Wheelchair accessible entrance, Wheelchair accessible parking lot, Wheelchair accessible restroom, Wheelchair accessible seating",,"Coffee, Small plates",,"Breakfast, Brunch, Lunch, Dinner, Catering, Dessert",,Restroom,,Cozy,,Groups,,Good for kids,,,Not Present,Not Present,Accepts reservations,,,
ChIJGzNvnUUnZBIRCnGUGqNPWvE,shy drr,,False,"Name: mqh~ qr`ny
link: https://www.google.com/maps/search/%D9%85%D9%82%D9%87%D9%89+%D9%82%D8%B1%D8%B9%D8%A7%D9%86%D9%8A/@32.533992999999995,3.6081659999999998?authuser=0&hl=en&entry=ttu
Reviews: 3 reviews

Name: coffee shop
link: https://www.google.com/maps/search/coffee+shop/@32.4788559,3.6883217999999998?authuser=0&hl=en&entry=ttu
Reviews: 0 reviews

Name: (shy wmksrt) l`zyz - Tea & Nuts) El Aziz)
link: https://www.google.com/maps/search/%28%D8%B4%D8%A7%D9%8A+%D9%88%D9%85%D9%83%D8%B3%D8%B1%D8%A7%D8%AA%29+%D8%A7%D9%84%D8%B9%D8%B2%D9%8A%D8%B2+-+Tea+%26+Nuts%29+El+Aziz%29/@32.487183699999996,3.6970283999999998?authuser=0&hl=en&entry=ttu
Reviews: 0 reviews

Name: Cafe casa dr lqhw@
link: https://www.google.com/maps/search/Cafe+casa+%D8%AF%D8%A7%D8%B1+%D8%A7%D9%84%D9%82%D9%87%D9%88%D8%A9/@32.477673200000005,3.6886449?authuser=0&hl=en&entry=ttu
Reviews: 0 reviews",,,shy drr (Owner),,https://lh5.googleusercontent.com/p/AF1QipNeLtTh_GXRJ6eDxQhbWm6XXNvgSr6WcYYqZZeT=w408-h725-k-no,Coffee shop,Coffee shop,,,Open All Days,,"FMPW+XQR shy drr, N1, Ghardaia, Algeria",,https://www.google.com/maps/place/%D8%B4%D8%A7%D9%8A+%D8%A7%D8%AF%D8%B1%D8%A7%D8%B1%E2%80%AD/data=!4m7!3m6!1s0x126427459d6f331b:0xf15a4fa31a94710a!8m2!3d32.4874799!4d3.696884!16s%2Fg%2F11sfrx06zn!19sChIJGzNvnUUnZBIRCnGUGqNPWvE?authuser=0&hl=en&rclk=1,,,,,,,,,https://search.google.com/local/reviews?placeid=ChIJGzNvnUUnZBIRCnGUGqNPWvE&q=%D8%B4%D8%A7%D9%8A+%D8%A7%D8%AF%D8%B1%D8%A7%D8%B1%E2%80%AD&authuser=0&hl=en&gl=DZ,"32.4874799,3.696884",,Bounoura,"FMPW+XQR, N1",Ghardaia,,,DZ,Africa/Algiers,17391300472988791050,0x126427459d6f331b:0xf15a4fa31a94710a,,,,,,,,Coffee,,,,,,,,,,,,,Not Present,Not Present,,,,
ChIJw5mt1vQpZBIR0Vsw_X0ey9c,cafeteria cido et aissa,,False,"Name: Cafeteria Keddici
link: https://www.google.com/maps/search/Cafeteria+Keddici/@32.4972609,3.6813045?authuser=0&hl=en&entry=ttu
Reviews: 6 reviews

Name: coffee shop
link: https://www.google.com/maps/search/coffee+shop/@32.4788559,3.6883217999999998?authuser=0&hl=en&entry=ttu
Reviews: 0 reviews",,,cafeteria cido et aissa (Owner),,,Coffee shop,Coffee shop,,,Open All Days,,"FMHM+V5X cafeteria cido et aissa, Ghardaia, Algeria",,https://www.google.com/maps/place/caf%C3%A9t%C3%A9ria+cido+et+aissa/data=!4m7!3m6!1s0x126429f4d6ad99c3:0xd7cb1e7dfd305bd1!8m2!3d32.4797409!4d3.6829919!16s%2Fg%2F11nsv3p2gz!19sChIJw5mt1vQpZBIR0Vsw_X0ey9c?authuser=0&hl=en&rclk=1,,,,,,,,,https://search.google.com/local/reviews?placeid=ChIJw5mt1vQpZBIR0Vsw_X0ey9c&q=caf%C3%A9t%C3%A9ria+cido+et+aissa&authuser=0&hl=en&gl=DZ,"32.479740899999996,3.6829918999999998",,Ghardaia,FMHM+V5X,Ghardaia,,,DZ,Africa/Algiers,15549555664894319569,0x126429f4d6ad99c3:0xd7cb1e7dfd305bd1,,,,,,,,Coffee,,,,,,,,,,,,,Not Present,Not Present,,,,
ChIJT7wMCr0pZBIRAmB8sHe6r_8,Sl@ qhw@ w shy,,False,"Name: coffee shop
link: https://www.google.com/maps/search/coffee+shop/@32.4788559,3.6883217999999998?authuser=0&hl=en&entry=ttu
Reviews: 0 reviews

Name: qhw@ lf rk
link: https://www.google.com/maps/search/%D9%82%D9%87%D9%88%D8%A9+%D8%A7%D9%84%D9%81+%D8%B1%D8%A7%D9%83/@32.4790388,3.6921576999999997?authuser=0&hl=en&entry=ttu
Reviews: 0 reviews",,,Sl@ qhw@ w shy (Owner),,,Coffee shop,Coffee shop,,,Open All Days,,"Sl@ qhw@ w shy, FMHR+F3F, Grdy@,, Algeria",,https://www.google.com/maps/place/%D8%B5%D8%A7%D9%84%D8%A9+%D9%82%D9%87%D9%88%D8%A9+%D9%88+%D8%B4%D8%A7%D9%8A%E2%80%AD/data=!4m7!3m6!1s0x126429bd0a0cbc4f:0xffafba77b07c6002!8m2!3d32.478701!4d3.6897862!16s%2Fg%2F11rjssvq57!19sChIJT7wMCr0pZBIRAmB8sHe6r_8?authuser=0&hl=en&rclk=1,,,,,,,,,https://search.google.com/local/reviews?placeid=ChIJT7wMCr0pZBIRAmB8sHe6r_8&q=%D8%B5%D8%A7%D9%84%D8%A9+%D9%82%D9%87%D9%88%D8%A9+%D9%88+%D8%B4%D8%A7%D9%8A%E2%80%AD&authuser=0&hl=en&gl=DZ,"32.478701,3.6897862","FMHQ+FW Ghardaia, Algeria",Ghardaia,"FMHR+F3F, Grdy@,",Ghardaia,,,DZ,Africa/Algiers,18424149623820804098,0x126429bd0a0cbc4f:0xffafba77b07c6002,,,,,,,,Coffee,,,,,,,,,,,,,Not Present,Not Present,,,,
